added_at,track_id,track_name,artist_id,artist_name,album_id,album_name,duration_ms,spotify_uri
2026-08-22T08:34:28Z,5sKXZhMd6eVKINKX2YVnAD,Butylochka - Remix,"4sTO5nmBIlTF35aTnt6U7n, 3k8nJjlX4arHWhC2WFelg9, 1oAtPfjSyQWY7rERuiYnpl","Luna, влад пиво, ANGUISH",5tRc56JYk2MFeWQzgcrApO,Butylochka (Remix),207031,spotify:track:5sKXZhMd6eVKINKX2YVnAD
2026-08-08T09:00:45Z,6Wy3X4jSszfisnRscJCHdq,I Like It Like That,76KY8JsK3XMQkjDiRZVprS,Pete Rodriguez,3jMsGvImaL1YxiTxNNIvvB,I Like It Like That,265080,spotify:track:6Wy3X4jSszfisnRscJCHdq
2026-08-08T08:59:23Z,1Fp4njyRHJYyMTKP899c0q,El Preso,"5aAlzehdUM14I4ppq24Xob, 43zrpWYGTWyHmRAmhE07u0","Fruko Y Sus Tesos, Wilson ""Saoko"" Manyoma",4VwcUaZ0yWCHp9hEDue09C,Fruko el Grande,294000,spotify:track:1Fp4njyRHJYyMTKP899c0q
2026-08-08T08:55:05Z,0pX477ap2l86BbHfKTncpM,Aguanile,"7x5Slu7yTE5icZjNsc3OzW, 7opp16lU7VM3l2WBdGMYHP","Willie Colón, Héctor Lavoe",3VGeuVPBeITXJwWt2YUPZW,El Juicio,369120,spotify:track:0pX477ap2l86BbHfKTncpM
2026-08-02T12:28:27Z,0ezF0HaxaCWZP9vQFFc2Dp,Epilogue,5X0N2k3qMnI8kSrGJT3kfT,Eluveitie,6Xo3icopNx9jX1NcDLjF5Q,Helvetios,194066,spotify:track:0ezF0HaxaCWZP9vQFFc2Dp
2026-08-01T18:42:15Z,1698aNMPILGiLdGBWf7hxG,Arti Kochi (One man),3dAEq41JGtgeY7XLE7EIWf,Trio Mandili,4rRXORO2sbOjra4E7uM0oZ,Sakartvelo,140010,spotify:track:1698aNMPILGiLdGBWf7hxG
2026-07-31T20:09:48Z,4Qs2KRzOhuxAbUIfIM3OMt,Un Padre Nuestro en la Playa,3QggtBYoRVDqpIibHKnMgu,Hugo Blanco,269P0n4J1iQ1PCzRYAtmPY,Bailables Con Sabor,171023,spotify:track:4Qs2KRzOhuxAbUIfIM3OMt
2026-07-31T19:59:34Z,6Y6PTCU5SOHkYLTsJdPTYL,Cumbia Sabrosa,"1RTUnSytoC6UCzLOg1pqFB, 4w1BO4diPoA5UNGGDvC6ek","Climaco Sarmiento Y Su Orquesta, Gustavo Rada",2TQHzk1Z7XRiZXdP1DPf7N,Bombo y Maracas,143963,spotify:track:6Y6PTCU5SOHkYLTsJdPTYL
2026-07-29T19:44:36Z,2anssK06Mo1w0SipPJu9fb,Se non li conoscete,3xEbE0qDWODu9m0HmAtsoz,Fausto Amodei,0CmqM2V8shEioS3OsEaUEx,Se Non Li Conoscete,301533,spotify:track:2anssK06Mo1w0SipPJu9fb
2026-07-26T16:43:41Z,6vcgMBMmbpQVj59wyLkvC7,Banana Brain,6urkHDoIVO1WO8vNIwcJmM,Die Antwoord,4FrKhXf6FmfUjTy2fPcmiI,Mount Ninji And Da Nice Time Kid,288738,spotify:track:6vcgMBMmbpQVj59wyLkvC7
2026-07-25T16:48:39Z,5Cc2minGCUXdN4m4OI8qk8,Mila,"1Vc1Ee6zcCiNlHif11Mge6, 2jvxZPdgKU6w1d1GqHW3aC","Violaine Cochard, Tram des Balkans",5FqwFohYYndru61xFfEIB3,ToccaTram,653200,spotify:track:5Cc2minGCUXdN4m4OI8qk8
2026-07-25T00:03:21Z,4ES1CegQswBr7B3H8CqdIa,Khade Sukar,2jvxZPdgKU6w1d1GqHW3aC,Tram des Balkans,24H59b9Hvog3hQGCmNVA7I,Shtiríp' Tour (Live),179266,spotify:track:4ES1CegQswBr7B3H8CqdIa
2026-07-24T14:46:12Z,1nFGUVmxnDJAMmez5SO1ZU,Ussa sa,03nsyOnBF0Z1mtkNXP9XoC,Acquaragia Drom,6THdnaokjVbZiXzDP9Yfbn,Zingari,338066,spotify:track:1nFGUVmxnDJAMmez5SO1ZU
2026-07-22T20:12:34Z,7gMFVhNWLrVRjiMQ9Pwth5,Sento Un Morso Dolce,"1ntP294de9KGcB3pTfpGfJ, 6qSYb2AiQlXlAoa50vLx5m","C'mon Tigre, Giovanni Truppi",3glCxDLdGv7lRijvfycOEC,Habitat,208120,spotify:track:7gMFVhNWLrVRjiMQ9Pwth5
2026-07-21T12:03:52Z,3wC83yTUB6ub3szPz0QtLY,Ergen Deda / Bre Petrunko - Mashup,1aYSMynNn8VoP7QRHL5weF,Cocodettes,4wkTFl13odUaVfl96MU9j6,Ergen Deda / Bre Petrunko (Mashup),149714,spotify:track:3wC83yTUB6ub3szPz0QtLY
2026-07-21T10:16:46Z,28Gw2Umqo3YI73KYwTEZLu,Qrizantemebi,3dAEq41JGtgeY7XLE7EIWf,Trio Mandili,5JRMjnb8eoCI88O6OyedUw,With Love,175336,spotify:track:28Gw2Umqo3YI73KYwTEZLu
2026-07-21T10:13:33Z,51pU8LOjDOrRus4ODIOqht,Sztoj pa moru,0dJ5KNObzuV2aK76ucVV1l,Laboratorium Pieśni,28rtaj5xHuX8oSNRV4bU2v,Rosna,220796,spotify:track:51pU8LOjDOrRus4ODIOqht
2026-07-11T22:09:16Z,3ztvonnT0D1yP9dwA4zPMs,Io centro con i missili,4ABwY5eHGrrwcv13gdDe55,Pop X,3CAoGfxNiqxpCEaviEg9e3,Best Of,192000,spotify:track:3ztvonnT0D1yP9dwA4zPMs
2026-07-11T21:42:46Z,3x1WWJnYzqzUGm9tJ8fve8,Azzurra,4ABwY5eHGrrwcv13gdDe55,Pop X,4B6qFXzEa4AWI3XjmauQQj,Lesbianitj,209506,spotify:track:3x1WWJnYzqzUGm9tJ8fve8
2026-07-09T19:07:15Z,3kbx3iSCgDwXj2BXbn3xpi,Khade sukar,5hBCfYFEDK8otrksMYuzoL,Parno Graszt,6k0yvC9DhUXrYiQomZ1NZj,Hit the Piano,207240,spotify:track:3kbx3iSCgDwXj2BXbn3xpi
2026-07-09T19:04:35Z,5S40VcW9BvEotEcgXpfTR0,Sehol sem talállak,5hBCfYFEDK8otrksMYuzoL,Parno Graszt,1l3Y1NWpMHiYdAX6rWB1le,Már nem szédülök (Rolling back),228000,spotify:track:5S40VcW9BvEotEcgXpfTR0
2026-07-09T19:04:24Z,2ozYmK1sTcNYfSeGtlC3nN,A Muki fia,5hBCfYFEDK8otrksMYuzoL,Parno Graszt,6eXUS5Smg1CkzQbbB2KaVo,Ez a világ nekem való,221453,spotify:track:2ozYmK1sTcNYfSeGtlC3nN
2026-07-09T19:04:02Z,67gHdGgOFyGHoI5iT24uu1,Rávágok a zongorára,5hBCfYFEDK8otrksMYuzoL,Parno Graszt,6k0yvC9DhUXrYiQomZ1NZj,Hit the Piano,167160,spotify:track:67gHdGgOFyGHoI5iT24uu1
2026-07-09T10:29:21Z,1WjcX541kITk0ACPf5K6Bp,Rats,1Qp56T7n950O3EGMsSl81D,Ghost,6128JCa2uBqHWia5AzJOKV,Prequelle,261573,spotify:track:1WjcX541kITk0ACPf5K6Bp
2026-07-06T14:31:29Z,2UF9kkXTklmraTDl3ytDL4,Jarba (Grass),"3RYu7rTmtApWePpLFzhk5e, 10dJdLX0jKqee5Fn0VxMA5","Zoltán Horváth, Kanizsa Csillagai",3sn7TvAEWmAeRGvLLcF4XK,Gypsies from Hungary,220093,spotify:track:2UF9kkXTklmraTDl3ytDL4
2026-07-05T19:46:57Z,6mMBx0IP6Aav0KlCGOzayl,Kakhuri (Kakhetian),3dAEq41JGtgeY7XLE7EIWf,Trio Mandili,4rRXORO2sbOjra4E7uM0oZ,Sakartvelo,113864,spotify:track:6mMBx0IP6Aav0KlCGOzayl
2026-07-05T19:45:08Z,1QG3f3TYy9mci5ogEu2PyS,Nànnuflày,"2sf2owtFSCvz2MLfxmNdkb, 5gspAQIAH8nJUrMYgXjCJ2, 1fpXM23IoNckJ7NDAm8YJQ","Tinariwen, Kurt Vile, Mark Lanegan",67SgIr5XQiQg4xYI7zFM4Q,Elwan,303106,spotify:track:1QG3f3TYy9mci5ogEu2PyS
2026-07-03T14:08:08Z,3yUcJwYu7fXAfqMj9krY6l,Thank You,2mpeljBig2IXLXRAFO9AAs,Dido,7ydMeYrv8bFFRkkHepoJM4,No Angel,218360,spotify:track:3yUcJwYu7fXAfqMj9krY6l
2026-07-02T19:15:07Z,6JY1IdkZGeIcPegKxjSKeb,Since U Been Gone,3BmGtnKgCSGYIUhmivXKWX,Kelly Clarkson,20jYcJane0oI7VoMNoEOJU,Breakaway,188960,spotify:track:6JY1IdkZGeIcPegKxjSKeb
2026-06-28T13:38:00Z,3lGMtkONrZdJ8kTCg6KIFf,Hasta la Raíz,1hcdI2N1023RvSwLzTtdsp,Natalia Lafourcade,0Kww7Dpo0uSxtOiiFTvyCv,Hasta la Raíz (Edición Especial),221800,spotify:track:3lGMtkONrZdJ8kTCg6KIFf
2026-06-25T16:14:08Z,4QgMnTz4ceedQI3Ex6YkBT,King of Carrot Flowers Pt. 1,2ooIqOf4X2uz4mMptXCtie,Neutral Milk Hotel,17q5eeNk3HAjX1gzQnkTX7,In the Aeroplane Over the Sea,120426,spotify:track:4QgMnTz4ceedQI3Ex6YkBT
2026-06-24T05:45:09Z,3U5JVgI2x4rDyHGObzJfNf,Unwritten,7o95ZoZt5ZYn31e9z1Hc0a,Natasha Bedingfield,3PEzTAuPW5IjLJ58FzwQeL,Unwritten,259333,spotify:track:3U5JVgI2x4rDyHGObzJfNf
2026-06-23T21:41:47Z,0jWgAnTrNZmOGmqgvHhZEm,What's Up?,0Je74SitssvJg1w4Ra2EK7,4 Non Blondes,2P8M5eo4zWFD0JJtH4D0iA,"Bigger, Better, Faster, More !",295533,spotify:track:0jWgAnTrNZmOGmqgvHhZEm
2026-06-23T21:41:02Z,4y1LsJpmMti1PfRQV9AWWe,Girls Just Want to Have Fun,2BTZIqw0ntH9MvilQ3ewNY,Cyndi Lauper,1FvdZ1oizXwF9bxogujoF0,She's So Unusual,238120,spotify:track:4y1LsJpmMti1PfRQV9AWWe
2026-06-10T09:32:23Z,7JIjUx3GsL0upxmNJacmtz,Suavemente,1c22GXH30ijlOfXhfLz9Df,Elvis Crespo,01dkVTJhjXbhGCW4VUelmq,Suavemente,267160,spotify:track:7JIjUx3GsL0upxmNJacmtz
2026-06-10T09:20:49Z,3WXfQDsASfXrSojk9WB3aR,En Barranquilla Me Quedo,"7BFnoFhJjLWcsqmN3Hizqg, 54h3j85gGrqCsfK8D0RuUM","Joe Arroyo, La Verdad",6ubTK1qVLWQSblspjFxtZn,32 Cañonazos,312480,spotify:track:3WXfQDsASfXrSojk9WB3aR
2026-06-06T09:41:40Z,7iuwQ5H0dKpByT9tbmWsGJ,habana,6RuS4udHwx3C9ysk4KXtNw,jizue,1DVDZf2wezbNIYjkWDbXR8,story,349525,spotify:track:7iuwQ5H0dKpByT9tbmWsGJ
2026-06-02T20:29:40Z,4D1ojicyxh6nH7YIQkeKnL,"Rigoletto / Act 1: Duetto. ""Quel vecchio maledivami!"" (Rigoletto, Sparafucile)","1JOQXgYdQV2yfrhewqx96o, 10CN8N2O3FlGlPVJWBiu5D, 3gwI5zYyRIDcpUwO0ZWLCF, 7JdPe4gzrYmbcko3FTav57, 1JlF2VuyOSOasy8ZxCbD6C","Giuseppe Verdi, Dietrich Fischer-Dieskau, Ivo Vinco, Orchestra Del Teatro Alla Scala, Milano, Rafael Kubelík",4ewlnpoaRiTYWbHTBzCP0H,Verdi: Rigoletto,278506,spotify:track:4D1ojicyxh6nH7YIQkeKnL
2026-05-31T15:14:50Z,1tMHDdJEz8MFrkPFgwFACG,A.M. 180,3W4xM5XYtUp4ifYYPVKVdk,Grandaddy,57FtCFNPyiqlltBLhFGDYi,Under The Western Freeway,200666,spotify:track:1tMHDdJEz8MFrkPFgwFACG
2026-05-27T18:21:48Z,411Hvulc0PrGQLOHljTYed,Are You Satisfied?,6CwfuxIqcltXDGjfZsMd9A,MARINA,1CtDa7pVfLF4u2ZadRTWz7,The Family Jewels,201186,spotify:track:411Hvulc0PrGQLOHljTYed
2026-05-21T08:19:49Z,1A8SxnqRK3qabmuN2qxIpa,Spaceman,0C0XlULifJtAgn6ZNCW2eu,The Killers,0Ug5scDXUIgGN8yanDBLQw,Day & Age (Bonus Tracks),284546,spotify:track:1A8SxnqRK3qabmuN2qxIpa
2026-05-18T17:38:13Z,1kWp3aDjFkJgGEWnCtRxi6,Die Young,76raIy8boaM9sf9gMGXGJ5,Lil Texas,444Fhw9ybLt1DZL3VXzgob,Die Young,135862,spotify:track:1kWp3aDjFkJgGEWnCtRxi6
2026-05-15T16:15:07Z,0H9xTMI6hHC3jN8NBVY9bi,Derniers mots,6GGkEuZHoNpJsKYNZml2gL,THÉA,2ndbUrsKzgoJ6k5wVIB4Wf,MEMENTO,229562,spotify:track:0H9xTMI6hHC3jN8NBVY9bi
2026-05-09T16:17:39Z,3k1livVIDDqf5XEQrzXRkG,ALL I GOT,6R1kfr0GIWnwxY4zW11Vag,Frost Children,3hGVz1vVNuzmhE9R8HvJz9,SPEED RUN,194167,spotify:track:3k1livVIDDqf5XEQrzXRkG
2026-05-09T14:41:23Z,4msZzTP3dJlqmHRhUb4v3f,Fuck My Computer - Frost Children Remix,"3MekbRujJg5VZThubOlrkR, 6R1kfr0GIWnwxY4zW11Vag","Ninajirachi, Frost Children",3mkVo55KYmJAxy21rPssZ4,Fuck My Computer (Frost Children Remix),197956,spotify:track:4msZzTP3dJlqmHRhUb4v3f
2026-05-07T17:45:49Z,0cePFVYwqCFrP2obuyMYD2,so american,1McMsnEElThX1knmY4oliG,Olivia Rodrigo,0AGTYuKIZpklJih6pEmoWp,GUTS (spilled),169717,spotify:track:0cePFVYwqCFrP2obuyMYD2
2026-04-22T13:24:09Z,5AxadQLVwCbdMbi5UAfQ4x,Enfants de la rave,"1k3goNcyqNbH0iWAdunDRo, 4IEmzBYYC4NwJ7euuL7N7q","Creeds | Hardside, Helen Ka",6bfkXUrq0pscim5XjZQk9C,Enfants de la rave,200722,spotify:track:5AxadQLVwCbdMbi5UAfQ4x
2026-04-20T12:49:17Z,33BysO12YHO252wsAGuREE,Sous les cendres,4QZHVgbqlCMCvLBtTcV39a,JeanneTo,6mqtPh92X8rvu7Z3qkuCzx,Très mauvaises herbes,247241,spotify:track:33BysO12YHO252wsAGuREE
2026-04-18T23:18:23Z,2MjzsLWwEBqnJAdXtDlaz1,Paul,2hR4h1Cao2ueuI7Cx9c7V8,Cavetown,1OlusNXiorsSM7tYlIG9Cy,Paul,187121,spotify:track:2MjzsLWwEBqnJAdXtDlaz1
2026-04-15T11:28:07Z,2MYidPOz5NHAtKUySTzbwx,Paul,5QdyldG4Fl4TPiOIeMNpBZ,Big Thief,2QVrJXsVZIgwNwOhtu31wd,Masterpiece,183894,spotify:track:2MYidPOz5NHAtKUySTzbwx
2026-04-15T11:27:49Z,1ZLroqJA8qoS5QEeCo0fA7,Breezeblocks,3XHO7cRUPCLOr6jwp8vsx5,alt-J,6HbJlAnTRhWae1F3lEwGkv,An Awesome Wave,227080,spotify:track:1ZLroqJA8qoS5QEeCo0fA7
2026-04-15T11:21:06Z,77xZFu9TwwYnX7JNWfbavn,Matilda,3XHO7cRUPCLOr6jwp8vsx5,alt-J,6HbJlAnTRhWae1F3lEwGkv,An Awesome Wave,228706,spotify:track:77xZFu9TwwYnX7JNWfbavn
2026-04-13T17:41:54Z,163POmXucQh0QmDGipwean,VENERDÌ,1eFOTBAGM0w0SH7jnTYSd1,BLUEM,3P4R9wEDLRklb8orcmK8Fg,NOTTE,100657,spotify:track:163POmXucQh0QmDGipwean
2026-04-07T12:07:14Z,58yTGzPxiyuAMC173DnT9X,Lubies,3IMOGrM63og03I4jMYo35G,ascendant vierge,2y0CqT7wxeJ4xXGEt9OpEl,Une Nouvelle Chance,226067,spotify:track:58yTGzPxiyuAMC173DnT9X
2026-04-01T19:30:20Z,4Ww42IcNTMULQaIkGjLxYL,Dedans - Oguz Remix,"3IMOGrM63og03I4jMYo35G, 2n6aFLFLpEBs61Kfy5EX5v","ascendant vierge, OGUZ",3xvtqHmYBKwAf84PvpVqVo,AVVA 00,261516,spotify:track:4Ww42IcNTMULQaIkGjLxYL
2026-03-29T22:02:26Z,754kgU5rWscRTfvlsuEwFp,Kiss Me,0lJlKQvuM2Sd9DPPyUXcHg,Sixpence None The Richer,0PrcwzkQVEy4y6JPvT5bix,Sixpence None The Richer,208680,spotify:track:754kgU5rWscRTfvlsuEwFp
2026-03-24T13:25:05Z,6cxr9HotxbH79Q7MD5No3y,Darkenciel,4QZHVgbqlCMCvLBtTcV39a,JeanneTo,2OSo7Seh4Wxux8VyeTGoIU,Pochette surprise 1,222863,spotify:track:6cxr9HotxbH79Q7MD5No3y
2026-03-24T06:53:12Z,1eQBEelI2NCy7AUTerX0KS,Ultralight Beam,5K4W6rqBFWDnAN6FQUkS6x,Kanye West,7gsWAHLeT0w7es6FofOXk1,The Life Of Pablo,320680,spotify:track:1eQBEelI2NCy7AUTerX0KS
2026-03-22T14:47:04Z,1YEAhowvCss8fX5jIsGeK6,Marginalia #71,7kSP0XY1UueKCMOGJhIV9N,Masakatsu Takagi,5bxEIUrZQe4luI0JNDpd2r,Marginalia III,467531,spotify:track:1YEAhowvCss8fX5jIsGeK6
2026-03-11T21:51:12Z,0fVUKrJpQM7jMTgOABVkyi,This Bitter Earth / On The Nature Of Daylight,"2BziwabW57ZUKsJE1sTSSE, 2VZNmg4vCnew4Pavo8zDdW, 32LHRiof0sa4taYew9i3Fa, 557AjoqV9wVpa8vO2k4wuJ, 4d6eKLLJbe2ZeiL07Du7vB, 6s8AUvcmf2fp0Kh7PctPnd, 6qzi6mPoJU4cBlO76U1Il1, 33TpuAICGC2gekoZZDDZhE","Clyde Otis, Max Richter, Dinah Washington, Louisa Fuller, Natalia Bonner, John Metcalfe, Philip Sheppard, Chris Worsey",1rTHmwhZwhhvivx3pdXXdo,The Blue Notebooks (15 Years),372746,spotify:track:0fVUKrJpQM7jMTgOABVkyi
2026-03-11T17:42:51Z,0EMWl9hDw4U2W3sBdWHrAq,Black Stars,17UUkxLWmRP5P47W5kwVVb,Xenia Rubinos,7hpaJ75FV7MYcKER1px2Uv,Black Terry Cat,239401,spotify:track:0EMWl9hDw4U2W3sBdWHrAq
2026-03-05T14:46:25Z,6GZd5pwrJ65FdfVG4DpWou,Echo,6GGkEuZHoNpJsKYNZml2gL,THÉA,0KBs0ARIKONVdxm9Cbwewi,Echo,240734,spotify:track:6GZd5pwrJ65FdfVG4DpWou
2026-03-04T16:30:28Z,457lwKtYBzW6SrkyGDo2Zb,canzone,5KVUHVqS6B5MZKXf5PXDg1,faccianuvola,1AZSZ1CM8Xen3FmviWh1y7,le stelle* il sole; l'arcobaleno)),217758,spotify:track:457lwKtYBzW6SrkyGDo2Zb
2026-03-04T15:39:33Z,0bZl04jQ6Qc8QjTWonDA2S,How Could U - Ninajirachi VIP Mix,"3MekbRujJg5VZThubOlrkR, 05jtmvy7zPhTp4GQexPkXY","Ninajirachi, BRUX",2KWVWPEOaM8u1Bdm3dWmxd,How Could U,185721,spotify:track:0bZl04jQ6Qc8QjTWonDA2S
2026-03-02T13:10:25Z,1j9BL0fKs460ujdeGxFD2I,YA RIEN À FAIRE (p*****),6GGkEuZHoNpJsKYNZml2gL,THÉA,2BaH4VEuNj8O5cDgmlVi7S,YA RIEN À FAIRE (p*****),187133,spotify:track:1j9BL0fKs460ujdeGxFD2I
2026-02-27T18:54:47Z,7maKIQM9dXihvpXAJGSPiV,Les ogres,17u6mMCLx4RTzjIKRaTRIv,Solann,3F6QXyRhmIV75vrrcE7Qdv,Si on sombre ce sera beau,174986,spotify:track:7maKIQM9dXihvpXAJGSPiV
2026-02-24T06:50:08Z,1EkxfGivWsIwCJTdz359xl,To be a rose,5eerVxtb9lY9p6D7m89Bs7,Jenny Hval,5gaZk8C7T3dkC8hVn8Wvs3,To be a rose,233189,spotify:track:1EkxfGivWsIwCJTdz359xl
2026-02-20T22:09:57Z,694f7CiXg4Bx5t0AUnLx58,Mi Scusi,"3Amq9Iu3n8FEwaDq0sV5BL, 0ecGioDyIR2QiyujHeiwHw","Teho Teardo, Blixa Bargeld",7k0WGXPrNROKbejJ2Zhq90,Still Smiling,237280,spotify:track:694f7CiXg4Bx5t0AUnLx58
2026-02-20T22:09:09Z,4AIDG8oQzGYqnr6v01f8i5,The Garden,7KomCxZv6D5qCVvefwMnwB,Einstürzende Neubauten,3q5fUBRlV64ntCAeqtQPH1,Ende neu,310760,spotify:track:4AIDG8oQzGYqnr6v01f8i5
2026-02-17T13:28:18Z,2lTm559tuIvatlT1u0JYG2,BAILE INoLVIDABLE,4q3ewBCX7sLwd24euuV69X,Bad Bunny,5K79FLRUCSysQnVESLcTdb,DeBÍ TiRAR MáS FOToS,367725,spotify:track:2lTm559tuIvatlT1u0JYG2
2026-02-13T13:35:50Z,3CxpaC5Aw4jgRFlgeQH6BA,Fine,4llAOeA6kEF4ytaB2fsmcW,Lemon Demon,2EwyuOi59sFClC87JBLe2r,Dinosaurchestra,279910,spotify:track:3CxpaC5Aw4jgRFlgeQH6BA
2026-02-02T19:04:32Z,5R5jkjb5xEfSyx2iaiyslk,Outra Vez,3NlkrQ9iKKw6VZlWr0lk0U,El Equipo Del Norte,1CiCakkArtq2iGnRBGcDv0,Cosme Velho,200750,spotify:track:5R5jkjb5xEfSyx2iaiyslk
2026-02-02T19:04:28Z,5phajcZEfW3wcUFYp3zDmE,No Pierdas la Oportunidad,3NlkrQ9iKKw6VZlWr0lk0U,El Equipo Del Norte,3O6tCjTsG5tOLzKouZ1dWf,No Pierdas la Oportunidad,224166,spotify:track:5phajcZEfW3wcUFYp3zDmE
2026-02-02T19:04:26Z,4MEASDc5CPTPraln3nwBWU,Para Tito,3NlkrQ9iKKw6VZlWr0lk0U,El Equipo Del Norte,3O6tCjTsG5tOLzKouZ1dWf,No Pierdas la Oportunidad,207192,spotify:track:4MEASDc5CPTPraln3nwBWU
2026-02-02T15:45:29Z,3Q1VMHpDNyAd5AM0uCOkyN,Pray4u,"1SG4PrT6nLKmqDJ7SfKRJV, 3MekbRujJg5VZThubOlrkR","Lucianblomkamp, Ninajirachi",4SF5O79oN7Sd23RsWdmLar,Where In The World Is LUCIANBLOMKAMP?,236438,spotify:track:3Q1VMHpDNyAd5AM0uCOkyN
2026-02-02T15:33:33Z,73sWJNr9eLu3Ikbil7psZp,perfect self,"6zYDL6U7U6LGcfAz7dE3qL, 3MekbRujJg5VZThubOlrkR","maniken05, Ninajirachi",1xCR1y79r2RMZ6S87LDMAI,0110101101,208551,spotify:track:73sWJNr9eLu3Ikbil7psZp
2026-01-26T21:00:10Z,1C6NFEeFJBGHCPYwQ242OE,PIXELATED KISSES,3MZsBdqDrRTJihTHQrO6Dq,Joji,0OSjXWneXbkt2iIIUgLXgH,Last of a Dying Breed,110430,spotify:track:1C6NFEeFJBGHCPYwQ242OE
2026-01-16T13:28:22Z,3M8bJdRfYj1S5iKZIgwAnH,harvest sky,"6fFcUOFcbjeIuEomuUthkw, 7HfUJxeVTgrvhk0eWHFzV7","Oklou, underscores",4TQqRcEliluExEwsmWVenF,choke enough,233896,spotify:track:3M8bJdRfYj1S5iKZIgwAnH
2026-01-15T16:48:46Z,7pub84CPxqhb7svPakY8U2,Šcune,70EQNEibJfmCE7J5k4t1JI,Massimo Silverio,0CU9PwCpIpJ3gzRA3fhgpl,Hrudja,237666,spotify:track:7pub84CPxqhb7svPakY8U2
2025-12-22T14:23:22Z,1ODY49po0ITbdqqnp8pXs1,Super Ink Burst,7LCDnUQYE07fnKbo46SVLB,Iglooghost,68aZtDbgNargCMYgNvw5JG,Neō Wax Bloom,207955,spotify:track:1ODY49po0ITbdqqnp8pXs1
2025-12-22T14:16:20Z,6XZNGncuUZScxKI3lUrBHD,Everything I Want,1G5v3lpMz7TeoW0yGpRQHr,George Clanton,2kvz9frUn3LUK83imD2BQS,Ooh Rap I Ya,171984,spotify:track:6XZNGncuUZScxKI3lUrBHD
2025-12-21T11:51:15Z,1RDzKhuTUKoGZ0XVnnyyxQ,The Iconoclast,1eiXrvua27VlWgZ9kiaIn6,Anna von Hausswolff,20BKSOzIQSHI4kLQIzPslN,ICONOCLASTS,674826,spotify:track:1RDzKhuTUKoGZ0XVnnyyxQ
2025-12-18T20:23:11Z,0VDBVoN11cujJzgp9FN9Gm,Same Size Shoe,1O9iHQjrVuiAYOJFCBeFSl,serpentwithfeet,7dHEw1ug6SGPnGa74DQMxV,DEACON,210693,spotify:track:0VDBVoN11cujJzgp9FN9Gm
2025-12-18T20:11:50Z,00xa1Km8WBVMQK7mzPGGWh,Don't Wanna Be,17UUkxLWmRP5P47W5kwVVb,Xenia Rubinos,7hpaJ75FV7MYcKER1px2Uv,Black Terry Cat,275153,spotify:track:00xa1Km8WBVMQK7mzPGGWh
2025-12-18T19:59:08Z,1vep0Lc0RtuZZ7ZE5NqPfX,No Romance,6f5lOlSFJw9K79gaNnmWAd,Tirzah,0TFqtXqKCyfjvBTF11bzH1,No Romance,237235,spotify:track:1vep0Lc0RtuZZ7ZE5NqPfX
2025-12-18T19:37:43Z,72Q94I0gbEuHDYwLxW1Tbg,Honeycomb,6sqZoZxe9BQwk7Zxh6STfF,Kadhja Bonet,4V9BgSnwEMP5yRnZE5flSP,The Visitor,227218,spotify:track:72Q94I0gbEuHDYwLxW1Tbg
2025-12-17T17:44:50Z,6wZWTcktJlNwglUnYwTB8u,Measuring Ruins,2wPDbhaGXCqROrVmwDdCrK,Oneohtrix Point Never,4nOjUCw5rOroJp1JHcLZau,Tranquilizer,184520,spotify:track:6wZWTcktJlNwglUnYwTB8u
2025-12-15T15:38:57Z,2VnMpkVmDlbvpaRs5XOrrx,Why?,0zGRuj0aQ3mM6i2dQoO8h0,Mid-Air Thief,4iLo2HykYzbHw6MWSTg4vp,Crumbling,281243,spotify:track:2VnMpkVmDlbvpaRs5XOrrx
2025-12-13T19:06:22Z,70A4ahKy4VukH43dbG4Qc0,Io non mi sento italiano,7sjeFi52xnDK82OfIhUOqU,Giorgio Gaber,6vWC8MCxhr10fOCQ8xY75u,Io non mi sento Italiano,290653,spotify:track:70A4ahKy4VukH43dbG4Qc0
2025-12-11T18:40:41Z,1CPZ5BxNNd0n0nF4Orb9JS,Golden,"2yNNYQBChuox9A5Ka93BIn, 0RMJOzHDhAKY1o2j0W0vxY, 0Wwji82sLA0Hcvtuak3omb, 6U1dV7aL68N7Gb0Naq34V5, 7mW7Tv7NvywKKXqafZo0Lc","HUNTR/X, EJAE, AUDREY NUNA, REI AMI, KPop Demon Hunters Cast",14JkAa6IiFaOh5s0nMyMU9,KPop Demon Hunters (Soundtrack from the Netflix Film),194607,spotify:track:1CPZ5BxNNd0n0nF4Orb9JS
2025-12-10T18:15:49Z,378iFLoH5DIt4jpRcw4bzl,True (Pure Mix),1ZvF4Sgnre3Rk2CpiNy077,Sega Bodega,2iPjvmwHsn5SgX2GZvZnMx,"I Created The Universe So That Life Could Create a Language So Complex, Just To Say How Much I Love You",323000,spotify:track:378iFLoH5DIt4jpRcw4bzl
2025-12-01T15:47:03Z,51EMSRpNm9Rg5rGViVCczv,Andromeda,3Uqu1mEdkUJxPe7s31n1M9,Weyes Blood,0Cuqhgy8vm96JEkBY3polk,Titanic Rising,280186,spotify:track:51EMSRpNm9Rg5rGViVCczv
2025-11-27T19:48:17Z,0xBH1GysY7fy6RJjX8hW5R,"Get Me Away from Here, I'm Dying",4I2BJf80C0skQpp1sQmA0h,Belle and Sebastian,4usPTyIIgnAZ9eiItfEYSK,If You're Feeling Sinister,205493,spotify:track:0xBH1GysY7fy6RJjX8hW5R
2025-11-20T10:20:57Z,0ZQLRkRyn3300WyapdPoWT,CAVALE! CAVALE!,6GGkEuZHoNpJsKYNZml2gL,THÉA,68AEssE8c18RfEo7e8XTMZ,CAVALE! CAVALE!,152040,spotify:track:0ZQLRkRyn3300WyapdPoWT
2025-11-16T19:21:51Z,5ovHyw5aB8v0zBcuf5d7yg,Run For Word,0rpKM0MniNkXM1SLSglYUZ,toe,01zzukvWDHv73NO5XxbCpg,The Future Is Now - EP,200986,spotify:track:5ovHyw5aB8v0zBcuf5d7yg
2025-11-12T20:04:33Z,1ZgMsA55GIY7ICkQh5MILA,Space Song,56ZTgzPBDge0OvCGgMO3OY,Beach House,4SkZTSXdPpzTbf6C0m1UKv,Depression Cherry,320466,spotify:track:1ZgMsA55GIY7ICkQh5MILA
2025-11-12T16:10:30Z,64MBplijdkpoYX8CAhhEt3,I Can See Your Future,4I2BJf80C0skQpp1sQmA0h,Belle and Sebastian,6aNVX2r52dj0oGrMcHkS4p,Write About Love,230200,spotify:track:64MBplijdkpoYX8CAhhEt3
2025-11-11T15:01:51Z,7qTr6NXpNeVriU1jCbXqCg,"Jesus, Etc. - 2022 Remaster",2QoU3awHVdcHS8LrZEKvSM,Wilco,4jVVAenBaHRF8w0MV6qKw7,Yankee Hotel Foxtrot (Expanded Edition),231706,spotify:track:7qTr6NXpNeVriU1jCbXqCg
2025-11-03T16:33:35Z,1FahR2zjwglUfte9KSyBQV,I Want The World To Stop,4I2BJf80C0skQpp1sQmA0h,Belle and Sebastian,6aNVX2r52dj0oGrMcHkS4p,Write About Love,273640,spotify:track:1FahR2zjwglUfte9KSyBQV
2025-11-01T22:18:32Z,5jFr0DzRfDI9QcQ9NG4ltE,"Le nozze di Figaro, K. 492, Act II: No. 12, Voi che sapete","4NJhFmfw43RLBLjQvxDuRS, 3uw6GzeL10NfFrcikMo9Na, 003f4bk13c6Q3gAUXv7dGJ, 6HclTVD03WSY6GUpN16BkP","Wolfgang Amadeus Mozart, Cecilia Bartoli, Wiener Philharmoniker, Claudio Abbado",2R5fWlCJhxNEWtv8431Nfa,Mozart: Le Nozze di Figaro (Highlights),147000,spotify:track:5jFr0DzRfDI9QcQ9NG4ltE
2025-10-17T07:18:27Z,7FdDBpqrdpWtdAromLpv4V,Eusexua,6nB0iY1cjSY1KyhYyuIIKH,FKA twigs,79TS6ylaLCH8VRFSLhvLvj,Eusexua,263693,spotify:track:7FdDBpqrdpWtdAromLpv4V
2025-10-15T11:55:41Z,3xEhK82PZD2xqdeUN9heH5,Too Many Kicks,0Ky1tgoT4tGP4yFEYOBfof,Oli Howe,3YCmrfPI8U7cW56Dhv9PDJ,Moving Forward,325838,spotify:track:3xEhK82PZD2xqdeUN9heH5
2025-09-25T14:47:33Z,2XGJUQGZQXr5pHH11AL9oG,Battery Death,3MekbRujJg5VZThubOlrkR,Ninajirachi,77CZUF57sYqgtznUe3OikQ,I Love My Computer,198183,spotify:track:2XGJUQGZQXr5pHH11AL9oG
2025-09-25T14:16:32Z,1xqT27jSG1Y15vOXfsV0gv,iPod Touch,3MekbRujJg5VZThubOlrkR,Ninajirachi,77CZUF57sYqgtznUe3OikQ,I Love My Computer,196522,spotify:track:1xqT27jSG1Y15vOXfsV0gv
2025-09-25T14:10:34Z,5ZbztTcvj6QWWbeYsL4GTa,Fuck My Computer,3MekbRujJg5VZThubOlrkR,Ninajirachi,77CZUF57sYqgtznUe3OikQ,I Love My Computer,190577,spotify:track:5ZbztTcvj6QWWbeYsL4GTa
2025-09-04T22:14:41Z,4pJbXCpZSUlYBlVa9gHTtu,One Step Beyond - 2009 Remaster,4AYkFtEBnNnGuoo8HaHErd,Madness,0scFCb0HjpQvWaJ7fu16hn,One Step Beyond,139373,spotify:track:4pJbXCpZSUlYBlVa9gHTtu
2025-09-01T17:39:57Z,3iZt8KJvoKxOYj0cLXGluK,No Body,2IRRnJ7AkcLnqMX8jvQqrW,Finn Keane,0cGcGHZ4jHWPktYQalQNpa,ELECTRIC,164340,spotify:track:3iZt8KJvoKxOYj0cLXGluK
2025-08-29T21:12:28Z,45hOioMDJktr86iKDHC8gr,Girlfriend,0p4nmQO2msCgU4IF37Wi3j,Avril Lavigne,6lqE05fiHWJVYYdMVJNj38,The Best Damn Thing (Expanded Edition),216600,spotify:track:45hOioMDJktr86iKDHC8gr
2025-08-29T20:34:19Z,3RXajeZOzqXWrQwLDfTzKK,JUSTE AMIS,6GGkEuZHoNpJsKYNZml2gL,THÉA,1UgTAUIAdtNcmm7B0LVfAQ,PANAME ŒSTROS POUBELLE,201989,spotify:track:3RXajeZOzqXWrQwLDfTzKK
2025-08-25T11:06:00Z,29wcmt5gig7p60476gJgjp,Stay,"1A96iePIMNFBjLrjXEl718, 6nxWCVXbOlEVRexSbLsTer","Emma Louise, Flume",7e7r5fXrnD2eRJEZ6DVnKs,DUMB,185542,spotify:track:29wcmt5gig7p60476gJgjp
2025-08-18T20:26:03Z,3Z9wJwkwzHgm3cgX7gEv6r,A Toda Cuba Le Gusta - 2018 Remastered Version,5cvnQ2gtwZraxeE99Y8aOg,Afro-Cuban All Stars,0aAmeC6NbSsbd2TYhARrVB,A Toda Cuba Le Gusta (2018 Remastered Version),346835,spotify:track:3Z9wJwkwzHgm3cgX7gEv6r
2025-07-20T11:27:33Z,3QHMxEOAGD51PDlbFPHLyJ,Vivir Mi Vida,4wLXwxDeWQ8mtUIRPxGiD6,Marc Anthony,6vBpLg3T8bojcqzoKI6m0R,3.0,252359,spotify:track:3QHMxEOAGD51PDlbFPHLyJ
2025-06-30T18:58:34Z,2VORs2QAtmmCRTTp1VrdvU,FIGLIA D' 'A TEMPESTA,7F0wzg6BIXNOSrh8ixhobj,LA NIÑA,17LP7L6YElIuVYK1gg7S37,FURÈSTA,145988,spotify:track:2VORs2QAtmmCRTTp1VrdvU
2025-06-05T10:20:25Z,7yzbimr8WVyAtBX3Eg6UL9,Hallelujah,5l8VQNuIg0turYE1VtM9zV,Leonard Cohen,6I58qJMqZHhb8jtNT3CuJB,Various Positions,279902,spotify:track:7yzbimr8WVyAtBX3Eg6UL9
2025-06-04T05:43:57Z,7IKSqdVzqy6bjhcWLQAbqg,UFO,1ycxas0HqhZQQc7zkhtUJY,GRAViiTY,1TKLUCqgBH2bWdult8Janp,Alien Club,200953,spotify:track:7IKSqdVzqy6bjhcWLQAbqg
2025-06-04T05:29:59Z,3ZyK4C6HxLYB1hlwhQkXtE,Quoi de neuf les voyous,"34AMiSMNdLIBS0NapVfzLz, 6GGkEuZHoNpJsKYNZml2gL, 2fyTjHpxa1sFTxYYIgV7YO","Rok.wav, THÉA, Dudu.wav",7ixe1f7zsDDfGNXMtaCXaj,Quoi de neuf les voyous,182823,spotify:track:3ZyK4C6HxLYB1hlwhQkXtE
2025-05-22T16:20:32Z,5i9raExc1knIO8k4y8LNqz,Rromano bijav (Romany Wedding),45NfIph232CCNfn07NoSbs,Boban i Marko Markovic Orkestar,67gzpK7wXXiTPICsNBaX5P,Go Marko Go!,205973,spotify:track:5i9raExc1knIO8k4y8LNqz
2025-05-15T18:55:31Z,3VnyBFUwZuHZyaJftcoxyG,Nensalinya Tenì,7sTCF1oPEvu9dWonIAcX5a,Ignacio Maria Gomez,5Ven3ySyDj5bfZieHkvqEA,Belesia,306573,spotify:track:3VnyBFUwZuHZyaJftcoxyG
2025-05-02T20:38:35Z,3vypGW9OqicVWXQk9uXBUO,Rallenty,"26rDnlXGp18EMtbgV7OwsW, 0RzbGLJR1qBWlgpZvjKKmb","Queen of Saba, Paolo Baldini DubFiles",7k4ZxR9OluWSj4103Ne5vK,Rallenty,156956,spotify:track:3vypGW9OqicVWXQk9uXBUO
2025-04-29T19:23:08Z,53yILK0keKnBo2fV2tuEuK,Principe Regina - Fucksia remix,"26rDnlXGp18EMtbgV7OwsW, 78zGiRnNQVpLCK3Fz29J0P","Queen of Saba, Fucksia",22JUl7t406HsTRvZih3Yro,CIRCOMEDUSA,206250,spotify:track:53yILK0keKnBo2fV2tuEuK
2025-04-29T15:42:42Z,3JG1uFc40wfyrqaWC7iv0e,i like the way you kiss me,0PCCGZ0wGLizHt2KZ7hhA2,Artemas,5nzSCZ7NhKvAysI0tmNOdD,yustyna,142514,spotify:track:3JG1uFc40wfyrqaWC7iv0e
2025-04-28T04:59:38Z,3y1EzRl5UEQxxd1f6Bv2aN,When I'm Small,1l9d7B8W0IHy3LqWsxP2SH,Phantogram,26ANkY7nHVPBsnJ7Do5A0c,Eyelid Movies,249066,spotify:track:3y1EzRl5UEQxxd1f6Bv2aN
2025-04-25T20:58:39Z,47nD9EtDtUORYiLPDY4DeI,La Travesia,3nlpTZci9O5W8RsNoNH559,Juan Luis Guerra 4.40,6wwBmLiZ1qX0FvnABZfNFM,La Llave De Mi Corazon,205586,spotify:track:47nD9EtDtUORYiLPDY4DeI
2025-04-12T16:31:13Z,7irDybhGY1HtUM7iL2QzFq,Shining Star,1Jehpab4kMvjrpsHcBtYHR,Dark0,10NLvLAsQvYjHb9n8299xy,Eternity,322426,spotify:track:7irDybhGY1HtUM7iL2QzFq
2025-04-10T18:30:30Z,1xIINMBvkmZd8eIw4Gz8jm,Keep Me Safe,"1Vi0Dq6hC56i3a6eVA9Y6g, 5KYjDVcVYFOxGcF6zKjZCd","Himera, Sussy",1YrX14B3Nmex9Us18W7VBU,Keep Me Safe/I Still See You,340803,spotify:track:1xIINMBvkmZd8eIw4Gz8jm
2025-04-07T16:15:17Z,3gighwbMyIfJKVpauvANY2,The City Never Felt So Good,6G01WYFYF91rjG5LtwMhY4,1tbsp,7m0McBqvOHZx8K9bILJ7vL,megacity1000,176728,spotify:track:3gighwbMyIfJKVpauvANY2
2025-04-01T05:51:36Z,1FtrDn39z5ktvRpsNrkOLB,OSCAR J PINETA,3lmaY64jiPo0uqfLleWX1E,Tonino3000,0FmXoYigI2PIQTOw9Rbv2W,OSCAR J PINETA,206964,spotify:track:1FtrDn39z5ktvRpsNrkOLB
2025-03-30T18:07:46Z,6ncxY5Lbr9gCO0nUA83KwF,Come Mi Vuoi Tu,26rDnlXGp18EMtbgV7OwsW,Queen of Saba,5tx0yaRmuyoBbWf4RnorOv,Medusa,202026,spotify:track:6ncxY5Lbr9gCO0nUA83KwF
2025-03-27T16:23:03Z,5VML2SOtSpYIKxtAQ3oAzq,okokok,3SAZh4k4iDPFngB60QKpxg,okgiorgio,0a6WPtwGDH6doaQoBiIp2C,okokok,158896,spotify:track:5VML2SOtSpYIKxtAQ3oAzq
2025-03-24T06:21:02Z,7veVHwox8uz8Cnhx6PXedF,Thunderbreizh,"1moKH1sGouxco5VNQx8P7W, 1ak7Jr0XfSsXZGf3GnZ5H4","La P'tite Fumée, Les Ramoneurs De Menhirs",442urirTv1h7Z4HsYKqubr,Thunderbird,240626,spotify:track:7veVHwox8uz8Cnhx6PXedF
2025-03-24T06:10:06Z,39vokRBOVdnTwRbIOadhqp,"Sem Voce, Sou Ninguem",2AasvmwafZPTgQANaoLoQY,Mandragora,2nV2SjUBzp5TAKML5ZKaAv,"Sem Voce, Sou Ninguem",259452,spotify:track:39vokRBOVdnTwRbIOadhqp
2025-03-24T06:10:02Z,6roZUeS46PW3Vl6LekrgPc,Du sale,7p0odCZxOVz684NjXt1dEf,Le Wanski,7q1DbnGuL5gDHQgSmwnc0b,Du sale,268024,spotify:track:6roZUeS46PW3Vl6LekrgPc
2025-03-22T06:09:50Z,2RVKJ5Twp198nOsy8fstCL,Partymonst3r,3tGFcZOV2YCIlEV9hwKceh,Yesterdayneverhappened,0q6LaNud84uo8xVMBUmZlK,twilight princess,161828,spotify:track:2RVKJ5Twp198nOsy8fstCL
2025-03-20T20:10:27Z,2sIEo9HzxU2KYEgRzTRj7D,It's Always There,1itsEEQGIivqDJG8XQXHl8,Alternative Station,4sVPyJYPBj60BSVxtjF2FB,Alablaster,200601,spotify:track:2sIEo9HzxU2KYEgRzTRj7D
2025-03-13T20:24:38Z,25xa84ZW8Wy3cHvRUzpvrY,Slytherin,2AasvmwafZPTgQANaoLoQY,Mandragora,3Ja4uCE4b3KK1mTAbVoync,Slytherin,210731,spotify:track:25xa84ZW8Wy3cHvRUzpvrY
2025-03-04T17:54:27Z,2hVvKyyI9HGm2jBnQdpA7o,Caught Up - Radio Edit,7Fjx31RKgZbBWYCciIOb3I,IONYX,2WTovV0UYoK4Kdt0BQfIdn,Caught Up (Radio Edit),163878,spotify:track:2hVvKyyI9HGm2jBnQdpA7o
2025-03-04T17:44:30Z,76jEQxi2ZTcfMhJXkwnUtE,Tears In My Pocket,3Vl9fyKMIdLMswk8ai3mm9,Rebecca Black,7KeBfU7MZe7LFqgse8blI7,SALVATION,177671,spotify:track:76jEQxi2ZTcfMhJXkwnUtE
2025-03-04T16:47:47Z,2tkp6VIVfaU57qh1vd7Kqb,fiori / posto sbagliato,"5KVUHVqS6B5MZKXf5PXDg1, 3bxcQZiTtcX1GtUljswo2L","faccianuvola, fenoaltea",5mFC0c1KveeilQOdpmP84G,fiori / posto sbagliato,161900,spotify:track:2tkp6VIVfaU57qh1vd7Kqb
2025-02-26T18:40:06Z,2wTglGVOzB6UatOM1bORa4,Café Tropical,01sY3iLJZtSBa0BIbcpddJ,LA LOM,0u38pjeRtqW8wuh4WgQmPZ,La Lom,233000,spotify:track:2wTglGVOzB6UatOM1bORa4
2025-01-29T06:01:17Z,6guXQ9rHmOofkqp8uHYO8r,Corinne,54QMjE4toDfiCryzYWCpXX,Metronomy,716fnrS2qXChPC3J2X73pK,The English Riviera,196040,spotify:track:6guXQ9rHmOofkqp8uHYO8r
2025-01-14T06:48:04Z,645yeaaEnJyQoMHg2athdC,Carioca,6289Bbkkk3gaCbh1K7Rv8F,Izi,2FT4zvCc1vD2JdW8usqezZ,Aletheia,200440,spotify:track:645yeaaEnJyQoMHg2athdC
2025-01-13T18:58:41Z,67MH9hpGJQoivKhC4bu8Ow,Omeñiso,7sTCF1oPEvu9dWonIAcX5a,Ignacio Maria Gomez,5Ven3ySyDj5bfZieHkvqEA,Belesia,302160,spotify:track:67MH9hpGJQoivKhC4bu8Ow
2025-01-11T08:20:27Z,4DRUxwF7lYLaxfubXbx7SQ,Njuzu - Remastered,2RHRy13i2XKC0RHGWgxZjk,Stella Chiweshe,2APgt4ArTNqwWVBA1ComM7,Ambuya! (Remastered),215997,spotify:track:4DRUxwF7lYLaxfubXbx7SQ
2025-01-10T15:20:38Z,21m3rAxGRZVgDhyOfRD8IB,zeroGen,1Jehpab4kMvjrpsHcBtYHR,Dark0,10NLvLAsQvYjHb9n8299xy,Eternity,225973,spotify:track:21m3rAxGRZVgDhyOfRD8IB
2025-01-07T20:22:03Z,08Lj7DfUAk3HgaOIA8QxMK,825 hp,0ndWKGm6Kl92RMNKdEsco1,Exodia,3ByYZOhPqccq5bXdKwMnE7,825 hp,217142,spotify:track:08Lj7DfUAk3HgaOIA8QxMK
2024-12-30T18:06:42Z,1EjIXKhNHI00ZLMRpS8iz8,The Code,5Wg72TowYBWIcSo3K2r84N,Nemo,30euLVaktPWmngBsGDUYdA,The Code,180141,spotify:track:1EjIXKhNHI00ZLMRpS8iz8
2024-12-25T22:32:08Z,6EqmBjc9ZEbe0C5mODoKxI,J'AI COMPRIS,4zE0xoLKsoZInJCACyk82a,social fatigue,2flQvA91K4CGmaLQjsu0eH,J'AI COMPRIS,160599,spotify:track:6EqmBjc9ZEbe0C5mODoKxI
2024-12-23T21:43:55Z,2EM9zpAc7PVeoAydmbfVIL,La Camisa Negra,0UWZUmn7sybxMCqrw9tGa7,Juanes,2HbvQeJXke68tjwOcsj8ne,Mi Sangre,216706,spotify:track:2EM9zpAc7PVeoAydmbfVIL
2024-12-21T06:40:50Z,5H0ZNJqdJOQlkuEZ7HFItU,Low Dive,27mChCxMpfmLnXhdD07DLZ,Esseks,3GfhCqX1y0EdVBaCGdyNXH,CONVOY,125644,spotify:track:5H0ZNJqdJOQlkuEZ7HFItU
2024-12-16T10:19:22Z,0RwUodOQMZwbJktcNYFq6x,FEMININE ENERGY,1AHswQqsDNmu1xaE8KpBne,Cobrah,0YwES4jeWclweRFzUI2WdT,FEMININE ENERGY,171265,spotify:track:0RwUodOQMZwbJktcNYFq6x
2024-12-16T06:25:42Z,45rfO1iWBUwA8Ax0M09QrT,Fiesta Para Bebo (with Los Muñequitos de Matanzas),"7mLYMGXg84miYydKwi2aRi, 1nGt9Auu0hzIZ6lI2WZWOq","Diego El Cigala, Los Muñequitos De Matanzas",7DaqsI9q60TwDUAGE11O8x,Indestructible,241693,spotify:track:45rfO1iWBUwA8Ax0M09QrT
2024-12-13T15:51:41Z,1ctwXQLrWGY67DSxQgnNlt,Balade brésilienne,"69irZ4R8OsrLHjr6VmMmMg, 4Lu4jDj4ky1wxvRDgL90tc","Gaël Faye, Flavia Coelho",2sRq8eyjd4EcbePo8AfJPm,Des fleurs,276840,spotify:track:1ctwXQLrWGY67DSxQgnNlt
2024-12-10T15:04:30Z,47p4foGvTX0taO97ZsJWZz,Common Loon,5JLqvjW3Nyom2OsRUyFsS9,Xiu Xiu,26lGRXjjQ6nET30Z5CAaGt,"13"" Frank Beltrame Italian Stiletto with Bison Horn Grips",211712,spotify:track:47p4foGvTX0taO97ZsJWZz
2024-12-10T12:39:22Z,11UMypbPaMcHa5HhnXI8aD,Mini Short,2eKpa0oOrUkjz5KbqGYwie,Ruby My Dear,5bzbSjiKjMQI9mxzEZDAUe,Brame,124678,spotify:track:11UMypbPaMcHa5HhnXI8aD
2024-12-09T06:22:01Z,2ej1A2Ze6P2EOW7KfIosZR,Feather (feat. Cise Starr & Akin from CYNE),"3Rq3YOF9YG9YfCWD4D56RZ, 0NQ5kUvKwC9r53V095i0np","Nujabes, Cise Starr & Akin from CYNE",6nVACH6a27eOWiumAJhDWS,Modal Soul,175360,spotify:track:2ej1A2Ze6P2EOW7KfIosZR
2024-12-09T05:28:32Z,7MHXBGx57HGguI8xcMzuB7,Carme,6DEkxQm6GxNV26tUMfVf6c,Daniela Pes,1a8ThwO86pH1QSjVYAeC5H,SPIRA,314840,spotify:track:7MHXBGx57HGguI8xcMzuB7
2024-12-06T13:31:51Z,0Rv7Ql0ImNHE4LqZFrMldi,"eat, sleep, slay, 🔁",0auP293abZeTWwMUi3fZw2,horsegiirL,3jtObNyZd0OIHbImdtQo7h,"eat, sleep, slay, 🔁",149666,spotify:track:0Rv7Ql0ImNHE4LqZFrMldi
2024-12-05T15:54:47Z,2zfo1vxXRnjitPoVpW0uTH,Time of the Moon Dub Remix,2Q3eZMfDQgT8MhPowKFXYO,t.A.T.u.,3cSWhnbirDN9xneOKp7eRC,Waste Management Remixes 1,242266,spotify:track:2zfo1vxXRnjitPoVpW0uTH
2024-11-30T16:52:50Z,6rihywZn0l3Gc3ggHrmNis,Boreal Forest,497rp5TEzJffeBnUT0BeE1,Mammal Hands,62rUr720cpe9cWhfnC3gBc,Shadow Work,307545,spotify:track:6rihywZn0l3Gc3ggHrmNis
2024-11-21T11:46:56Z,3Me5bYXeDXqjBVgug53Ula,This Is The Life,"12A83CWwFiyXy90ScLWPIe, 3VuZZ1n0XGacnz96Ys8mrZ","LIZOT, KYANU",5hFY0oK1Ow8h9xIAtliOvp,This Is The Life,131388,spotify:track:3Me5bYXeDXqjBVgug53Ula
2024-11-20T21:52:28Z,6xjIrx0kE96n5OQvj9oZmO,Khobs,1Bt7Z61Wj1ixbeJEBKwod6,Issam Hajali,2NNnJv16YTWTCF0KS7o9V4,Mouasalat Ila Jacad El Ard (Habibi Funk 010),211250,spotify:track:6xjIrx0kE96n5OQvj9oZmO
2024-11-20T21:49:02Z,59h8hIn9hDXG2AE2CS3LPl,Manifique,0SQJU3T9dR4WLilodR5ipq,Graphy-T,2LFFWYwn1XLyFJDRBWu3NU,Trash-Tag,156316,spotify:track:59h8hIn9hDXG2AE2CS3LPl
2024-11-20T21:42:38Z,0qNkaZahHUYumhxlAMgp33,Dempuèi auriac,1MYfw8oJJ5lQisSkMKPGHl,Cocanha,0e0D3S0kz3y9QWXvu7AR5g,I ès ?,136040,spotify:track:0qNkaZahHUYumhxlAMgp33
2024-11-18T20:17:14Z,7kwXiAF90JNylNXUxOxhce,Dostochka,5hQYZqZaPcRceL82mFZTO5,DakhaBrakha,7nnKwbd8g1iP49uOSaELQj,Alambari,450173,spotify:track:7kwXiAF90JNylNXUxOxhce
2024-11-18T19:41:23Z,1dF1MOB0JZKY1qUwXvSRy1,Loba,"21EtvnD59JJJiUP0qZP7WY, 1UgwU7ChXfMkwH9t6ivW2E, 7E1ZwNnXreZgJpmTNUJva7","Los Eclipses, Eva de Marce, Dan Solo",1pc0TvLMfEgUVigGRCNrUR,Loba,221379,spotify:track:1dF1MOB0JZKY1qUwXvSRy1
2024-11-18T19:23:23Z,4lw4AT0CJnNcF0EbEtq05E,Egyptian Fantasy,"2aMYfhweGlfp6qj9r6OGUO, 0KYFSSpklRwCSM31sHD4s6","Vincent Peirani, Emile Parisien",5iI3pCGahwqKshFUfUw90T,Belle Époque,288228,spotify:track:4lw4AT0CJnNcF0EbEtq05E
2024-11-17T10:17:13Z,5FjLuHP3oJYLxqPZ3APut1,Tristesse,38GSybQjdc6sxptciOkxMq,Zaho de Sagazan,5GoDO8a03bxSSxMCeYKfaW,La symphonie des éclairs,211327,spotify:track:5FjLuHP3oJYLxqPZ3APut1
2024-11-16T19:06:08Z,53HI1UI3wu3gQm4OikNwcu,Pomp and Circumstance (Graduation Walking March),69MMxHqVrnseX3kCmA58S7,Drink Chocolate,0FSMJZUjBldqkSII1HWmmd,Pomp and Circumstance (Graduation Walking March),157545,spotify:track:53HI1UI3wu3gQm4OikNwcu
2024-11-16T17:10:23Z,7sLUca17HcgbWQ7Nkx4XcY,No Hay Problema,5x67ISskNUwpp3KwEerULo,Cumbia Connection,2JXGdXDjqFVDL5YbpZ8cai,El Destino,209245,spotify:track:7sLUca17HcgbWQ7Nkx4XcY
2024-11-15T20:13:14Z,3TO0So29OFoBCSls0tX7Uy,Llorando Se Fue,60NkGg5tp5ElDdKNfhJbMT,Agrupacion Ilegal Los Imparciales,3jV7I7oR1eRf71cU8VN3PP,Media Hora de Cumbia,188341,spotify:track:3TO0So29OFoBCSls0tX7Uy
2024-11-14T11:03:02Z,3lZLXWgYciiYw8mqV3tYAR,"Vishnu Sahasra Naama Sthothram - Dhyanam, Sthothram",3IJsrpcwlIt9wYIFISmc4q,Uma Mohan,3f7Ztbq5AKaKaXa3BvHpWS,"Amruthavarsha, Vol. 3 (Shlokas on Vishnu)",1337426,spotify:track:3lZLXWgYciiYw8mqV3tYAR
2024-11-13T20:04:34Z,4AjmWzYmS5XXSvzPLFKQbN,Mamour (Unplugged),1FiWBzw15KbR9amOb1Xnxp,Odezenne,0jWWqNHR88f0sBBFWJLV3J,Unplugged,224586,spotify:track:4AjmWzYmS5XXSvzPLFKQbN
2024-11-13T19:08:22Z,2qtKQXljGDl2KcAgDk5OaZ,indécise,7d1ctWXfrUvAe804Zld3Gy,Yoa,1lGhHAusdvuwsG81xS7khE,Chansons (+) tristes,158133,spotify:track:2qtKQXljGDl2KcAgDk5OaZ
2024-11-12T19:00:27Z,7iWWLbTuSYdncjX1tT22JJ,Jump Dance Move Bounce - VIP Mix,"5Y1nFir8L9kJP7n1yZSeYb, 7hjdOgAfEdNYBGViGyy28U, 1sDPjXJ8bNlkrzbNLR18AQ","Nicolas Julian, NOTMYTYPE, AENJAY",1qBSy49D67ewfx9Hv8A2az,Bow & Arrow - EP,150885,spotify:track:7iWWLbTuSYdncjX1tT22JJ
2024-11-12T15:48:15Z,3F4Yq4foMdRDJeL7TmYIbY,Ergen Deda,6OxyG688AdDLBKo5yrJXU9,Bulgarian Voices Angelite,7y1gcMMthlegE9qX47JxAc,Heritage,160413,spotify:track:3F4Yq4foMdRDJeL7TmYIbY
2024-11-11T16:12:29Z,2uYEezzaXYszTEhbxUCebL,Chick Habit,0bbvrSsm0Dh4erBbE1dhHD,April March,4Xn3fY5S63b736UT4MN4mk,Chick Habit,129093,spotify:track:2uYEezzaXYszTEhbxUCebL
2024-11-11T15:58:45Z,17Fqca7GyIVMif64UL6Ywk,Cheval,"6yNXUzxIakMVY5LoVgZGHG, 0VPogECnuuH2xbYP3Rmpd4, 585FeCXfQKceH2hCHn5SKO","Sexy Sushi, Rebeka Warrior, Mitch Silver",1UWUn2N5ni5VuC14rNHqhK,Marre marre marre,203200,spotify:track:17Fqca7GyIVMif64UL6Ywk
2024-11-11T12:52:49Z,6pJrDcYRjFgvq5k2CU8h03,Si un jour,5VTWoYYizcOY3uIKnxeCGI,La Femme,7tzlVJedDBNAlH4BJHRKLp,Psycho Tropical Berlin,158413,spotify:track:6pJrDcYRjFgvq5k2CU8h03
2024-11-11T12:51:13Z,07F8ojojIcr19BWqHJFLyo,Cavaliers,"4Rnbihd9aa3KWygk38BAZL, 0VPogECnuuH2xbYP3Rmpd4, 4WzuMp3YGOM5rOu07EH0Bm","Mansfield.TYA, Rebeka Warrior, Carla Pallone",0vV5BleNkCqapbZYSKGhZB,NYX,153346,spotify:track:07F8ojojIcr19BWqHJFLyo
2024-11-08T16:04:59Z,55vnMBaGp356g4765BF1Gl,Suivre le soleil - Monte Fino Remix,"2cDOL359PIxZf239UwINjI, 3kTWfKqqh2fxjEXVdUnWhV","Vanille, Monte Fino",61uB4ahVu0PUB8DHLyI5gP,Suivre le soleil (Monte Fino Remix),162000,spotify:track:55vnMBaGp356g4765BF1Gl
2024-11-04T19:07:19Z,6bo3wF9Gfmr7iFlIaGfo1g,Haus of Holbein,1VbWMsap5Ex2erHPlmndr0,SIX,5jTDaLFNQovRyjNcWe4cZh,Six: The Musical (Studio Cast Recording),126870,spotify:track:6bo3wF9Gfmr7iFlIaGfo1g
2024-11-04T18:36:46Z,7D0Ntx3LMFMPNtSViJLS4D,Carnaval Del Barrio,"0WJ95VwySC8v8HR504J5vR, 5PYToRCsrnvikZg3yl2JMr, 4nyZZkQQM7rXIuGpDDamgB, 0yac03Stzfyoukz2361kU7, 4aXXDj9aZnlshx7mzj3W1N, 2BFxmZrsXPazaWFVR53Wpi, 7jcRcSKFpP4o0P02lDADVN, 6BeO1KuAWBqFriL1mLHtNc, 660YptcR0hNHJ8iEr1qcse","Daphne Rubin-Vega, Stephanie Beatriz, Dascha Polanco, Melissa Barrera, Lin-Manuel Miranda, Corey Hawkins, Gregory Diaz IV, Leslie Grace, Anthony Ramos",0F3HOT0E0Jj2MSnPm6tq4n,In The Heights (Original Motion Picture Soundtrack),420171,spotify:track:7D0Ntx3LMFMPNtSViJLS4D
2024-11-01T11:00:56Z,5P6p5awCY4sMgcOqLUQcJZ,Piragua - Reprise,5n0DyB1fCh3lYJKqTZrI7N,Eliseo Roman,3VPHalWocJfe7VfbEW60zg,In the Heights (Original Broadway Cast Recording),52080,spotify:track:5P6p5awCY4sMgcOqLUQcJZ
2024-10-26T18:35:17Z,1LtctBA2TfyDkTV2bke6EZ,Hold onto Me,6vABHl7aPLdJwk0BU9cilg,YULLOLA,1hnWsjHFjb225ngJLFrDA1,Monastery of Love,144988,spotify:track:1LtctBA2TfyDkTV2bke6EZ
2024-10-11T17:01:36Z,09pOOmTsQguBIYmG1M2L1q,Ciao Paris!,5VTWoYYizcOY3uIKnxeCGI,La Femme,0DmfmHvNTUhaCXKY3JlceI,Rock Machine,204653,spotify:track:09pOOmTsQguBIYmG1M2L1q
2024-09-29T16:53:59Z,3uG4ygD1bIP3YspJm9N4KO,Flowers on the Wall,5PSWc8Y94zFsAtZlTe7ipI,The Statler Brothers,4QHliy4kCx8qc1EYbOwkEs,Flowers on the Wall,139813,spotify:track:3uG4ygD1bIP3YspJm9N4KO
2024-09-27T12:36:45Z,3WXhshrs1fzwF3rQE399Gq,Kill V. Maim,053q0ukIDRgzwTr4vNSwab,Grimes,7J84ixPVFehy6FcLk8rhk3,Art Angels,246006,spotify:track:3WXhshrs1fzwF3rQE399Gq
2024-09-25T18:43:15Z,3KYC7CK4Itjy7UXn1BaW67,Frontier,2c9yn5DJQd5es7YMY92ikZ,Holly Herndon,29sozE8XDMOHT8KK9iq4Fo,PROTO,269078,spotify:track:3KYC7CK4Itjy7UXn1BaW67
2024-09-09T15:24:01Z,5LQYVH9M3TQ8tfPUPpruOr,Fade Into You,"1ZvF4Sgnre3Rk2CpiNy077, 18ca9d5EU5R1AhVKPR1cm0","Sega Bodega, Eartheater",3237UyTC0HDTYKs24IbkM4,Fade Into You [2020],164500,spotify:track:5LQYVH9M3TQ8tfPUPpruOr
2024-09-09T15:15:57Z,7Bs1LvXNJsTuwNPkXfFq56,Drip Coda,"35uYLkqn6CkvexolH6j9O9, 65vLeQ3wfcwF6NJobtlpBv","WTRGRL, Holly Waxwing",7LSo4s0mUDNSmHUrI0Batf,Drïpsody,212949,spotify:track:7Bs1LvXNJsTuwNPkXfFq56
2024-09-08T22:02:42Z,3mOcwPVOL5K5oGw3f8rUuM,Leather Wings,0MG4LXIw7n4x0wjDc6WYXk,This Will Destroy You,72vAmnfrNfzORX6gG7p8Jf,S/T,210706,spotify:track:3mOcwPVOL5K5oGw3f8rUuM
2024-09-08T21:49:38Z,5KX2DSPC6aCA0pdDidTmBC,The Rip,6liAMWkVf5LH7YR9yfFy1Y,Portishead,4BnNSzOWadogStvyYshJIo,Third,270946,spotify:track:5KX2DSPC6aCA0pdDidTmBC
2024-08-30T10:57:11Z,5TXDeTFVRVY7Cvt0Dw4vWW,Revenge,15UsOTVnJzReFVN1VCnxy4,XXXTENTACION,5VdyJkLe3yvOs0l4xXbWp0,17,120026,spotify:track:5TXDeTFVRVY7Cvt0Dw4vWW
2024-08-26T16:31:34Z,6tcnWFr4HnXrMuDpgnKa8w,El Borrachito,1eiodDx0lIftKNviQGG95x,Chicha Libre,1gbenbhLRcuY5PaLmRrlPt,Sonido Amazonico!,294133,spotify:track:6tcnWFr4HnXrMuDpgnKa8w
2024-08-09T18:05:48Z,2UPKzhUCCfOcl53uJ4wzFM,Stamena,1XPOYUZJHFrQtrfZYKjxjK,Afion,18uhLxgBW843pq62K9tgJX,Afion,198533,spotify:track:2UPKzhUCCfOcl53uJ4wzFM
2024-08-04T11:21:41Z,0QlPpSJhqe0jdNaD82Sx9K,Sonrisas y Felicidad,5x67ISskNUwpp3KwEerULo,Cumbia Connection,0Dy2fyoZKktxFU4lfOJbJg,Sonrisas y Felicidad,194044,spotify:track:0QlPpSJhqe0jdNaD82Sx9K
2024-08-02T14:37:28Z,6Thpt8M3F6GXbXou3ZTOO4,Nikoletta,3ZYHfAVu4jrAVnv4VzRAGX,Karavan Familia,3xSwwDbIrrfkJKNBzt4ykn,Gipsy Crossroads,240533,spotify:track:6Thpt8M3F6GXbXou3ZTOO4
2024-08-02T12:43:48Z,2lqEeAsSGWKhxgmaFOHK8z,Kaval Sviri,5PshotdRI4I5wLOwJ4zYJZ,Balkan Ethno Orchestra,4wVmx1xGPw87qjp8bKQ6LL,Zora,180515,spotify:track:2lqEeAsSGWKhxgmaFOHK8z
2024-08-02T12:40:53Z,59elbUyHW9TX3vCMJBLyYz,Gusta Mi Magla Padnala,5PshotdRI4I5wLOwJ4zYJZ,Balkan Ethno Orchestra,4wVmx1xGPw87qjp8bKQ6LL,Zora,273314,spotify:track:59elbUyHW9TX3vCMJBLyYz
2024-08-02T07:38:03Z,7fOFeVSyL18q7RiU6cnhiM,White Mercedes,25uiPmTg16RbhZWAqwLBy5,Charli xcx,386IqvSuljaZsMjwDGGdLj,Charli,203133,spotify:track:7fOFeVSyL18q7RiU6cnhiM
2024-08-02T07:37:51Z,3XbNseJrIK8LzoTh4eA0Xf,"Shake It (feat. Big Freedia, CupcakKe, Brooke Candy and Pabllo Vittar)","25uiPmTg16RbhZWAqwLBy5, 2gyv1akuIB9fQvXoGSPaJr, 76SlrtEaq2oViRXulxjfuM, 3amwMyDd1uxTBoUZlazZ9m, 6tzRZ39aZlNqlUzQlkuhDV","Charli xcx, Big Freedia, cupcakKe, Brooke Candy, Pabllo Vittar",386IqvSuljaZsMjwDGGdLj,Charli,275040,spotify:track:3XbNseJrIK8LzoTh4eA0Xf
2024-07-27T21:11:02Z,6SkCySvddm4QV5FFGzqkl3,Belvedere,7AiamoV760pPGGM5PbOC6X,µ-Ziq,4H7jVo3hBetE3MOmWMA0K8,Grush,213106,spotify:track:6SkCySvddm4QV5FFGzqkl3
2024-07-27T20:48:45Z,5xJdyKtJJaHcACRw7ZFoT7,Hyper Daddy,7AiamoV760pPGGM5PbOC6X,µ-Ziq,4H7jVo3hBetE3MOmWMA0K8,Grush,325106,spotify:track:5xJdyKtJJaHcACRw7ZFoT7
2024-07-16T19:17:25Z,5nafRIDshs3RwVO0sxxgac,Dies Irae feat. Black Prez,"1fd3fmwlhrDl2U5wbbPQYN, 3kGJGwSmyImKKigpSkKnTz","Apashe, Black Prez",1cNI5bMJk11DV8PglRAd3R,Requiem,309517,spotify:track:5nafRIDshs3RwVO0sxxgac
2024-07-16T06:17:20Z,7JDTi0K6RQtHz3NXispuYe,You Like Music,"1F31FB7Y6ic4844PbqMf7c, 3r9l7YHJqaHJR0hnabBbY9, 4yk43MhqPWsrrzoRyoMZhv","death's dynamic shroud, dj galen, galen tipton",1WmQsslshNgEpqnIkradrq,You Like Music,226476,spotify:track:7JDTi0K6RQtHz3NXispuYe
2024-07-11T08:18:21Z,0FCVoK7HRBqnFcgvf1As5M,Butterflies,1F31FB7Y6ic4844PbqMf7c,death's dynamic shroud,72W7TzrmjvTkUtk7Cmv0ag,Live from Japan,230798,spotify:track:0FCVoK7HRBqnFcgvf1As5M
2024-06-23T20:12:44Z,6XTS0mSi9fSewFudr1pY2j,SAVING GRACE,4EnymklUyqZwvmHQGlRssl,Saya Gray,71XSXeqU8507mW0raHyeUN,19 MASTERS,172059,spotify:track:6XTS0mSi9fSewFudr1pY2j
2024-06-23T19:10:36Z,249L7XvMpl08wN5vhivz1j,Debold,5iUnvXddCpOrbWKm7QMr6o,Vegyn,3UlMZUzswHGJKzPigY936g,Only Diamonds Cut Diamonds,163973,spotify:track:249L7XvMpl08wN5vhivz1j
2024-06-23T18:35:59Z,3OWwpBDb1VYHkkRh3Goqxn,Poster Girl,3sXErEOw7EmO6Sj7EgjHdU,Hannah Diamond,1ChwZuPoRvA8Z5uprRsO2P,Perfect Picture,223506,spotify:track:3OWwpBDb1VYHkkRh3Goqxn
2024-06-05T22:14:24Z,6yGAgWa1aMglog9hnFyyM7,Ville,3JpL06DxPRePrKeYaRhKwH,Jumo,7sQjqDj5cm2obfYRwcJvwn,Dérive,132000,spotify:track:6yGAgWa1aMglog9hnFyyM7
2024-05-24T16:58:32Z,5XZU3Z7ABYzsyRDOqSVXy7,black0ut,3V3EAJjX9EmvSsjm79J32j,Reysha Rami,31HvG7Y7h3JcL2nOmzsfxk,black0ut,116280,spotify:track:5XZU3Z7ABYzsyRDOqSVXy7
2024-05-23T14:37:08Z,1i1TL5uD9Z3bOtQxRUz0vQ,"wherever you hide, the party finds you",64s6yr2vWCKyr5Ldwaslwk,Iliona,6bdnYaYOkqDq9aXNgXNx3f,Tête brûlée,207139,spotify:track:1i1TL5uD9Z3bOtQxRUz0vQ
2024-05-22T19:13:25Z,1eGY0qKwOAsJ9Yzj2qlZYR,Reste,64s6yr2vWCKyr5Ldwaslwk,Iliona,22h05F6prwHF4JTEOk7Ltv,Reste,169044,spotify:track:1eGY0qKwOAsJ9Yzj2qlZYR
2024-05-16T06:53:07Z,0RF7dNQt8MYrYFwdLE2wV0,29時はビビッド,"67dtSHfEqrggSaOaicpaXq, 0m7tILDYjOZCFFVVGmI3io","suisoh, Such",5pNIvJAkRup2UJb5CaRyoM,事後叙景,177856,spotify:track:0RF7dNQt8MYrYFwdLE2wV0
2024-05-15T20:21:16Z,2TdDZUcgwxrOHawTNI4vfW,prickly pufferfish,4yk43MhqPWsrrzoRyoMZhv,galen tipton,5vEMPjJgxW0rb2Z52FRdhK,nymph tones,107169,spotify:track:2TdDZUcgwxrOHawTNI4vfW
2024-05-07T19:56:51Z,1hVfmdOMltfp7iheomu4Rj,Óskasteinar,28meEMqGpDrolyQ9OVoDAH,Kælan Mikla,09F0rcm5kcsmNBV5UX2HHd,Undir Köldum Norðurljósum,331276,spotify:track:1hVfmdOMltfp7iheomu4Rj
2024-05-07T18:42:23Z,1z4LsourRpHWk1RVCwQU2D,David Holm,"28meEMqGpDrolyQ9OVoDAH, 76ARhv4wgtDbxZWzBkZLOY","Kælan Mikla, Bardi Johannsson",1EW3NeXw2wonnFk2NEz0No,The Phantom Carriage (Original Soundtrack),320000,spotify:track:1z4LsourRpHWk1RVCwQU2D
2024-05-04T20:42:03Z,39Pudjd7JS8NosYN24m7Hc,mememe,6PfSUFtkMVoDkx4MQkzOi3,100 gecs,2XS5McKf3zdJWpcZ4OkZPZ,"10,000 gecs",166013,spotify:track:39Pudjd7JS8NosYN24m7Hc
2024-04-27T12:09:17Z,5zAhEqzBWIEasxb6sew8nI,Not For Sale,05fo024EFotg9songSENOZ,CocoRosie,4ko59X16caF6tU88GhU2iK,La Maison de Mon Rêve,79866,spotify:track:5zAhEqzBWIEasxb6sew8nI
2024-04-24T06:47:06Z,6TqyaDJqhtZkENDENy0LKe,Kota on the plane - MGNA Crrrta Remix,"3MekbRujJg5VZThubOlrkR, 6qjD8KqRe2dyNBsq1RcpaT, 1pNs3qwMBJ0q4lyASth9Ye","Ninajirachi, Kota Banks, MGNA Crrrta",3GM9knfczDc5qvrFAwL70Y,Kota on the plane (MGNA Crrrta Remix),173046,spotify:track:6TqyaDJqhtZkENDENy0LKe
2024-04-23T21:12:34Z,2xsxWhuajHXZuW8aPDtq3z,Contagious,1pNs3qwMBJ0q4lyASth9Ye,MGNA Crrrta,43ZO099zRzcgZ28axFoOSz,Contagious,142000,spotify:track:2xsxWhuajHXZuW8aPDtq3z
2024-04-23T16:47:02Z,23N5BhdBoO1AnFy9gsWZzm,Rave à Versailles,5RmuisBjJdDZ2OaLmWVMYu,Contrefaçon,1C1CIudEbgPuYX3IeyIbhd,Mydriaze,221020,spotify:track:23N5BhdBoO1AnFy9gsWZzm
2024-04-23T16:39:37Z,7wfYWAqavqIsNDdoXa3tdG,A Demain,441WboQSNXQCGoWp7rsHWv,Evil Grimace,5Ad7GDVEuKoX0njGI2EJbl,Mes Larmes,184123,spotify:track:7wfYWAqavqIsNDdoXa3tdG
2024-04-23T06:33:01Z,57S7JmztNeYbGzpW3F6nNu,La mort avec toi,1ScFJG5ccOnTPPUin8cPFu,Gargäntua,3QyhNxPPazsPhfA3QyJ4xf,La mort avec toi,195001,spotify:track:57S7JmztNeYbGzpW3F6nNu
2024-04-22T18:31:13Z,5fPCMAPw8uMlx4RxfavEZh,heart in 2,3ypTgZWVLSkBaTjFNjSDE8,ultra caro,6uweU9CdxvCPnQ6zaTLlZl,Heartbeats/Heartbreaks,250400,spotify:track:5fPCMAPw8uMlx4RxfavEZh
2024-04-22T06:51:36Z,6XXXWiYJTPPVHxHewxGeY5,Garçon manqué,64s6yr2vWCKyr5Ldwaslwk,Iliona,6bdnYaYOkqDq9aXNgXNx3f,Tête brûlée,211386,spotify:track:6XXXWiYJTPPVHxHewxGeY5
2024-04-21T21:06:00Z,2epbL7s3RFV81K5UhTgZje,Lemon Tree,0jRqFvRKCDryHOgrgFqsKG,Fools Garden,3epesmrZX0KYpeImQtcVUa,Dish of the Day,191026,spotify:track:2epbL7s3RFV81K5UhTgZje
2024-04-21T21:03:51Z,3XDeeP9wBZzGhIPZmLfEEx,Karma Chameleon,6kz53iCdBSqhQCZ21CoLcc,Culture Club,0VgBqlPrvUQsOqSwzA0fET,Colour By Numbers,252760,spotify:track:3XDeeP9wBZzGhIPZmLfEEx
2024-04-16T16:50:15Z,656sGDWJGpUsjaorGy8EHs,Tu me manques,7hhIUoiI41fPdE0hEcpr2U,Laurie Darmon,197Q7TGHGpRQkPLAmXpSzw,Tu me manques,174041,spotify:track:656sGDWJGpUsjaorGy8EHs
2024-04-12T06:34:17Z,7Dexi5Z2IowCkHrnzlWysc,claws,25uiPmTg16RbhZWAqwLBy5,Charli xcx,3a9qH2VEsSiOZvMrjaS0Nu,how i'm feeling now,149390,spotify:track:7Dexi5Z2IowCkHrnzlWysc
2024-04-11T06:41:54Z,5t51fpXnXynltnG9FvpzLL,La La La,441WboQSNXQCGoWp7rsHWv,Evil Grimace,5Ad7GDVEuKoX0njGI2EJbl,Mes Larmes,161212,spotify:track:5t51fpXnXynltnG9FvpzLL
2024-04-11T06:34:33Z,4JV4FHPoBUygUKS385To8v,Joe La Douille,441WboQSNXQCGoWp7rsHWv,Evil Grimace,5Ad7GDVEuKoX0njGI2EJbl,Mes Larmes,206433,spotify:track:4JV4FHPoBUygUKS385To8v
2024-04-11T05:50:34Z,7q0H1DJ7glvbqo5vXatoAn,Mes Larmes,441WboQSNXQCGoWp7rsHWv,Evil Grimace,5Ad7GDVEuKoX0njGI2EJbl,Mes Larmes,162435,spotify:track:7q0H1DJ7glvbqo5vXatoAn
2024-04-10T19:50:35Z,4CJCSe5tyh0ukY0RL8bfvc,Ouverture,3ouOqsGg5Xp5IKG8yiIzAP,RAUMM,3WteG9z40il319o7V8Jt3X,Demain Sera Meilleur (Original Motion Picture Soundtrack),118260,spotify:track:4CJCSe5tyh0ukY0RL8bfvc
2024-04-10T19:50:05Z,1MKcV6JCPmzdAQnCI4VOpd,L'acqua fresca,"4Rnbihd9aa3KWygk38BAZL, 0VPogECnuuH2xbYP3Rmpd4, 4WzuMp3YGOM5rOu07EH0Bm","Mansfield.TYA, Rebeka Warrior, Carla Pallone",5iQxynqu3B2KR3XsrU0HrK,Monument ordinaire,144000,spotify:track:1MKcV6JCPmzdAQnCI4VOpd
2024-04-09T05:45:15Z,4fSUKZkNYgEFFFbzT8o7Uj,nanana,3ETvRzzQK7ppB28GcAE8rN,Mietze Conte,5yPh8kBP139pDobFcpumCP,nanana,122666,spotify:track:4fSUKZkNYgEFFFbzT8o7Uj
2024-04-08T15:56:44Z,5tmrMIajDQRBcJQPaoAGdk,BULERÍAS,7ltDVBr6mKbRvohxheJ9h1,ROSALÍA,6jbtHi5R0jMXoliU2OS0lo,MOTOMAMI,155861,spotify:track:5tmrMIajDQRBcJQPaoAGdk
2024-04-08T06:49:12Z,7FuyZvm8Bc4Cb56KPwWFpc,bunnybunnybunny,3ETvRzzQK7ppB28GcAE8rN,Mietze Conte,50mBk35e191Z8zzGwMXdW1,bunnybunnybunny,88040,spotify:track:7FuyZvm8Bc4Cb56KPwWFpc
2024-04-08T06:42:04Z,5msFrNF50RA0EgPDNGCfvO,Riquitta,6yNXUzxIakMVY5LoVgZGHG,Sexy Sushi,7kCSBYYAxDsw2J0VDfpzE3,Mauvaise foi,112599,spotify:track:5msFrNF50RA0EgPDNGCfvO
2024-04-07T09:57:01Z,6In0XQ2hzhfHbW5L6mkc4j,Absolutely Cuckoo,6RWjTQqILL7a1tQ0VapyLK,The Magnetic Fields,2GuROKcqyHdpIDcgxml1C7,69 Love Songs,94746,spotify:track:6In0XQ2hzhfHbW5L6mkc4j
2024-04-05T14:01:49Z,3GBgcomUb0yvKfkxybq7mN,Twist And Shout,1bs7HoMkSyQwcobCpE9KpN,The Mamas & The Papas,0zR6CIh3f8DFFzIee5AWwp,Deliver,173306,spotify:track:3GBgcomUb0yvKfkxybq7mN
2024-04-04T06:46:46Z,6yOeP45D6bNbtQgD3ssQfL,Frog On The Floor,6PfSUFtkMVoDkx4MQkzOi3,100 gecs,2XS5McKf3zdJWpcZ4OkZPZ,"10,000 gecs",161680,spotify:track:6yOeP45D6bNbtQgD3ssQfL
2024-03-30T17:49:58Z,6kTxmVtwFSqOLatUYH57FH,Affirmations,3sXErEOw7EmO6Sj7EgjHdU,Hannah Diamond,1ChwZuPoRvA8Z5uprRsO2P,Perfect Picture,214493,spotify:track:6kTxmVtwFSqOLatUYH57FH
2024-03-29T17:37:56Z,6ydEhrdfzhI29D2NBAqUY1,Quimbara,"09947uhj2ZwU9mFXK5v50o, 2weA6hhVqTIN2gSn9PUB9U","Johnny Pacheco, Celia Cruz",416lPCtckkTOPYQslZ6QH1,Celia & Johnny,291946,spotify:track:6ydEhrdfzhI29D2NBAqUY1
2024-03-27T16:30:00Z,5VxmI3IdgAxWVvUnJoLuY2,Speed Drive (From Barbie The Album),25uiPmTg16RbhZWAqwLBy5,Charli xcx,6MLx7SZjcmMHNUJc1Tcir0,Speed Drive (From Barbie The Album),117809,spotify:track:5VxmI3IdgAxWVvUnJoLuY2
2024-03-19T07:36:16Z,2OcgUwz7uomyLpOi0juero,FullMoon,5YeoQ1L71cXDMpSpqxOjfH,Sonata Arctica,3rM1PNwpD1hWbFTHVUoyuc,Ecliptica (International Version),308026,spotify:track:2OcgUwz7uomyLpOi0juero
2024-03-13T07:32:10Z,4cdatGZQkKpBKZOiXptz5I,Tongues,2WIb75pwIt78VCAhAtPObY,Tanya Tagaq,565j8hb4CaU9pWZSz7tVMh,Tongues,202083,spotify:track:4cdatGZQkKpBKZOiXptz5I
2024-03-03T15:02:27Z,49ya2VNw4KPe3SM7XNZLuw,Truth,1Vi0Dq6hC56i3a6eVA9Y6g,Himera,49U92LrYD1RLXztorodW4B,Fragile,176191,spotify:track:49ya2VNw4KPe3SM7XNZLuw
2024-03-03T13:47:31Z,0uQnUnYAhbmpCxTlUMD0AH,O,3NsSv8HchEwfa7bGkjb4ZC,ML Buch,5ZrwHSdgcX7sgHpc373KEn,Skinned,73763,spotify:track:0uQnUnYAhbmpCxTlUMD0AH
2024-02-29T12:39:19Z,5JxyDHWj4XMRgvuRzWd9JK,Gateways,6e8ISIsI7UQZPyEorefAhK,Dimmu Borgir,1lAP0ZWj2nDXDHcChtDzSO,Abrahadabra,310026,spotify:track:5JxyDHWj4XMRgvuRzWd9JK
2024-02-28T14:03:23Z,19uflb9gPV2DAOd7bnFMEq,*incoming*,3FwaHWrtYyjvLE06Bzcecu,Bby Eco,0Rf6IhlDNrwUFCvAIXRBjg,Grow!,108214,spotify:track:19uflb9gPV2DAOd7bnFMEq
2024-02-28T13:41:59Z,19EW3vZdo7R1QmMGkf5TvQ,Mir-Cam Startup,0sqfDFd4rYzLfEKpIvJTUc,Giant Claw,7pyzhrIqI26oUxVurJ0WnH,Mirror Guide,100565,spotify:track:19EW3vZdo7R1QmMGkf5TvQ
2024-02-26T18:33:15Z,1Jqhex0HTu7xBt9omDa77j,PAROLA - 2021,"2LmP2eHIAmprDBQfi4jiBC, 29MmyntTLNqDaII5ysLgJZ","Donato Dozzy, Anna Caragnano",2lSu8hG4CWCItrbmjNYYt9,Parola,211893,spotify:track:1Jqhex0HTu7xBt9omDa77j
2024-02-23T16:55:42Z,09ID9xg4JsT6Zqyg5hPgBR,Apus,3Hue0QXHSHhpjbqWk3HmtY,Danit,05WSKyQ8c6mY8IpIVangkd,Aliento,239019,spotify:track:09ID9xg4JsT6Zqyg5hPgBR
2024-02-23T16:45:49Z,33GK0A71RuvPaaKYzuvMbH,Q’antataita,"1cn8pXFy2vTp0HhYsCoVIp, 3Hue0QXHSHhpjbqWk3HmtY, 6i99wM3lMxzfNx44bre7xg, 30YziAqRdJP556JuNxh2yp, 3OSYVINCz3vaPYV4DhvSS7, 5sCkmFL0biEwQH8qbv4J3o, 1LFDOLQqvrWj6DEFhOD9uS, 5QLlRySF9TdTZ6SvLdudmd, 3tKUYUkM4LpITWpH8VZd6j","Puentes, Danit, Nick Barbachano, Jonas Winter, Misha Mullov-Abbado, Mao Tatanka, Reuben Darling Khan, elad neeman, Ninad",6aNGXyDtUroQDRDGWXq29z,Amerikua,301469,spotify:track:33GK0A71RuvPaaKYzuvMbH
2024-02-17T11:06:18Z,1HogDCzANgKv9mE8MgeYKg,mr useless,"3M3wTTCDwicRubwMyHyEDy, 0GG2cWaonE4JPrjcCCQ1EG, 4qUk32dcxFNOv89M0iUItq","Shygirl, SG Lewis, Club Shy",2nORxS6P2LcQHuTHbH8rgZ,mr useless,149506,spotify:track:1HogDCzANgKv9mE8MgeYKg
2024-02-17T09:06:55Z,4WpmwEdc4RBos8W8icSSxW,Moonlight Shadow,562Od3CffWedyz2BbeYWVn,Mike Oldfield,6DCKvIzj7NnAwmdtI010JY,The Mike Oldfield Collection,218186,spotify:track:4WpmwEdc4RBos8W8icSSxW
2024-02-17T09:06:47Z,2T3jgoAMbBXiMMD8pSc6QL,This Is The Life,1hJuGCUpefX24GFmss9bjH,Amy Macdonald,5DaToG3KvHnUgTPqY4cEbq,This Is The Life (eDeluxe),184413,spotify:track:2T3jgoAMbBXiMMD8pSc6QL
2024-02-16T18:37:11Z,1H5VQuShs4qfwBXyHF0PeH,Narcotic - Radio Edit,0wgLwvDNCHdJ9FblyyD4Dc,Liquido,79EDJF2fJnnM7YVKCAeQXj,Narcotic,236150,spotify:track:1H5VQuShs4qfwBXyHF0PeH
2024-02-14T13:54:44Z,6F2zMD3XQ4SoWS8YmbCbXC,LONELY MACHINES (feat. 100 gecs),"0FWzNDaEu9jdgcYTbcOa4F, 6PfSUFtkMVoDkx4MQkzOi3","3OH!3, 100 gecs",0GULTbSZE0OT64Al2LwbyU,NEED,148671,spotify:track:6F2zMD3XQ4SoWS8YmbCbXC
2024-02-09T15:53:03Z,1rMlnD8S0hX7IHZXZDt3gH,Everything Matters,"1WgXqy2Dd70QQOU7Ay074N, 6e3pZKXUxrPfnUPJ960Hd9","AURORA, Pomme",2HPgGJnpimfmFPMjP0syqY,The Gods We Can Touch,213906,spotify:track:1rMlnD8S0hX7IHZXZDt3gH
2024-02-06T16:51:31Z,172wkVKqT2Q5xYvI2ez5MI,Secret Garden,"2f1BFOhuLHw7mXfquuG85y, 6rbVD4QiFbfXuqHaZ6DxEY","Ö, Nömak",5s2MU4pZMy6B3guYWxlLX5,Hypernormality,306026,spotify:track:172wkVKqT2Q5xYvI2ez5MI
2024-01-28T12:51:36Z,4oU9lNBdItb2O8LC8fTs4h,All the Small Things,3FPflECmvkrze212dLPRSC,GFOTY,2k5HlmocImUDMDh80YXFXH,GFOTYBUCKS,85500,spotify:track:4oU9lNBdItb2O8LC8fTs4h
2024-01-24T13:57:53Z,6QKt4gCfzsLqs0HlrxFj0a,Adam & Steve (Count Baldor Remix),"202HZzqKvPsMHcbwnDZx7u, 6PVWZrJ7N7zrg4Ljr6OfUN","Dorian Electra, Count Baldor",1NcvdqVDbyvZFaZW0cptZe,Flamboyant (Deluxe),193534,spotify:track:6QKt4gCfzsLqs0HlrxFj0a
2024-01-23T22:29:58Z,1Dr5JexwA15wmKe7Y7maA9,Past Lives,1KP6TWI40m7p3QBTU6u2xo,BØRNS,17l7MIu0Jh0tdgK7or9ovw,Dopamine,274320,spotify:track:1Dr5JexwA15wmKe7Y7maA9
2024-01-21T01:03:13Z,569JkcYdBP3dGRnEUnZzh2,Yarin,4ku2JEXg2nndNV75aeZKgs,Technical Hitch,32CwECphb7H9LMxEw663X8,Yarin,410823,spotify:track:569JkcYdBP3dGRnEUnZzh2
2024-01-20T17:55:01Z,5rBQiFqR3o7STGuNpEONW3,Marketa,"25BObiRSDCMwVrBGIVaLIf, 3jAdN6k0KlW1X48AUizxn4","james K, Drew McDowall",7N3UulF57VgBOz0Mkb9eOU,Random Girl,560480,spotify:track:5rBQiFqR3o7STGuNpEONW3
2024-01-15T15:47:14Z,2uhMO2asSGhkTvOykBy7HB,POWER FANTASY,"6FfjnGXMhxSsJTuGLWBDth, 6PfSUFtkMVoDkx4MQkzOi3","HEALTH, 100 gecs",6HodZ9bCtPbrWSqMlIEuvK,DISCO4 :: PART I,181906,spotify:track:2uhMO2asSGhkTvOykBy7HB
2024-01-04T12:28:19Z,65uoaqX5qcjXZRheAj1qQT,Dernière danse,0FEJqmeLRzsXj8hgcZaAyB,Indila,1r7XjAgjwlakmXC2GbPXjH,Mini World,213493,spotify:track:65uoaqX5qcjXZRheAj1qQT
2024-01-01T20:08:01Z,5mKoDE3hZqVHvv1ZAwUBR6,Working All The Time,17UUkxLWmRP5P47W5kwVVb,Xenia Rubinos,68AEf03cJgTNpj5mQRQez4,Una Rosa,120504,spotify:track:5mKoDE3hZqVHvv1ZAwUBR6
2023-12-27T23:47:43Z,18lIrVha9DCa7Bn54HGAIz,Pumped up Kicks,0lJkD4qYtseAvaYqw3iXOq,Tongo,7zb0kRCQwrxzTQUvDXq6Be,Mis Éxitos,420937,spotify:track:18lIrVha9DCa7Bn54HGAIz
2023-12-24T11:57:11Z,37Iurk7tldnNLPYpSq00Ol,Hey Big Eyes,4Ge8xMJNwt6EEXOzVXju9a,Caroline Polachek,4ClyeVlAKJJViIyfVW0yQD,Pang,234081,spotify:track:37Iurk7tldnNLPYpSq00Ol
2023-12-16T15:09:15Z,4IDBNbNvzLTsjSzrOziu5e,Taco,"1Vi0Dq6hC56i3a6eVA9Y6g, 7j7kL8K4GE1z5Cdxl7ucBF","Himera, Tohji",0lc9wmeVGib7NbJny87XMh,Taco,191549,spotify:track:4IDBNbNvzLTsjSzrOziu5e
2023-12-16T10:56:43Z,7wdwIaXUuzlu1grzWMFRJm,Mary On A Cross,1Qp56T7n950O3EGMsSl81D,Ghost,1BbfbJZan9d1srv8aHavom,[MESSAGE FROM THE CLERGY],244804,spotify:track:7wdwIaXUuzlu1grzWMFRJm
2023-12-15T22:32:32Z,46nXKRBeHUxVFvyxkcGPWF,my fault,502gYHkFCtLzBIcU4ctPLd,Zeph,6yngFpZeMWDDIz2Mlk4ToP,crush (demos),60881,spotify:track:46nXKRBeHUxVFvyxkcGPWF
2023-12-15T11:51:24Z,0cYsiOzerJ7PvTyQdwASXl,Kyoto (Glitch Gum Remix),"1r1uxoy19fzMxunt3ONAkG, 1wpftBruYql3kTa4Px6kze","Phoebe Bridgers, Glitch Gum",3B83CmsoSCZUrzZfbt4RyX,Kyoto (Glitch Gum Remix),159813,spotify:track:0cYsiOzerJ7PvTyQdwASXl
2023-12-13T00:30:01Z,1wqI8em4G3T7k4RAN7w00j,Ca milla dia dì,6DEkxQm6GxNV26tUMfVf6c,Daniela Pes,7DYBxO2TIbsSvXx4oJt8UX,Musicultura Festival della canzone popolare e d'autore XXIX Edizione (2018),239413,spotify:track:1wqI8em4G3T7k4RAN7w00j
2023-12-11T18:44:40Z,1LBLEAMse3jta25SKwGs37,Laissez-moi danser,"1sJDvsoQ9X10dibPnSSlsV, 6e3pZKXUxrPfnUPJ960Hd9","Waxx, Pomme",66BR3VEZqTOgclJxBlClQK,Laissez-moi danser,172360,spotify:track:1LBLEAMse3jta25SKwGs37
2023-12-11T13:31:41Z,5YgXVo1eBpGSsLFhRkrwQw,745 sticky (Black Dresses Remix),"6PfSUFtkMVoDkx4MQkzOi3, 7FFwJQ58hAy7PMo4lUBW96","100 gecs, Black Dresses",0qnExDZfz0kVeBjixPsyjS,1000 gecs and The Tree of Clues,171613,spotify:track:5YgXVo1eBpGSsLFhRkrwQw
2023-12-10T14:12:43Z,7j2ndaQUpmPwNIldHMIe0N,Follow The Night,0GLGeVG3XTA2KmlmAd05T8,Sam Quealy,7lVS853ILEobesEJ2p68ga,Blonde Venus,271946,spotify:track:7j2ndaQUpmPwNIldHMIe0N
2023-12-10T14:01:03Z,2rNFi3RhU9YPrIdD60h5jX,Beyond the Brake,4G6HhUUQ1LgyYnA2WJppf8,Colin Stetson,1FxxLyGe7wRDxIljda1IQZ,Beyond the Brake,92666,spotify:track:2rNFi3RhU9YPrIdD60h5jX
2023-12-09T14:54:20Z,0zo2luRLROTjMT0SXAn4ID,comet,3ypTgZWVLSkBaTjFNjSDE8,ultra caro,5Jqx4l2yPgLC69gZth2agE,wild at ♡,192880,spotify:track:0zo2luRLROTjMT0SXAn4ID
2023-12-09T14:29:30Z,1VtCTVIEibFiE1LsTfrg03,over u (Himera Remix),"3ypTgZWVLSkBaTjFNjSDE8, 1Vi0Dq6hC56i3a6eVA9Y6g","ultra caro, Himera",56SSgjwx2wWcuZn8SnWB9R,Heartbeats/Heartbreaks Remixes,254976,spotify:track:1VtCTVIEibFiE1LsTfrg03
2023-12-09T13:26:44Z,1E1opYkGrFzzJnHyVHDZvq,LEGEND,"5HvKzBgj4yphQfBJjBJrhL, 4ukk0IyB7vL97QirpOcNr3","Alice Longyu Gao, Alice Glass",4eLLKhnfVgXbNeiZfKXWfb,LEGEND,157752,spotify:track:1E1opYkGrFzzJnHyVHDZvq
2023-12-09T12:45:14Z,36T6UzxRznWRn038GvM7U5,Beautiful - 2023 Edit,335TWGWGFan4vaacJzSiU8,A. G. Cook,3LEJXj4WKlgjnEFQJscKJS,Beautiful (2023 Edit),184840,spotify:track:36T6UzxRznWRn038GvM7U5
2023-12-09T00:04:32Z,13UzuctdcohF26aclae8H4,13.06.2021,0TGeOStDbxqVi8UJdBQsEx,Zélie,1ecFixXc3NkiBdVoTf8HOg,13 juin 2021,80000,spotify:track:13UzuctdcohF26aclae8H4
2023-12-08T22:52:01Z,3ce5BdXF8otY6x6BAulT0u,Dimanche,7pcG7za39JaUHalwqiuCt9,MPL,5yUCz9DHFabouebIfRFQ5c,Ma pauvre Lucette,87413,spotify:track:3ce5BdXF8otY6x6BAulT0u
2023-12-04T23:00:21Z,4Di1uB71Stxs3U2dSuD7A4,body,7fnMav7xXJwwjbyWbSjF4C,Gia Margaret,4gUogQWs36SUWkpA7Kqitm,Mia Gargaret,139219,spotify:track:4Di1uB71Stxs3U2dSuD7A4
2023-12-04T22:55:44Z,3BIOgDZVS4iAmtDJ1S6RrD,On A Mountain,"1PNvaesh1mkKZucGhBuqgD, 4LCPHYqTPj7QWkq0G7wKVM","Danny L Harle, DJ Danny",4axEKjoWXw9lTXvLPUR3HZ,Harlecore,186480,spotify:track:3BIOgDZVS4iAmtDJ1S6RrD
2023-12-03T20:18:37Z,2ag6YV2ruIBMYfoVTKZrOo,The Tinker,71ISXR7gtIq5E2AdI3jGf0,Maruja,1mye2e9cvWBLIrY2b59fFN,The Tinker,314517,spotify:track:2ag6YV2ruIBMYfoVTKZrOo
2023-12-02T12:41:56Z,1yU7OalvfBW2N6qmFEppH6,gec 2 Ü (Remix) [feat. Dorian Electra],"6PfSUFtkMVoDkx4MQkzOi3, 202HZzqKvPsMHcbwnDZx7u","100 gecs, Dorian Electra",3eGCY0oikuj8ZH02Wvmdn5,gec 2 Ü (Remix) [feat. Dorian Electra],166356,spotify:track:1yU7OalvfBW2N6qmFEppH6
2023-11-30T23:50:51Z,6fqvUpX22pKXPmSMDDLcvE,Real Love,3fltJDUjkXrpaKBTS485F6,Chris Lee (Li Yuchun),61uKOuQKoQvhnbekaFw2qR,Real Love Only You,223760,spotify:track:6fqvUpX22pKXPmSMDDLcvE
2023-11-30T23:44:01Z,0doMVvS306k2FavDtmNLJ0,Gosh,7A0awCXkE1FtSU8B0qwOJQ,Jamie xx,0JvnQNMxBPhsPmCUPqjyXx,In Colour,290973,spotify:track:0doMVvS306k2FavDtmNLJ0
2023-11-30T23:31:18Z,7C9wMV1U0DzeqDso5297hc,gold,0aoBUiGI5wrK7DOWJAzAKe,Planet 1999,0TrSCCZgwkfrfFAA2IfO4D,this is our music ♫,153146,spotify:track:7C9wMV1U0DzeqDso5297hc
2023-11-24T11:14:29Z,0YVjmbwlpZgjj5dkDBC8U5,20k feet under (Petal Supply Remix),"3ypTgZWVLSkBaTjFNjSDE8, 3QpNnKSjUIIMwFei8h3eOj","ultra caro, Petal Supply",56SSgjwx2wWcuZn8SnWB9R,Heartbeats/Heartbreaks Remixes,131148,spotify:track:0YVjmbwlpZgjj5dkDBC8U5
2023-11-22T21:50:27Z,6aFYhF9iSJv4OCee099HxM,The King,4CmXLOB2gQfewLf8iTbNVp,Anjimile,0ouw4GHpv8UexlEOMidhwJ,The King,224524,spotify:track:6aFYhF9iSJv4OCee099HxM
2023-11-22T21:14:57Z,6PWkv2o1eN0zwCjv84RgtL,Good Grounds,2WcqiTkQbwFH3hHZ0Xrfl9,Fallwander,4NnMcBS50RFGzf2Fe49qvO,Good Grounds,305973,spotify:track:6PWkv2o1eN0zwCjv84RgtL
2023-11-22T12:47:15Z,04qFAC848dJB4dO7RFfmnS,Kaval Sviri - A Kaval Is Playing,1UoienXU98KBpm3swSgdf9,Ensemble Trakia,1inG6GVj8ISjORjbZPb2Gq,Bulgarian Folk Ensembles And Songs,133493,spotify:track:04qFAC848dJB4dO7RFfmnS
2023-11-21T21:31:11Z,5CsZsGlmbvSBJqilcODxVs,Paranoid,4RhJ79LFbfmdtpuir6C9nR,Alice Gas,1a8Y2Fass8O0nFSjKu0ou6,Paranoid,130877,spotify:track:5CsZsGlmbvSBJqilcODxVs
2023-11-16T18:14:55Z,68zpgv8pRtHuLUoGbAEbgr,Ah Ya Bibi,40iJCAOCz6nhRs6CbsAtOg,Fanfare Ciocarlia,0qLIek5yg2uee1tEotPKRQ,Radio Pascani,119093,spotify:track:68zpgv8pRtHuLUoGbAEbgr
2023-11-15T20:24:43Z,6wN44bTVovyqh3S4fT61Eb,Stay Hydrated!,5RECxqPUWytzhwKabZ1lWx,Any Other,5s6m5iwQIhg2VvAhNqGy7H,"Two, Geography",74093,spotify:track:6wN44bTVovyqh3S4fT61Eb
2023-11-13T18:44:15Z,0UC6CJgTFCikxLJZMNw8Xu,Le vent nous portera,3nOQJdlPEzFVhTEzxwcGax,Sophie Hunger,2vZVdy9Me7olnm2GEbhPYv,1983,226184,spotify:track:0UC6CJgTFCikxLJZMNw8Xu
2023-11-10T16:09:21Z,6Wzsi59tGpSu8QSrVHrnTf,11 Months,1F31FB7Y6ic4844PbqMf7c,death's dynamic shroud,59hcUiG7deXYwSgSqTnpDA,Midnight Tangerine,357000,spotify:track:6Wzsi59tGpSu8QSrVHrnTf
2023-11-10T11:46:53Z,79ocQFpSVnyQ7qokQSYbU6,Illa Sera,6DEkxQm6GxNV26tUMfVf6c,Daniela Pes,1a8ThwO86pH1QSjVYAeC5H,SPIRA,243466,spotify:track:79ocQFpSVnyQ7qokQSYbU6
2023-11-04T22:58:43Z,2qkgDGAmhi7Xu3Cjogx553,Umbrella,1Vi0Dq6hC56i3a6eVA9Y6g,Himera,4wUkGHrBWMQ4yoarSq8wk2,Sharing Secrets,168413,spotify:track:2qkgDGAmhi7Xu3Cjogx553
2023-11-02T13:47:02Z,3DdcRfwNMLkWRs8fr1tyOL,Life / Odyssey,1Vi0Dq6hC56i3a6eVA9Y6g,Himera,0ovpLu8NmfoFYwZou49PTV,ANGEL,147200,spotify:track:3DdcRfwNMLkWRs8fr1tyOL
2023-10-30T11:46:57Z,7eFbdQUdRuY4wHNFNqPeyW,Come2Dubaii - MGNA Crrrta Remix,"5HvKzBgj4yphQfBJjBJrhL, 1pNs3qwMBJ0q4lyASth9Ye","Alice Longyu Gao, MGNA Crrrta",3Ba98UNC3N5Q8ItecUXm3V,Come2Dubaii (Remixes),109125,spotify:track:7eFbdQUdRuY4wHNFNqPeyW
2023-10-28T22:58:13Z,2boYIpJVzkugP7BwAaVzGw,Laisse-moi t'aimer,7hhIUoiI41fPdE0hEcpr2U,Laurie Darmon,0RSn60sXgnT1Fql7G87P0q,Femme Studio,237427,spotify:track:2boYIpJVzkugP7BwAaVzGw
2023-10-28T20:38:17Z,7mMlbJlXXo2mRtQ4R9sIzD,Hide and Seek,6Xb4ezwoAQC4516kI89nWz,Imogen Heap,0t0Cr8jA63wlm8nWj7qfvJ,Speak for Yourself,268979,spotify:track:7mMlbJlXXo2mRtQ4R9sIzD
2023-10-23T13:19:57Z,5QDrCkehm2Q5MOJQrIvz9m,Sunshine - Panda Dub remix,"4Lu4jDj4ky1wxvRDgL90tc, 5DkgLMKJNj9oYAgbZwzpLo","Flavia Coelho, Panda Dub",6RxodIziXaXSUDMzTDdVBe,Horizons,300143,spotify:track:5QDrCkehm2Q5MOJQrIvz9m
2023-10-22T22:49:01Z,1QXCPowkJZAO5EZ344Yu44,Seuls et vaincus,"69irZ4R8OsrLHjr6VmMmMg, 5Vby8ALwGN41v2nXpu2TSO","Gaël Faye, Melissa Laveaux",5NikQBD6va9zDiSQ5yUhFV,Lundi Méchant,182661,spotify:track:1QXCPowkJZAO5EZ344Yu44
2023-10-21T15:41:10Z,08rIt3Q6E92cQqX73pNwX8,Bucovina Original,0F8l1raRpXvRCsTrfSVocA,Shantel,2krOIZdsEO3s3c2XLgaUvJ,Planet Paprika,170320,spotify:track:08rIt3Q6E92cQqX73pNwX8
2023-10-21T14:48:06Z,2a2BJJ1EcwXBOjtn6diUDD,Kwop Kwop Theme,4PxPpid4wSQJ630DTqZ046,OTTO,1Pi9nozlrF8YWnWm1FRjUv,Clam Day,131821,spotify:track:2a2BJJ1EcwXBOjtn6diUDD
2023-10-21T13:50:06Z,6uOGwSBWgov7b1JFDQREJe,girl on my throne - too late for summer mix,"6fFcUOFcbjeIuEomuUthkw, 2LCeCCDzbmCOqnV33eB3q8","Oklou, Casey MQ",572M4xRBsjTLkY8po56aVf,galore anniversary,196600,spotify:track:6uOGwSBWgov7b1JFDQREJe
2023-10-20T12:50:37Z,5rqhsclJ6kBoZPQXLoJ9cI,The Age Of Vulture Culture,2cbWJP4X5b9sKEDW80uc5r,Diablo Swing Orchestra,0n1ezF06m7v5MpHrk77mBv,Pacifisticuffs,300080,spotify:track:5rqhsclJ6kBoZPQXLoJ9cI
2023-10-19T16:25:29Z,1s5xcMrCKYWMgLNke6u2Ri,Dead But Pretty,3luonLzvSOxdU8ytCaEIK8,IC3PEAK,3egxaOj9p2ytra4fo0DL9z,KISS OF DEATH,165375,spotify:track:1s5xcMrCKYWMgLNke6u2Ri
2023-10-19T12:17:52Z,2dc4D84XqZ9MCD3R2TjXoc,Плак-Плак,3luonLzvSOxdU8ytCaEIK8,IC3PEAK,2Of4qoSlEZr8GUinc7QxWT,До Свидания,203500,spotify:track:2dc4D84XqZ9MCD3R2TjXoc
2023-10-18T16:19:29Z,0V3wPSX9ygBnCm8psDIegu,Anti-Hero,06HL4z0CvFAxyc27GXpf02,Taylor Swift,151w1FgRZfnKZA9FEcg9Z3,Midnights,200690,spotify:track:0V3wPSX9ygBnCm8psDIegu
2023-10-17T05:24:28Z,3nerkwVsfSGm3VVI5rM1Lo,Metamorphosis,2SLOqBoUOh3CcQMXjwDK84,Chill The Cat,1wLdpgJ00JTITdylwhQmK0,Bad Mood,141538,spotify:track:3nerkwVsfSGm3VVI5rM1Lo
2023-10-17T04:39:07Z,3YNEA77zU4nAlzTvRsHeP4,Promise My Future,05H0QFvgxklF8CXkIauLMe,Pixel Girl,2k204YhHEbZe3yHWxkpDB9,Chill At Work,134400,spotify:track:3YNEA77zU4nAlzTvRsHeP4
2023-10-15T22:03:06Z,3qBj8KELIvY1G1kfABISW4,She Dances In The Dark,291Vz2qC5SVLJSKA5mrYij,Nightstop,0jlkbUkGsmy37ncfhxlP68,Streetwalker,212688,spotify:track:3qBj8KELIvY1G1kfABISW4
2023-10-14T10:27:43Z,4er74JBh91nQi30Vba523X,Sorry Bro (I Love You),202HZzqKvPsMHcbwnDZx7u,Dorian Electra,1G5F0OJpuuVZ8g3zw3BMEQ,My Agenda (Deluxe),87293,spotify:track:4er74JBh91nQi30Vba523X
2023-10-13T11:29:52Z,5VChaeq6hagzFFwDsWETyz,Kepko,1ZvF4Sgnre3Rk2CpiNy077,Sega Bodega,6FY063UrUu9kj8ixxjSByb,Kepko,192453,spotify:track:5VChaeq6hagzFFwDsWETyz
2023-10-12T10:03:07Z,69HzZ3ti9DLwb0GdWCGYSo,Moral of the Story,6P5NO5hzJbuOqSdyPB7SJM,Ashe,5eCmZVM5Kspu2B1cyVdSqq,Ashlyn,201016,spotify:track:69HzZ3ti9DLwb0GdWCGYSo
2023-09-27T13:42:14Z,0KAqcZyd6eiKjyneZRmePT,Zonder Gezicht,"0uBVyPbLZRDNEBiA4fZUlp, 1zT9SWCzN45r7oVhy0VYLK","Froukje, S10",1uAimajt3zW6EGLIE83jnc,Uitzinnig,164156,spotify:track:0KAqcZyd6eiKjyneZRmePT
2023-09-25T10:13:08Z,2ZBHKjuaz4Ukm9q2evjpKr,Goud,0uBVyPbLZRDNEBiA4fZUlp,Froukje,0YwrM4igfHYVfNLiIHfiLG,Licht En Donker,183848,spotify:track:2ZBHKjuaz4Ukm9q2evjpKr
2023-09-23T12:54:13Z,7orhZ6CRv5wNES2AEF3qdp,I Got My Tooth Removed,6PfSUFtkMVoDkx4MQkzOi3,100 gecs,2XS5McKf3zdJWpcZ4OkZPZ,"10,000 gecs",197280,spotify:track:7orhZ6CRv5wNES2AEF3qdp
2023-09-22T19:20:04Z,31nfdEooLEq7dn3UMcIeB5,Vois sur ton chemin - Techno Mix,1r43wW70tnGUauQYvY5w48,BENNETT,79Cyc8GRWnLyjdJSMyJ0dB,Vois sur ton chemin (Techno Mix),178156,spotify:track:31nfdEooLEq7dn3UMcIeB5
2023-09-19T23:26:14Z,35YyxFpE0ZTOoqFx5bADW8,Nude,4Z8W4fKeB5YxbusRsdQVPb,Radiohead,5vkqYmiPBYLaalcmjujWxK,In Rainbows,255386,spotify:track:35YyxFpE0ZTOoqFx5bADW8
2023-09-19T22:56:22Z,7L7ZElJt1MAuhuunqrIeNZ,At Pace,1KCSUZBJy1bAsIz7wUYkd8,Cola,6xCiTaBETJXjbRP68e7g0P,Deep in View,187706,spotify:track:7L7ZElJt1MAuhuunqrIeNZ
2023-09-19T22:00:19Z,3XaggeeUgojZFMAG1ArRUk,Wo Men Yao Yao Yu Zhui (Broke),4tzg961dC4xoU1YYGZeYud,The Marshmallow Kisses,4HKcEmrqgD2QnkzM4NeCrs,Ciao! Baby,172056,spotify:track:3XaggeeUgojZFMAG1ArRUk
2023-09-12T16:51:54Z,1xTJ4sE2wEv6eq4L9BoKQ0,Deformative,2e15fjOtGIotsBNAXR3vSl,Black Eyes,67uQfcsTjdFcg8svouLWOQ,Black Eyes,147626,spotify:track:1xTJ4sE2wEv6eq4L9BoKQ0
2023-09-02T15:27:22Z,04uR2cdkgiaLIzebPcs25m,Two Weeks,2Jv5eshHtLycR6R8KQCdc4,Grizzly Bear,3XQMgEnLQnOMkFaJA9w6sZ,Veckatimest,246213,spotify:track:04uR2cdkgiaLIzebPcs25m
2023-08-31T15:48:56Z,5B6Kjha6RRIMWGN7zGsAaT,So Hot You're Hurting My Feelings,4Ge8xMJNwt6EEXOzVXju9a,Caroline Polachek,4ClyeVlAKJJViIyfVW0yQD,Pang,183861,spotify:track:5B6Kjha6RRIMWGN7zGsAaT
2023-08-31T11:38:39Z,5unGPEVRjpyZDXwl7EShta,Amor de Mis Amores,13or1Wf6ipcvSIiurZATvw,La Sonora Dinamita,5AfqLTnPxWBVmUn5X87y3W,Al Son de la Sonora,246653,spotify:track:5unGPEVRjpyZDXwl7EShta
2023-08-31T11:17:36Z,5HbSmiX5WwNelvPu7I8wXB,Cariñito,3IUAZiICL3J7GlHYPgT414,Rodolfo Aicardi,1sVci0eOY52dhHkkK7bKOz,Grandes Hits - Rodolfo Aicardi,226730,spotify:track:5HbSmiX5WwNelvPu7I8wXB
2023-08-31T09:32:29Z,0tY4qPPjosOft0FfZf4Pun,Moliendo café,40iJCAOCz6nhRs6CbsAtOg,Fanfare Ciocarlia,7LrV7FJXIsp3TysIq6WN1P,20,146960,spotify:track:0tY4qPPjosOft0FfZf4Pun
2023-08-31T09:32:17Z,55oys2lznbRQkoWNzj26iz,I'm Your Gummy Bear,40iJCAOCz6nhRs6CbsAtOg,Fanfare Ciocarlia,7LrV7FJXIsp3TysIq6WN1P,20,180426,spotify:track:55oys2lznbRQkoWNzj26iz
2023-08-30T15:02:16Z,5h3AyRjc0idA18srIqGghK,Crocodile,79MO0KcrOdScKyzuDTtI3k,amiina,1T2QvNqUjzFWpIaRwBWI6z,Vofa,339247,spotify:track:5h3AyRjc0idA18srIqGghK
2023-08-29T21:56:17Z,3XJ81omm0Ib0eQVw2WkS3Z,蛹化の女 - 2016 Remaster,6fI3ZQseiBwzjXLSVuJGEI,Jun Togawa,4TcCFVPCpQxXQn6smMNY2Y,玉姫様,331026,spotify:track:3XJ81omm0Ib0eQVw2WkS3Z
2023-08-23T20:44:29Z,4cikNJUzxxH9s4r89z7oa6,Highest Building - Prospa Remix,"6nxWCVXbOlEVRexSbLsTer, 6fFcUOFcbjeIuEomuUthkw, 6HabM2PUM519iIxervGWSb","Flume, Oklou, Prospa",0MLrcYDEnYaCIEr30Zsu6h,Highest Building (Prospa Remix),261426,spotify:track:4cikNJUzxxH9s4r89z7oa6
2023-08-23T19:35:28Z,7ILRMFESnEMNvY4r5YN77b,Say Nothing,"6nxWCVXbOlEVRexSbLsTer, 5J8UACGRZtDb4WdOzo9YJN","Flume, MAY-A",0XzZkJXmgnY3o2LbuPYmQg,Palaces,232959,spotify:track:7ILRMFESnEMNvY4r5YN77b
2023-08-23T16:06:22Z,4wrobBOoipGG0MRQLq53RX,...during pride month?,7dGU76bSIWTcybFmovtjcz,c0ncernn,4YUa2LBTgtPfD656JHOFvB,"Dariacore 2: Enter Here, Hell to the Left",136321,spotify:track:4wrobBOoipGG0MRQLq53RX
2023-08-10T17:26:19Z,6pwSEX3xINxZP8tipQnxAZ,Ram It Down,"202HZzqKvPsMHcbwnDZx7u, 7x3Dw6K5bpk80HwSzPEWjX, 1ZRRl4S2B4xZBzHtIf65Jx, 76raIy8boaM9sf9gMGXGJ5","Dorian Electra, Mood Killer, Lil Mariko, Lil Texas",1G5F0OJpuuVZ8g3zw3BMEQ,My Agenda (Deluxe),152390,spotify:track:6pwSEX3xINxZP8tipQnxAZ
2023-08-02T09:53:52Z,5tJAGoIXg3ZKX7W6unLGMv,Broken Friendship Bracelet,1Vi0Dq6hC56i3a6eVA9Y6g,Himera,4xkGcyQLAcoIluFdUCQd7M,More Than Friends,140000,spotify:track:5tJAGoIXg3ZKX7W6unLGMv
2023-08-01T20:29:14Z,5btHQyA66kPgKfoZCh35O7,Arranca,7mIslzv3OxWn8G5S5NWTPF,Manzanita,70EFFnHv2zGHXmetg8K8Zk,Rumba Total,240493,spotify:track:5btHQyA66kPgKfoZCh35O7
2023-08-01T08:04:18Z,5wdA1OS6gWMXpQm12mE4Qm,Los Peces,3IbqRfvnvj5C22pHD38KXI,Lhasa De Sela,7J8k8Y7zfCFKMPWzUPGVuP,La Llorona,231733,spotify:track:5wdA1OS6gWMXpQm12mE4Qm
2023-07-18T18:01:56Z,2nC3QhMI9reBIOWutbU3Tj,Moral of the Story,6P5NO5hzJbuOqSdyPB7SJM,Ashe,4yKwChgdGpJzf2nn3nPHfP,Moral of the Story,201083,spotify:track:2nC3QhMI9reBIOWutbU3Tj
2023-07-17T15:38:23Z,4V6XhSIOpVlvZG94cc3pY6,do you believe in forever,3ypTgZWVLSkBaTjFNjSDE8,ultra caro,6uweU9CdxvCPnQ6zaTLlZl,Heartbeats/Heartbreaks,89066,spotify:track:4V6XhSIOpVlvZG94cc3pY6
2023-07-17T15:01:34Z,2QQKoFEc3m5VYI4pdKUwPK,Humble Fumble,0dEWVeWCXeWilUoNQY8c4U,Far Cries,7favSCHdVQ81v1nWj10Uof,Far Cries,81724,spotify:track:2QQKoFEc3m5VYI4pdKUwPK
2023-07-03T15:58:50Z,2DjgRqBHT8ObnjEqK8etMn,Voicenote,1Vi0Dq6hC56i3a6eVA9Y6g,Himera,5ZhN0dBKD1XINVstRKh5gm,Voicenote,122142,spotify:track:2DjgRqBHT8ObnjEqK8etMn
2023-07-03T13:32:27Z,2ufW8qoeh5qFqjqbJHlpin,EURO PLUG,"3L3hYQlhb5k9XCCrRWavNi, 2Cm6C9PNHioyjRKBfO7n9N","Tony Velour, Dylan Brady",7n1WwEn1uOpTekhkEK9ZCc,EURO PLUG,175000,spotify:track:2ufW8qoeh5qFqjqbJHlpin
2023-06-20T11:37:00Z,4aPAjwSQOcdxY9mLSx1uHw,"Theme from Failure, Pt. 1",7sOBDtvYubmXCFKtnBeTZb,The Guest,4kBO2O4Y9Et1l2CLyHe79R,Slow Dance '18,318666,spotify:track:4aPAjwSQOcdxY9mLSx1uHw
2023-06-08T05:52:22Z,3GYlZ7tbxLOxe6ewMNVTkw,TV,6qqNVTkY8uBg9cP3Jd7DAH,Billie Eilish,1YPWxMpQEC8kcOuefgXbhj,Guitar Songs,281380,spotify:track:3GYlZ7tbxLOxe6ewMNVTkw
2023-05-16T20:07:30Z,7MwVtrZgf5H6Zr96giOAdb,Antagonism,"1M3Nrg5KLgJTxCbwQYl0sG, 40YuVGSqlU2G5vf7xBU63U","Yooh, Siromaru",42D1OKBs3DBctqHleqTFx9,Antagonism,144011,spotify:track:7MwVtrZgf5H6Zr96giOAdb
2023-05-07T15:08:41Z,1PEPcLm2QEo0HCRIhQjPq1,Second hand embarrassment,7HfUJxeVTgrvhk0eWHFzV7,underscores,5o9aTepLhqQL2gXuKPhd8g,fishmonger,137142,spotify:track:1PEPcLm2QEo0HCRIhQjPq1
2023-05-02T12:17:56Z,0eH17iG3LJY88hjCTdC756,Boing Beat,"1PNvaesh1mkKZucGhBuqgD, 76PsQmabD32wQz48hYBV8F","Danny L Harle, MC Boing",4axEKjoWXw9lTXvLPUR3HZ,Harlecore,92853,spotify:track:0eH17iG3LJY88hjCTdC756
2023-04-22T20:10:06Z,2rj0QEdTz3TWw243XLqCLq,fall,6fFcUOFcbjeIuEomuUthkw,Oklou,4LH5M9xS4kK1HKvalSNJVo,Galore,133293,spotify:track:2rj0QEdTz3TWw243XLqCLq
2023-04-13T14:49:39Z,3haUHC29mCGK6MrREqbONc,Плак-Плак,3luonLzvSOxdU8ytCaEIK8,IC3PEAK,2Ji9U33Ljqdm4RdlBKXteF,До Свидания,203500,spotify:track:3haUHC29mCGK6MrREqbONc
2023-04-08T17:03:03Z,340Yrp706l1OLsGpVDp3Xn,Good Luck,6dgwEwnK0YtDfS9XhRwBTG,Broken Bells,3r5BIHepif2x4ORUAcENR5,Good Luck,206813,spotify:track:340Yrp706l1OLsGpVDp3Xn
2023-04-07T23:38:05Z,1waqS2zPI3Z1zTvJOa2hVC,SCARING THE HOES,"6yJ6QQ3Y5l0s0tn7b0arrO, 7aA592KWirLsnfb5ulGWvU","JPEGMAFIA, Danny Brown",3u20OXh03DjCUzbf8XcGTq,SCARING THE HOES,142825,spotify:track:1waqS2zPI3Z1zTvJOa2hVC
2023-04-07T23:37:14Z,4ujcRRxpInxbERBvS5B8Ym,genre jss happy,"6eDkjwp2Dp50zcjIgK0mlH, 1Kynf6fif2phV1ZH7PX63j","snorunt, dj33needler",35lySAzCjY5mhTEuyVEgPV,glalie,137631,spotify:track:4ujcRRxpInxbERBvS5B8Ym
2023-04-07T23:32:31Z,614cx8ZtQJX7jRIBnUhPA7,I'd Rather Sleep,6OqhFYFJDnBBHas02HopPT,Kero Kero Bonito,3RNP9iHMJpFkGbMB2OAnJn,Intro Bonito,115352,spotify:track:614cx8ZtQJX7jRIBnUhPA7
2023-04-06T19:26:02Z,1vfOfcrhc0EKSM3MEoGEoG,Pop Chin,1F31FB7Y6ic4844PbqMf7c,death's dynamic shroud,1HBuWe94Z8qMTj2IvgfO4B,Faith In Persona,180250,spotify:track:1vfOfcrhc0EKSM3MEoGEoG
2023-04-06T19:03:26Z,57Xrr61VaAellAX9hjxK19,Just to be Needed,1F31FB7Y6ic4844PbqMf7c,death's dynamic shroud,1HBuWe94Z8qMTj2IvgfO4B,Faith In Persona,372250,spotify:track:57Xrr61VaAellAX9hjxK19
2023-04-06T11:54:11Z,4vwHBxN5OGtUqqUWvWClGd,757,6PfSUFtkMVoDkx4MQkzOi3,100 gecs,2XS5McKf3zdJWpcZ4OkZPZ,"10,000 gecs",126426,spotify:track:4vwHBxN5OGtUqqUWvWClGd
2023-04-05T21:07:31Z,70LcF31zb1H0PyJoS1Sx1r,Creep,4Z8W4fKeB5YxbusRsdQVPb,Radiohead,3gBVdu4a1MMJVMy6vwPEb8,Pablo Honey,238640,spotify:track:70LcF31zb1H0PyJoS1Sx1r
2023-04-05T10:54:38Z,6dfya6vjqAl8QiYYRSzFy2,Receives,58vAPNWfb4STwW9IWvSlLG,Keith Kenniff,3uCqbeYNngHEG3dWt7nFjM,The Last Survivor,91791,spotify:track:6dfya6vjqAl8QiYYRSzFy2
2023-04-03T20:16:36Z,2lossWMLjOQDhRiFJd2C13,skijump,0rfoHABN39FG3dymRsdex5,DJ WOODSIDE-TETSUYA,4ROkVQGSX68x2ElRHk5UjX,BONFIRE FES VOL.1,59076,spotify:track:2lossWMLjOQDhRiFJd2C13
2023-04-03T19:55:16Z,6103GeFEr4Q3fUnVBBsqq5,OVERLOADED,2B7MwrnQiFbp3mR1EF3z8G,AGENT,5Lgdp9i8vGW7Xf46MEk3nB,SATELLITES,101918,spotify:track:6103GeFEr4Q3fUnVBBsqq5
2023-03-27T04:02:40Z,7psadElapItTrwcfAkkS6n,Café,79MO0KcrOdScKyzuDTtI3k,amiina,1T2QvNqUjzFWpIaRwBWI6z,Vofa,205100,spotify:track:7psadElapItTrwcfAkkS6n
2023-03-26T10:15:35Z,5PDTAN58fQ3lnW8RkxjRKV,MASCULINITY,3EApXFqJtyNGLwOVFKvhMP,LUCKY LOVE,6eNI9ZRsW9nfTL5XsaInpd,MASCULINITY,209323,spotify:track:5PDTAN58fQ3lnW8RkxjRKV
2023-03-15T10:28:57Z,2vsLxOzrg4bHfhhqCewzn8,Evita album ver.,3XKBSRkQeskeHIpRvA5XaS,toconoma,4lJkigPZR4l3xT2sUOVHRX,NEWTOWN,354800,spotify:track:2vsLxOzrg4bHfhhqCewzn8
2023-03-14T16:42:15Z,5zTxP1JjPbPW3KID85JzRX,"Parranda Selvática, Mix 2",4sTcgUXJRSvSQHei3ZQUBR,Juaneco Y Su Combo,1XBTiJCFR4XFvymIUlnkKE,Leyenda Amazónica,916554,spotify:track:5zTxP1JjPbPW3KID85JzRX
2023-03-14T10:33:35Z,71DOIAXXkY7StxajYgIT0a,Zéro Absolu,5RmuisBjJdDZ2OaLmWVMYu,Contrefaçon,1C1CIudEbgPuYX3IeyIbhd,Mydriaze,217513,spotify:track:71DOIAXXkY7StxajYgIT0a
2023-03-13T21:37:42Z,1su9FWmWVgf71pqY78k5Ib,Sur la planche 2013,"5VTWoYYizcOY3uIKnxeCGI, 0NscG1sENWBbNcF8Wj5yLs, 486HvHen4aaRXPPqlCXxks","La Femme, Marlon Magnée, Saxa Goth",7tzlVJedDBNAlH4BJHRKLp,Psycho Tropical Berlin,229840,spotify:track:1su9FWmWVgf71pqY78k5Ib
2023-03-05T11:50:49Z,6hyA2oh2gyTHn6DuCd1Nyz,Aztec,2IW0kYaZzNszHRT3wLajCf,Lorain Fox,36abAw4mGLJW7hNdT9Fff9,Under The Green Corn Moon,185693,spotify:track:6hyA2oh2gyTHn6DuCd1Nyz
2023-03-01T22:35:51Z,2v3wrFuzJTGl9e4seco6n4,Be Your USA,"2IRRnJ7AkcLnqMX8jvQqrW, 3Y10Y3MuSy0W1ACvSQwTJv","Finn Keane, Iiris",6iSlPHQkWNc6HSyNXUKoJw,Be Your USA,173000,spotify:track:2v3wrFuzJTGl9e4seco6n4
2023-02-25T17:44:21Z,4RVwu0g32PAqgUiJoXsdF8,Happier Than Ever,6qqNVTkY8uBg9cP3Jd7DAH,Billie Eilish,0JGOiO34nwfUdDrD612dOp,Happier Than Ever,298899,spotify:track:4RVwu0g32PAqgUiJoXsdF8
2023-02-10T20:18:28Z,3YByRmy5fhJowiX1yUBQ6q,With Sticks and Stones,6EjKG35nRHw9t8ypwDunOB,Drumcorps,6Iod9RXoJ6WYjSHhO8U7UK,Falling Forward,83386,spotify:track:3YByRmy5fhJowiX1yUBQ6q
2023-02-08T16:28:18Z,2g58SV8x5IxxBVxVBPp872,Горе,2sCDME3BxXfGdkM7eAtAdK,hodíla ízba,6pbFM4uANnFwps3ZW0TiHc,Обряды,347472,spotify:track:2g58SV8x5IxxBVxVBPp872
2023-01-28T23:17:03Z,1QxjAiuVSrrCAY7wVAeOAx,Oiran I,5TS4DIOBGgEE6ysYh7yuii,MEITEI,6CcyLV6tFcSu4pBGoGdk8s,Kofū,207440,spotify:track:1QxjAiuVSrrCAY7wVAeOAx
2023-01-25T12:49:06Z,6QEvbmv2euCQxX54gjlarO,Elle ne t'aime pas,"5VTWoYYizcOY3uIKnxeCGI, 0NscG1sENWBbNcF8Wj5yLs, 486HvHen4aaRXPPqlCXxks","La Femme, Marlon Magnée, Saxa Goth",1wyShyPmhbFRifAZyP7IHT,Mystère,238733,spotify:track:6QEvbmv2euCQxX54gjlarO
2023-01-23T19:37:24Z,1hboQnqT21c5aemqJMho1C,Gnosis .•o°Ozing - Trust Fund Ozu Remix,"7nJawFIm90c4jAQFLabc1o, 452FtOxoxIjhubfIx4Jxci","Fire-Toolz, Trust Fund Ozu",5fBG7cK8yhItwFDTU7ioI8,Rainbow Bridge: Remixed By My Friends,156900,spotify:track:1hboQnqT21c5aemqJMho1C
2023-01-18T13:58:40Z,6vcNJUWtUPB0hKC6VbZriY,San Francisco (Be Sure to Wear Flowers in Your Hair) - Single Version,7d7AZ3CQC457bFhK0wHpSO,Scott McKenzie,0JxUYNJnYnCeA9kwBRK4ez,San Francisco,178506,spotify:track:6vcNJUWtUPB0hKC6VbZriY
2022-12-26T14:01:09Z,5LvFm2TppUr7dehjB3zNlN,body,7fnMav7xXJwwjbyWbSjF4C,Gia Margaret,43KIzoQHJi9cLJMfcjlUIP,Mia Gargaret,139219,spotify:track:5LvFm2TppUr7dehjB3zNlN
2022-12-20T18:38:51Z,5LlI5RE6qkZQzWU7GIVoGv,The Rifle,2QIHd0B2VIKlmLyoq4lUr7,Alela Diane,1rxMCeSrBGC5qf9di9gOJ6,The Pirate's Gospel (Deluxe Edition),162946,spotify:track:5LlI5RE6qkZQzWU7GIVoGv
2022-12-18T21:16:23Z,54M4kdHYlMY0xO2ENIE5KV,Herejia,2lN3yllrsFyoobMnKSfzsI,Novalima,5aYodFC2rZJsJrUSWizQzn,Ch'usay,226780,spotify:track:54M4kdHYlMY0xO2ENIE5KV
2022-12-16T16:11:18Z,5PGSI8vrm02SLytYCNvxV4,Color of the Pool,492I2sQFcHDcsZECYX25dE,Lala Lala,6x6VGqTPJBK6r3qfuqe2Zl,I Want The Door To Open,142184,spotify:track:5PGSI8vrm02SLytYCNvxV4
2022-12-15T20:04:46Z,7glwlmj8SqaTRMDjpSC9vQ,Me Lene Popi,"0eLU3EgFDZOFgd2Dwalfwo, 6FIs4ALUX7lIwvK3jN91BH","George Dalaras, Adigoni Psihrami",2APpQhYVmHj0nGEolruN04,Thessaloniki-Giannena Me Dio Papoutsia Panina,247173,spotify:track:7glwlmj8SqaTRMDjpSC9vQ
2022-12-12T14:22:34Z,5KUuIKXRnjlP6IVUajHogd,Lágrimas Negras,0RtgAasyC15Sf1DXhtORls,Isaac et Nora,771YlZnyW3Dhj8n9X4wMWM,Latin & Love Studies,208810,spotify:track:5KUuIKXRnjlP6IVUajHogd
2022-12-12T13:55:39Z,15H9DPk3RWlr7ymUmqPOui,La Bruja - Son Jarocho Tradicional,"2mKLeAa4vJqwWe73teVs4h, 2rtoQWzN7JEpiVUmLvyNVe","Salma Hayek, Los Vega",1VU7NezUvswRnFjNM0M5li,Frida (Original Motion Picture Soundtrack),117333,spotify:track:15H9DPk3RWlr7ymUmqPOui
2022-12-12T06:35:34Z,05LoP9ZQ7GAWrN8qISnvdt,Mandimbo - En Vivo,3mXI2gpwWnNO9qbQG3n3EP,Lila Downs,1dk5lPejnCTZNLGXI2Z7dm,Desde Bellas Artes México (En Vivo),214588,spotify:track:05LoP9ZQ7GAWrN8qISnvdt
2022-12-11T12:32:10Z,1EO9dn7V0ufwPHJngZThO5,Strawberry Blond,2uYWxilOVlUdk4oV9DvwqK,Mitski,7K4SuWzgUEweJScduBcC6f,"Retired from Sad, New Career in Business",114277,spotify:track:1EO9dn7V0ufwPHJngZThO5
2022-12-10T12:17:06Z,64BbK9SFKH2jk86U3dGj2P,Otherside,0L8ExT028jH3ddEcZwqJJ5,Red Hot Chili Peppers,2Y9IRtehByVkegoD7TcLfi,Californication (Deluxe Edition),255373,spotify:track:64BbK9SFKH2jk86U3dGj2P
2022-12-06T10:15:41Z,4iJxMv9UiPzBTHd3AmFWNB,La Celestina,6UeIDlkYcSRGg4aLX1d4TN,Natalia Doco,1l8i1gKfgAXi2tMoKvpsDR,Mucho Chino,226866,spotify:track:4iJxMv9UiPzBTHd3AmFWNB
2022-11-28T13:56:08Z,5ZlfX4evbtQtONINsLADDR,Little Things,5QdyldG4Fl4TPiOIeMNpBZ,Big Thief,7Ln81p86r5cCsesd3KBWIY,Dragon New Warm Mountain I Believe In You,344822,spotify:track:5ZlfX4evbtQtONINsLADDR
2022-11-28T06:40:48Z,0A0gkaOnExVi0McXOi0yNs,Fantasma (For Jasmine),3CVP7vT9JUFGLj8MgiVKjY,Vessel,5Udw6PAHu1rIyN4xmCOcNK,Queen of Golden Dogs,243925,spotify:track:0A0gkaOnExVi0McXOi0yNs
2022-11-27T19:53:37Z,7o0diLrgMTzl4yggMC7aWf,Earther,0sqfDFd4rYzLfEKpIvJTUc,Giant Claw,7pyzhrIqI26oUxVurJ0WnH,Mirror Guide,278713,spotify:track:7o0diLrgMTzl4yggMC7aWf
2022-11-22T13:44:30Z,64aIYqSO1Dzlig7o8GtGp2,Beneath the Rose,6M5FR3JkFFVDkgwtO6Vtz6,Micah P. Hinson,2OvXZbnYmDzI3xy8VOYI0w,Micah P. Hinson and the Gospel of Progress,175142,spotify:track:64aIYqSO1Dzlig7o8GtGp2
2022-11-02T20:10:43Z,3BPlf5BbbCpSKXIdajL4tv,Caricias de Sal,"6wWp1JO8wL9qEeVV0TRHY3, 7qJXYbBDibZ1Zixi89aUnw, 64HV3dRzZaGF8Rzk4PmoJs, 0daWmUwhsYnz9KDX4CA2ay, 693WFwkYsgbJq9MoGdlK4V, 1akr98DZU2iAkiqeVGCoeh","Las Migas, Sílvia Pérez Cruz, Marta Robles, Isabelle Laudenbach, Lisa Bause, Raül Fernández ""Refree""",6UQCxm8zXegAPpW5FJhfCK,Reinas del Matute,149373,spotify:track:3BPlf5BbbCpSKXIdajL4tv
2022-10-31T10:05:10Z,0QBzMgT7NIeoCYy3sJCof1,Bam Bam (feat. Ed Sheeran),"4nDoRrQiYLoBzwC5BhVJzF, 6eUKZXaKkcviH0Ku9w2n3V","Camila Cabello, Ed Sheeran",6FIMt58naoGYrOe4Wn2P3n,Bam Bam (feat. Ed Sheeran),205604,spotify:track:0QBzMgT7NIeoCYy3sJCof1
2022-10-19T14:49:52Z,0lNbzncnIyXy2dH2Glq7YO,virginity rockstar,7dGU76bSIWTcybFmovtjcz,c0ncernn,0vCZ59I4ziwtt7Yp3PO9zD,Dariacore,99374,spotify:track:0lNbzncnIyXy2dH2Glq7YO
2022-10-15T21:47:11Z,0rvB5obNRC71EOtVcgZJRA,Before Them,"0mV46TLNBW1nxH97DfykqU, 28KdLn6mByoZctb6su7bm4","Voidvísir, Federico Antolini",7AbA00IOJlTUjT1EMR9BKd,Before Them,526624,spotify:track:0rvB5obNRC71EOtVcgZJRA
2022-10-10T20:39:07Z,0iTpQYzJnYgh7kIxyq8A2O,Two Weeks,2Jv5eshHtLycR6R8KQCdc4,Grizzly Bear,6FIFqclBriPCb0SjWDaHIk,Veckatimest,243160,spotify:track:0iTpQYzJnYgh7kIxyq8A2O
2022-10-08T19:58:14Z,0Fe9ofCGKnQnFyoLxweb8o,wish... right now...,6uQKiJZQe4rjkMF0HxIGTl,dashie,3dcSz0ojEMh6dLu7FIu1zN,"Dashiecore, Vol. 1",69336,spotify:track:0Fe9ofCGKnQnFyoLxweb8o
2022-10-08T19:44:25Z,7gUpa6u9BhA0py8SLIinkr,2008,6uQKiJZQe4rjkMF0HxIGTl,dashie,3dcSz0ojEMh6dLu7FIu1zN,"Dashiecore, Vol. 1",100279,spotify:track:7gUpa6u9BhA0py8SLIinkr
2022-10-04T17:47:49Z,4HIhqWUkQ07sl0hXducmDr,Palaces,"6nxWCVXbOlEVRexSbLsTer, 0O98jlCaPzvsoei6U5jfEL","Flume, Damon Albarn",0XzZkJXmgnY3o2LbuPYmQg,Palaces,291501,spotify:track:4HIhqWUkQ07sl0hXducmDr
2022-10-04T08:57:35Z,0dPPF6kGPxd5tF8GEeB507,Escape,"6nxWCVXbOlEVRexSbLsTer, 6JcD2YKEhgimweLpUI0NEw, 5PmmaiHnrygDvhj3kaPT0f","Flume, KUČKA, QUIET BISON",0XzZkJXmgnY3o2LbuPYmQg,Palaces,242180,spotify:track:0dPPF6kGPxd5tF8GEeB507
2022-09-28T11:06:12Z,4VGq21EM16kKYtalWUSnu9,Messe de E-102,1F31FB7Y6ic4844PbqMf7c,death's dynamic shroud,79YehWww5WdHIyqa4IotSx,Messe de E-102,332000,spotify:track:4VGq21EM16kKYtalWUSnu9
2022-09-26T19:16:35Z,3vO2BbrhKNV2PDl276BUIZ,Cotton Fields,3IYUhFvPQItj6xySrBmZkd,Creedence Clearwater Revival,31q47gQszFt0CddSyMksgO,Willy And The Poor Boys (Expanded Edition),177266,spotify:track:3vO2BbrhKNV2PDl276BUIZ
2022-09-25T20:03:08Z,64DpBZj4IlDFzCwxTq7azl,"Holland, 1945",2ooIqOf4X2uz4mMptXCtie,Neutral Milk Hotel,0vVekV45lOaVKs6RZQQNob,In the Aeroplane Over the Sea,192533,spotify:track:64DpBZj4IlDFzCwxTq7azl
2022-09-23T12:40:52Z,7vjXPjtvm9IjoPKGVyfg10,Mal Acostumada - Ao Vivo,6NqIUh0cpaygBWUUAjBaog,Ara Ketu,5pRG4SxFRIp5QZPczn1Ngx,Ao Vivo,263266,spotify:track:7vjXPjtvm9IjoPKGVyfg10
2022-09-21T17:56:10Z,58jMrMZePOvsOUmR7VlKT3,Bug Thief,7LCDnUQYE07fnKbo46SVLB,Iglooghost,68aZtDbgNargCMYgNvw5JG,Neō Wax Bloom,201341,spotify:track:58jMrMZePOvsOUmR7VlKT3
2022-09-21T12:41:48Z,4ZtFanR9U6ndgddUvNcjcG,good 4 u,1McMsnEElThX1knmY4oliG,Olivia Rodrigo,6s84u2TUpR3wdUv4NgKA2j,SOUR,178146,spotify:track:4ZtFanR9U6ndgddUvNcjcG
2022-09-21T08:52:46Z,1YQbhCxxb1FzHVAR7Rdwbx,Boys at School,7rlAAAiWScpsT1hmgURAmh,SPELLLING,5Dqqrr1dhaZ3BcFthVUCj2,The Turning Wheel,448653,spotify:track:1YQbhCxxb1FzHVAR7Rdwbx
2022-09-18T15:01:27Z,6Vy3j1hmoWZanFkN3sGPtp,tailwind,0NKaRcyqHnynkv7UMsOhEH,aya,2j1PArO05q8DBRRNuCPsr6,im hole,265775,spotify:track:6Vy3j1hmoWZanFkN3sGPtp
2022-09-13T16:00:54Z,6zwdJ84cbMrj9owonEerNZ,Allez là,7mPT6wrOjVC4visft9qpYQ,Hoshi,3exYaNDjha1sFreVSqlWGW,Étoile flippante (Version deluxe),157920,spotify:track:6zwdJ84cbMrj9owonEerNZ
2022-09-12T17:57:38Z,0FJL3Dwu8oUpwDb80qNdvP,Always with Me,6GwGjApO5BIdafJUMazVN3,Yumi Kimura,766a5fKJYFy9ii4Kz2bQy9,Spirited Away Soundtrack,215426,spotify:track:0FJL3Dwu8oUpwDb80qNdvP
2022-09-09T11:24:22Z,67XnVq3LNc4nByje3F2kOL,Samba Malató,16sUEYkZHZMNFXt7hUhh0x,La Colmena,2jsOKtBQHgnOzVXjdOmGn0,Oilando,205746,spotify:track:67XnVq3LNc4nByje3F2kOL
2022-09-08T20:35:56Z,6iBL6TOzsO75Yz0cG1MO0o,Wanna Play?,2iRqqPkOyIvvb7qFZN1Onz,The Prophet,4jp7msyicuMV06txLOdvbF,Wanna Play?,201451,spotify:track:6iBL6TOzsO75Yz0cG1MO0o
2022-09-08T18:23:27Z,0GOytj5zpFRpjGN04FLmHT,Nervous Waltz,2p2uE4i92Dn4DkThfoKIB9,Igorrr,4hl7ryP7L1SvblrcPRAkpQ,Spirituality and Distortion,203186,spotify:track:0GOytj5zpFRpjGN04FLmHT
2022-09-06T14:45:25Z,3AyuigFWbuirWHvidbMz8O,Should Have Known Better,4MXUO7sVCaFgFjoTI5ox5c,Sufjan Stevens,64xtjfsPHNHch0CZ7fPTjS,Carrie & Lowell,307697,spotify:track:3AyuigFWbuirWHvidbMz8O
2022-09-06T13:55:39Z,5rfT032kGmLvbxZzfHlu5D,In the Aeroplane Over the Sea,2ooIqOf4X2uz4mMptXCtie,Neutral Milk Hotel,0vVekV45lOaVKs6RZQQNob,In the Aeroplane Over the Sea,202346,spotify:track:5rfT032kGmLvbxZzfHlu5D
2022-09-05T13:46:38Z,7eDj3oblgfEKUi93dPlvjx,666Bus,0CbJ7vhSBVagdeLhNcf9v1,Reptaliens,5Hu8bGRoNwIDqOMUCHnc58,FM-2030,199800,spotify:track:7eDj3oblgfEKUi93dPlvjx
2022-09-02T11:05:19Z,7fABgUzVAenEreuuGbOtPQ,Bringing Me Back,18ca9d5EU5R1AhVKPR1cm0,Eartheater,3Vx5QNqKwq4mjSViR9B9b2,Phoenix: Flames Are Dew Upon My Skin,319094,spotify:track:7fABgUzVAenEreuuGbOtPQ
2022-09-02T10:59:07Z,2mHnDxKm0RTN5n9BFf5rUR,Vila Sei Gora - A Forest Burst Out Into Leaves,74gJFFyL8p7KtU9N0j27iE,Ensemble Pirin,1inG6GVj8ISjORjbZPb2Gq,Bulgarian Folk Ensembles And Songs,266506,spotify:track:2mHnDxKm0RTN5n9BFf5rUR
2022-08-28T09:17:39Z,3GJgp8pB2SXU7TqIATLiQM,Khele le cini shej / Dancing Gypsy Girls,5hBCfYFEDK8otrksMYuzoL,Parno Graszt,1b9GWIbKBQLRCAXFhLOHgA,Rávágok A Zongorára/Hit The Piano,180120,spotify:track:3GJgp8pB2SXU7TqIATLiQM
2022-08-25T19:30:40Z,1BMiPHgfzDeGduDu8ybR93,In Keyed Fantasy,2KHIH3mfq3nZ6LccJ0mfei,Nero's Day At Disneyland,0hi0zLf5cBSCaK0s3vGLqf,From Rotting Fantasylands,126933,spotify:track:1BMiPHgfzDeGduDu8ybR93
2022-08-25T10:20:37Z,3bNAg3qtaGxJ3CyMwCWrCs,Tout va bien,1NcCVE1FRpBSlN3LcAfhn3,Alice et Moi,07Vv8jai6rYMEj7eL0MZTy,DRAMA,147013,spotify:track:3bNAg3qtaGxJ3CyMwCWrCs
2022-08-25T09:40:39Z,28fMEy9NPjigQnYK3WEsko,Filhos de Gandhi,"3GKGEnbmQnaTNGJL6ZGryj, 57v02RSRJzcY5WiYQ5yPCl, 7cfKXiA9YUupXEjCUWPtxY","Birds on a Wire, Rosemary Standley, Dom La Nena",4ULLC5HJXwFyTVpDVGDrcM,Filhos de Gandhi,272029,spotify:track:28fMEy9NPjigQnYK3WEsko
2022-08-24T12:25:51Z,3bbRZC8NMHrwWUU39C13e6,"Cançó núm. 8 ""Te'n recordes​?​""",1hOwyBjBzD71G76KApDEy5,La Ludwig Band,2nbODxHjSCQlEEik2rIF3S,Al límit de la tonalitat,207869,spotify:track:3bbRZC8NMHrwWUU39C13e6
2022-08-24T12:11:20Z,6aDEEo5AsuHWmBG82jkxU5,Melancholia,2jvKLLBED6JvKWtT8y3kCu,Hugo Kant,4Hv9hADZ1BUL7RdFkx5jQ8,Far from Home,333829,spotify:track:6aDEEo5AsuHWmBG82jkxU5
2022-08-20T11:15:32Z,2Tdkz4mLxN8szqcMeNWcI8,mememe,6PfSUFtkMVoDkx4MQkzOi3,100 gecs,3zy8FiB9URB4b2yNOwMM36,mememe,166003,spotify:track:2Tdkz4mLxN8szqcMeNWcI8
2022-08-10T22:05:42Z,2kS6td1yvmpNgZTt1q5pQq,Hayloft,0e86yPdC41PGRkLp2Q1Bph,Mother Mother,0X7S0TEZ5NJsSxmyTnfYi2,O My Heart,181680,spotify:track:2kS6td1yvmpNgZTt1q5pQq
2022-08-09T21:30:25Z,6Ac0nMcUjYxRKaufaXri5P,Once I Was Loved,2P1puQXmG48EVLBrHbum1J,Melody Gardot,2iKiVmx8ohPDn1hJmxC9tD,Currency Of Man,289373,spotify:track:6Ac0nMcUjYxRKaufaXri5P
2022-08-07T09:51:36Z,7m9OqQk4RVRkw9JJdeAw96,Jocelyn Flores,15UsOTVnJzReFVN1VCnxy4,XXXTENTACION,5VdyJkLe3yvOs0l4xXbWp0,17,119133,spotify:track:7m9OqQk4RVRkw9JJdeAw96
2022-08-07T09:48:03Z,0BV0AYGLVlu2SdjN3J9twp,Fed Up,3uL4UpqShC4p2x1dJutoRW,Ghostemane,3gEv1vpsDgaEo4TLuu0Lwz,ANTI-ICON,151625,spotify:track:0BV0AYGLVlu2SdjN3J9twp
2022-08-01T09:41:03Z,75pLf8RRedu1v453XRVa58,"Clearing, Dawn, Dance","7vUIRQmTlU4HGPyE8iuNsa, 4h7DUL1L3RrCzquDp8xQXY","Judd Greenstein, yMusic",7J1z27LMMTnJN38YfoCZK0,Beautiful Mechanical,615813,spotify:track:75pLf8RRedu1v453XRVa58
2022-07-30T09:17:33Z,5XHzLV121CsrU8oc7tRxdp,I Feel Like Giving You Things,3NsSv8HchEwfa7bGkjb4ZC,ML Buch,5ZrwHSdgcX7sgHpc373KEn,Skinned,179000,spotify:track:5XHzLV121CsrU8oc7tRxdp
2022-07-28T12:16:44Z,3yhIM3C2d4Pto2pVQABpLI,Inn,1OkYyMwTFtCIl6Jn664Xtx,Kate NV,5b0HmfSbo4N0HrLL9SUXzM,Binasu,187921,spotify:track:3yhIM3C2d4Pto2pVQABpLI
2022-07-28T12:01:47Z,0gfJD5Uhx82OhbgVmUMPmH,City Hell,6S3Z6Me30mtdm526H17v8k,Jockstrap,3DmOR9ByI2LnlTzIzpNyX8,Wicked City,326933,spotify:track:0gfJD5Uhx82OhbgVmUMPmH
2022-07-26T20:44:09Z,7IIRN7KZksXp9ieBFmNuHI,narashite,3cn7Ujrlj3rdyuqmOYhBJT,HARU NEMURI,6or18qH3INbHS0kyALV2HL,harutosyura,199320,spotify:track:7IIRN7KZksXp9ieBFmNuHI
2022-07-26T20:13:22Z,1A5UrDTW7g9gLcXKs28aI1,Amends,694llXQWlAvZlnG3qA1nkJ,Wreck and Reference,6nm20IGyKALSLNO8nLLwuU,Absolute Still Life,236281,spotify:track:1A5UrDTW7g9gLcXKs28aI1
2022-07-26T18:10:28Z,4jR8SmpJ76qsD1TlaD6TIY,"Claudia, Wilhelm R And Me",1HSz5qiRNcs8eJ0Sp2LOxw,Roberto Musci,0emZeMYklVE3LS97rGKN8S,Tower of Silence,177255,spotify:track:4jR8SmpJ76qsD1TlaD6TIY
2022-07-25T11:50:31Z,6l8qlrg2DpLoQkTO5B0AJA,Amazing - hirihiri Remix,"2Tk2HAL91rQhvzac157v6Y, 4sJMzQ4brQQcRxc5LGyai1","Maria Domark, hirihiri",4pGeelSZ4BoRJP7muFtAe8,Flawless: Reloaded,127200,spotify:track:6l8qlrg2DpLoQkTO5B0AJA
2022-07-25T10:28:59Z,765fRXeyCJIRYBlivDnI8L,doitrightback,"2xNs2zfnh52ORUTI4Qfvxf, 3ReVTyprRfKmKquryr9UeA","saoirse dream, CMTEN",0byqZR0A5NBfkYo1Kj122z,doitrightback,224062,spotify:track:765fRXeyCJIRYBlivDnI8L
2022-07-24T07:14:59Z,4liBEwZa5U3i4AsSYgvyvl,Toowoomba,3thJquMnhrDJ0dU06Jo9jN,Mathew Joseph,1MpnZpS06CN44ZLdfecNVC,Toowoomba,154995,spotify:track:4liBEwZa5U3i4AsSYgvyvl
2022-07-21T16:03:05Z,5AGgsMoM8DNUpTNsXfvR9I,light,6RuS4udHwx3C9ysk4KXtNw,jizue,1DVDZf2wezbNIYjkWDbXR8,story,252478,spotify:track:5AGgsMoM8DNUpTNsXfvR9I
2022-07-17T23:44:53Z,13DNuiQyuTDcAw6Y8thZFM,BRAND NEW BITCH,1AHswQqsDNmu1xaE8KpBne,Cobrah,6xMnRBIpa2x3M40yVkGMBb,BRAND NEW BITCH,196000,spotify:track:13DNuiQyuTDcAw6Y8thZFM
2022-07-17T09:13:05Z,5nUtJLeqLACcKsjBAb7d4u,Du Sale,7p0odCZxOVz684NjXt1dEf,Le Wanski,02tNyRQAXba16zAOlSIRSk,Du Sale,268836,spotify:track:5nUtJLeqLACcKsjBAb7d4u
2022-07-16T23:19:19Z,1vGqdXfhDzdZZCy9m2t0L4,2 AM,"6QkYkBjMueh3mAI1uxj9VR, 68FFgnelfY75QdZ6RmctYh","Protokseed, Neika",66wBZb9in7J8XBVr8YdJdB,2 AM,216015,spotify:track:1vGqdXfhDzdZZCy9m2t0L4
2022-07-16T23:10:38Z,2j2cqDNcpjyEjzpDY7TC7W,German Sex Tourist,5aT7fqsgVA5IKJHtkfpPDw,Mr. Bassmeister,7H8eCqZSU31zvTtfcrAKNR,German Sex Tourist,268800,spotify:track:2j2cqDNcpjyEjzpDY7TC7W
2022-07-16T22:58:18Z,5TPqfZAq1VY6c4YYgu799W,La Dune Aux Épaves,7p0odCZxOVz684NjXt1dEf,Le Wanski,1Jt2eVdMz96X7qsN6IENcr,La Dune Aux Épaves,337376,spotify:track:5TPqfZAq1VY6c4YYgu799W
2022-07-16T20:59:51Z,50GShXX5Ez1IXO00M7CbAK,Complicated,31tKAz77HVjv8W0uqzDNwu,Daisy Clark,6HdESckCwaUnfR45y9hJr7,Complicated,262272,spotify:track:50GShXX5Ez1IXO00M7CbAK
2022-07-15T22:23:40Z,5BGmmTZL2bsRi5qFP0OWX0,The Jungle,5ut4VhaCRPsEjAZ93jpPfK,Oliver Malcolm,6Uutk4ONNcluULLclNZEgB,Are You Living In The Real World? - EP,123009,spotify:track:5BGmmTZL2bsRi5qFP0OWX0
2022-07-09T18:29:14Z,4OCdgLLcPPqDJg8eWFi8rM,The Floating Bed,0ObFwq8w8SfMs0xQqafq6y,Elliot Goldenthal,1VU7NezUvswRnFjNM0M5li,Frida (Original Motion Picture Soundtrack),89640,spotify:track:4OCdgLLcPPqDJg8eWFi8rM
2022-07-09T14:43:53Z,04PpMVLj5tZwOpXHD2vUH6,El Conejo,6SFpEAywC3u4kjE00wHMoO,Los Cojolites,1VU7NezUvswRnFjNM0M5li,Frida (Original Motion Picture Soundtrack),149400,spotify:track:04PpMVLj5tZwOpXHD2vUH6
2022-07-09T14:43:04Z,7tiPAh25Mz4JRUz37IcANK,El Feo,6OpOoxvsr2kJYVhlVA2PUU,Trio Monte Alban,4X136DygEvRPQwxxgTJBrh,20 Éxitos,152240,spotify:track:7tiPAh25Mz4JRUz37IcANK
2022-07-05T13:21:22Z,4mKj2fDfP39TaXBktqH3Or,Windigo,3InHKoRqLAoPvPfH5T6WEO,Anachnid,39gvn7LqSbcAVjl3nbvVWZ,Dreamweaver,180074,spotify:track:4mKj2fDfP39TaXBktqH3Or
2022-06-30T12:26:37Z,5AVnWUXifjcxv7l9lKVIqb,Sepia,0Mb07um3EFUmVvjcqN0DCn,Indigo Jam Unit,3JXpqb40IwJuCGWYbZdzns,Oonops Drops Vol. 1,325580,spotify:track:5AVnWUXifjcxv7l9lKVIqb
2022-06-30T12:16:23Z,3f27mtLKBWGcGC5VXbMNji,Elm,7663vNncj70kCkfsi5eMNf,Clever Girl,5fVQB6vI2BiezkTxU0BJIr,No Drum and Bass in the Jazz Room,328056,spotify:track:3f27mtLKBWGcGC5VXbMNji
2022-06-30T11:32:03Z,6lZPtN8Ds9sM0FfR0ByoBE,the morning glory,3XKBSRkQeskeHIpRvA5XaS,toconoma,2TKWC4WpImusMrl1AmkW2t,TENT,309800,spotify:track:6lZPtN8Ds9sM0FfR0ByoBE
2022-06-29T12:31:57Z,09yG6WyFNRXtTMoftywhFV,Drop,0nZHjqvdLoBy50ZzUH5FNU,Cecile Believe,0f8LysahQxKbtIQfp5Gi8K,Plucking a Cherry From The Void,105370,spotify:track:09yG6WyFNRXtTMoftywhFV
2022-06-29T09:59:06Z,0nh79vvOFQlp6GHBjGObOD,2 Strong,1ZvF4Sgnre3Rk2CpiNy077,Sega Bodega,7sutGPUG2T56ubUjlhSaE9,Salvador,219500,spotify:track:0nh79vvOFQlp6GHBjGObOD
2022-06-27T11:18:21Z,136fKX6mhktrvLzjZpH7Kc,Remolino,6UeIDlkYcSRGg4aLX1d4TN,Natalia Doco,4uucwPifnf35dXKEQJm3kT,El Buen Gualicho,225920,spotify:track:136fKX6mhktrvLzjZpH7Kc
2022-06-14T10:05:10Z,7xSmUlGQFCWZZSyVU7S3JI,Gilbert de Clerc - Camilla Sparksss Flip,"4Rnbihd9aa3KWygk38BAZL, 5RxUFk1D177dFGqFOUh2rg","Mansfield.TYA, Camilla Sparksss",5xclICPsqqtytk1hR45Y9y,La main gauche,156404,spotify:track:7xSmUlGQFCWZZSyVU7S3JI
2022-06-13T12:10:55Z,7podKCePfIMQRDDxK71PWC,Tempête,"4Rnbihd9aa3KWygk38BAZL, 0VPogECnuuH2xbYP3Rmpd4, 4WzuMp3YGOM5rOu07EH0Bm","Mansfield.TYA, Rebeka Warrior, Carla Pallone",5iQxynqu3B2KR3XsrU0HrK,Monument ordinaire,180160,spotify:track:7podKCePfIMQRDDxK71PWC
2022-06-12T16:11:19Z,1jcd0ZDms179eAAohF6IVz,We Give Thanks,3u9rbdcmA6CxjxOAkjaeFr,Kokoroko,0Z5523HDV8PzT0Ea3I2IDb,We Give Thanks,220853,spotify:track:1jcd0ZDms179eAAohF6IVz
2022-06-10T07:03:09Z,46YQ6ZzvA8s1vIDWM8pzQr,Dau Tibuya 02,4D23q2YusyemlDUYm9AfbU,Nawa Siã e Kupi Huni Kuin,3KeUwUHqQOlIqkkdYGyYeC,Pinu Huya Keneya,366000,spotify:track:46YQ6ZzvA8s1vIDWM8pzQr
2022-06-10T06:58:12Z,2QGZiVlFFHGcXTkGnPKDAW,Dau Tibuya 01,4D23q2YusyemlDUYm9AfbU,Nawa Siã e Kupi Huni Kuin,3KeUwUHqQOlIqkkdYGyYeC,Pinu Huya Keneya,480281,spotify:track:2QGZiVlFFHGcXTkGnPKDAW
2022-06-10T06:39:35Z,2s0OmkWv7Ef39oqHmyXzrB,Pinu Huya Keneya,4D23q2YusyemlDUYm9AfbU,Nawa Siã e Kupi Huni Kuin,3KeUwUHqQOlIqkkdYGyYeC,Pinu Huya Keneya,298906,spotify:track:2s0OmkWv7Ef39oqHmyXzrB
2022-06-09T11:22:05Z,1dodXRvoA4SaudsD335WyI,Homing,4oCcCzMjKNCjQTzxtVlOJT,Loma,7noRk0kA8noaDwLS8xy5U4,Don't Shy Away,280181,spotify:track:1dodXRvoA4SaudsD335WyI
2022-06-09T09:27:13Z,4uGKx6NQBByoDw3t7JA0bQ,Masquerade,56ZTgzPBDge0OvCGgMO3OY,Beach House,2eTxZYoqIv4MoLqwh73qvo,Once Twice Melody,282253,spotify:track:4uGKx6NQBByoDw3t7JA0bQ
2022-06-08T10:49:15Z,3BEmmHuv5jm0tbCUVI6ceD,The Crow,4NZM5xKuDpGc4vEHDwGO1Q,DJ Food,6NZdnBIelaaa2jVnrZL5jV,Kaleidoscope,373373,spotify:track:3BEmmHuv5jm0tbCUVI6ceD
2022-06-07T15:21:10Z,1VSndAMmSoD4NXmeW03BFt,Respira,6UeIDlkYcSRGg4aLX1d4TN,Natalia Doco,3rzXm6GOuHWRSt8O2jZvjD,Respira,225629,spotify:track:1VSndAMmSoD4NXmeW03BFt
2022-06-06T16:59:40Z,4byKLDGOMsmMBJABTNUW4G,Souma Manone,"7F6474dJ7eusD2MkXm2Lwx, 4Po5wr0Ul3royQBHA8oZdm, 6YM7SKICgpsNaRywjuJyqX","Ablaye Cissoko, Volker Goetze, Francois Verly",05tfcODau1bIZEJ7j2srBm,Djaliya,275863,spotify:track:4byKLDGOMsmMBJABTNUW4G
2022-06-05T21:08:54Z,1GSoTgzYMRYI8yZM056Sml,miu,4ZG4S6skttdVhHz08AjMhR,Marina Herlop,2wnxhsvtfuzDH1ETN0pr8p,miu,243765,spotify:track:1GSoTgzYMRYI8yZM056Sml
2022-06-05T12:41:18Z,1bzSYc5PkYxJGUpy0oprgb,The Flesh of the World,4ioovQ90tEAnJiQryAtkXl,Uboa,3eZBKio9IK2eEXNLDRYOfR,The Flesh of the World,320750,spotify:track:1bzSYc5PkYxJGUpy0oprgb
2022-06-05T10:54:13Z,5Xz9zYLeK420RYya8msJvv,Always,7rlAAAiWScpsT1hmgURAmh,SPELLLING,5Dqqrr1dhaZ3BcFthVUCj2,The Turning Wheel,314493,spotify:track:5Xz9zYLeK420RYya8msJvv
2022-06-05T10:40:08Z,5FWoBviZ0S6pNT1x0u0oxU,Effeminacy,1ZvF4Sgnre3Rk2CpiNy077,Sega Bodega,0dXxoVKkKfIFVgGO2FUu2u,Romeo,175754,spotify:track:5FWoBviZ0S6pNT1x0u0oxU
2022-06-05T10:31:43Z,5GL5Qt6UM0pXNB7XPD5tpt,God Unbounded,4ioovQ90tEAnJiQryAtkXl,Uboa,3eZBKio9IK2eEXNLDRYOfR,The Flesh of the World,340000,spotify:track:5GL5Qt6UM0pXNB7XPD5tpt
2022-06-05T09:35:43Z,4lqGEVirTwGCl4P9IECjkN,In Me,2WIb75pwIt78VCAhAtPObY,Tanya Tagaq,565j8hb4CaU9pWZSz7tVMh,Tongues,290175,spotify:track:4lqGEVirTwGCl4P9IECjkN
2022-06-02T13:38:38Z,3ICdA0bSZQ94L3Pg3uucOM,nomore,2xNs2zfnh52ORUTI4Qfvxf,saoirse dream,4QxsDtqSHd00heowjmStTE,everything✱,241723,spotify:track:3ICdA0bSZQ94L3Pg3uucOM
2022-06-02T13:34:02Z,2K0ZD5eAvOz0Q22Fi8Mi2a,foresight,"41f6TKH0EoBnj3N4xIp26g, 3YOvdmjSEwOqRAJ0ttfwCx, 04Y5zXsFqYRzDr6tMXj6aL","food house, Gupi, Fraxiom",3JBuWWY8OCHXMcQz5xxxCr,food house,348470,spotify:track:2K0ZD5eAvOz0Q22Fi8Mi2a
2022-06-01T10:27:45Z,7BngoXzZP05RhB9MTfb8v7,Firework,3uXWHfGDounTAgv5NZmHeA,Chester Lockhart,1iBzN9AIKDb7tpygUMPFLo,Firework,122000,spotify:track:7BngoXzZP05RhB9MTfb8v7
2022-05-31T16:57:11Z,6vixh55dCERkMeHM68KOE6,La Frontera,"30tn7aO5EFnlClql7gPpGw, 5IIGsnZbpoR1ONGK1fRumn","Lagartijeando, Minuk",5Iul5UaUiG7Ko0r0rbnf5c,Jallalla,340616,spotify:track:6vixh55dCERkMeHM68KOE6
2022-05-27T12:34:32Z,2mpPvcpnMTKcK7rFt39epk,Garden,"6Ed7YwSt3LvYcMDZk5b1Id, 6ZmJg6NCjGmRgC2GEI86pQ","Jedwill, camoufly",6PTuygRvwvbbZDJkuUIk1U,Garden,109798,spotify:track:2mpPvcpnMTKcK7rFt39epk
2022-05-27T11:45:53Z,2Y1RXNknceZ4NiswXeRrhe,weenie hut,2xNs2zfnh52ORUTI4Qfvxf,saoirse dream,1rMEUDj14ohpYdcGc8hQG7,weenie hut,110695,spotify:track:2Y1RXNknceZ4NiswXeRrhe
2022-05-27T11:22:47Z,3O7Kkfm93epHtG6GaFtcr6,metal,"41f6TKH0EoBnj3N4xIp26g, 3YOvdmjSEwOqRAJ0ttfwCx, 04Y5zXsFqYRzDr6tMXj6aL","food house, Gupi, Fraxiom",3JBuWWY8OCHXMcQz5xxxCr,food house,173555,spotify:track:3O7Kkfm93epHtG6GaFtcr6
2022-05-27T11:17:43Z,6lpGvYroSZeTfzWSKdG7Ar,sirens,"6Ed7YwSt3LvYcMDZk5b1Id, 4MfmHpQyU0hIZ1A6NNQ5Kz","Jedwill, Yung Skrrt",5t90jJM9rsZbSLpzI0llDv,sirens,145656,spotify:track:6lpGvYroSZeTfzWSKdG7Ar
2022-05-27T11:07:18Z,0832wOXVvKQoLp3TI1iQEV,curses,"41f6TKH0EoBnj3N4xIp26g, 3YOvdmjSEwOqRAJ0ttfwCx, 04Y5zXsFqYRzDr6tMXj6aL","food house, Gupi, Fraxiom",3JBuWWY8OCHXMcQz5xxxCr,food house,172800,spotify:track:0832wOXVvKQoLp3TI1iQEV
2022-05-27T10:51:53Z,3lzX0mU3pfXOQRnH0ryZJR,8 now,"41f6TKH0EoBnj3N4xIp26g, 3YOvdmjSEwOqRAJ0ttfwCx, 04Y5zXsFqYRzDr6tMXj6aL","food house, Gupi, Fraxiom",3JBuWWY8OCHXMcQz5xxxCr,food house,209295,spotify:track:3lzX0mU3pfXOQRnH0ryZJR
2022-05-27T10:37:05Z,7jjczqsuFJw6vA4k3MujeI,want u,"3UrSRgbnWzDJsDNVFMaDP8, 2XYUQq2SXzidlvYzaBI6EI","phonewifey, Xoxoswitch",5cC4uV81SHxRCdRKH6Rohz,want u / that was low,209500,spotify:track:7jjczqsuFJw6vA4k3MujeI
2022-05-27T10:23:13Z,0t24P3oKD98uB8ZXFHo0Hf,Medkit - Yellowclub Remix,"29j2O8FnYrHOx7Kh8qFOPn, 1eTzFnyXBoZpMbEI1c6eHu","111nightshift, Yellowclub",7y6b6tO2l2zHrC9PX6Eq7P,Medkit (Remix Pack),154754,spotify:track:0t24P3oKD98uB8ZXFHo0Hf
2022-05-25T10:10:37Z,6oNnCHapy2exngdDf7dOEc,Iansã,3Hue0QXHSHhpjbqWk3HmtY,Danit,05WSKyQ8c6mY8IpIVangkd,Aliento,267415,spotify:track:6oNnCHapy2exngdDf7dOEc
2022-05-24T21:20:15Z,2oUBG6Te9PNzEJB17Cbmi3,El Muerto Vivo,2bhNZ8x8k2VfVhNRKESlcj,Peret,2HMDuldQjj1nBUfrpDj0s2,Rumbas de Oro,141106,spotify:track:2oUBG6Te9PNzEJB17Cbmi3
2022-05-24T19:45:09Z,1SIXMGcsAeA6sNxaY1EG3O,Tienaté,77J3V0V7sEOf5ifCDBSNaJ,Nu Genea,2OeKJLLD5jcYMgJAExURqS,Bar Mediterraneo,278029,spotify:track:1SIXMGcsAeA6sNxaY1EG3O
2022-05-24T13:22:39Z,7m3IPWVD20YEKZE3ZCu9mA,Pick Up The Phone,3zrsuumoPW6KbZmBX2X7qC,Yorina,2Q3JmoP3Ks61sf1GeaQCxB,Dry Your Tears,225386,spotify:track:7m3IPWVD20YEKZE3ZCu9mA
2022-05-21T22:21:46Z,00MVVQIULJMsn7y9hE1tCb,Welcome Back to Me,5h7TI4XI3fjCiG5MHJMyO0,Meryem Aboulouafa,2a7C1v4N081yIZf0ZTVhnu,Meryem,167866,spotify:track:00MVVQIULJMsn7y9hE1tCb
2022-05-21T11:14:41Z,6jw2gaUjhFqiY3imoKe5b1,Breath of Roma,5h7TI4XI3fjCiG5MHJMyO0,Meryem Aboulouafa,2a7C1v4N081yIZf0ZTVhnu,Meryem,205840,spotify:track:6jw2gaUjhFqiY3imoKe5b1
2022-05-15T16:24:44Z,1v6wfh5bUCnOttxRUpNST2,Birdcage,7J7wDWLxbvVQdozTVeNWdp,You Man,3b84PNxcXw8rpw9UMH22ka,Restless,339082,spotify:track:1v6wfh5bUCnOttxRUpNST2
2022-05-12T22:56:09Z,1MZ4IEhNkgQRZzuyVxHMEH,THE SOLITARY BRETHREN OF EPHRATA,3Q2RrKEOBdkWI2MJQgdt84,Lingua Ignota,06wtf2TCkmyTgS1yZGiSr5,SINNER GET READY,311797,spotify:track:1MZ4IEhNkgQRZzuyVxHMEH
2022-05-11T12:33:51Z,2stGjgqyfgom5aDgrZIqaB,Tou Votanikoú,40sPlPGgON8MBAiW4CIFTP,Tarta Relena,2a04SLGnwTjTPL2BoKce2d,Ora pro nobis,163120,spotify:track:2stGjgqyfgom5aDgrZIqaB
2022-05-11T12:28:48Z,2iLrg6p21vkHWGVhHDWHIl,Coidar dunhas Colmeas,1w6hzUtZfQobZi2NTwAJe8,Néboa,7fVmJSw3mczfkfbZpQraRI,A realidade Enganosa,238069,spotify:track:2iLrg6p21vkHWGVhHDWHIl
2022-05-11T11:42:22Z,1O7mDwAbhgtdaImnMB7y3j,Ay Hombre,17UUkxLWmRP5P47W5kwVVb,Xenia Rubinos,68AEf03cJgTNpj5mQRQez4,Una Rosa,258976,spotify:track:1O7mDwAbhgtdaImnMB7y3j
2022-05-11T11:37:56Z,6cBbF47sdzkRSZrEvPvUSM,Puddle Underwater,2ABEVwxsESCBsCBjN6qFru,Salamanda,7LqeayMSLKMDHFkGkk5TTM,Sphere,247394,spotify:track:6cBbF47sdzkRSZrEvPvUSM
2022-05-10T09:54:12Z,69vmZzsTo5Luxbra1LRRMd,Érotive,0vE2E2b0a3fMndxtZYwxjO,Mathilde Fernandez,4c4VmckjtDlG52USxGhoQL,Sensible,193724,spotify:track:69vmZzsTo5Luxbra1LRRMd
2022-05-09T22:31:55Z,2TOzTqQXNmR2zDJXihjZ2e,enough for you,1McMsnEElThX1knmY4oliG,Olivia Rodrigo,6s84u2TUpR3wdUv4NgKA2j,SOUR,202826,spotify:track:2TOzTqQXNmR2zDJXihjZ2e
2022-05-09T15:13:38Z,78xCI7hkmeiveXBP4uhYww,Bitch Bites Dog,0nZHjqvdLoBy50ZzUH5FNU,Cecile Believe,0f8LysahQxKbtIQfp5Gi8K,Plucking a Cherry From The Void,212041,spotify:track:78xCI7hkmeiveXBP4uhYww
2022-05-07T19:42:22Z,4JnxFljhLyFJ76wahdrP1Q,Viene de Largo,7dp8dR96gWncIypef8kTnS,Najwa,1bkNxiusyHz4lwgwSICa7L,Viene de Largo,194781,spotify:track:4JnxFljhLyFJ76wahdrP1Q
2022-05-06T15:47:01Z,1g5LyPm1qegZhDNOr3cG1X,Last Supper,1F31FB7Y6ic4844PbqMf7c,death's dynamic shroud,0G6b3INOGtHUWP68M4eOFs,NEON GENESIS EVANGELIS,125151,spotify:track:1g5LyPm1qegZhDNOr3cG1X
2022-05-05T14:40:55Z,49DmTlbizOa1VTQRqVAuWJ,Pangaea Girls (Magic Feeling),34Xay0uKsALHCrn5LkrYeh,Candy Claws,5KkGAZrad4N4rc5FriwgzU,Ceres & Calypso in the Deep Time,191491,spotify:track:49DmTlbizOa1VTQRqVAuWJ
2022-04-29T16:37:22Z,1B2xQZTxagAZR7yrlKOdAE,Cicadidae,2p2uE4i92Dn4DkThfoKIB9,Igorrr,3eLvDNfWAMpytqIp073FEc,Hallelujah,183317,spotify:track:1B2xQZTxagAZR7yrlKOdAE
2022-04-29T11:25:56Z,1OpAHJlIDNQKn9DbjFiUkf,Laplander,2IRRnJ7AkcLnqMX8jvQqrW,Finn Keane,686lcsXGAd6hqtjI4W7vLZ,Deep Trouble,214108,spotify:track:1OpAHJlIDNQKn9DbjFiUkf
2022-04-27T11:58:46Z,1e3jLJolU2P8SxNQZLYful,La mort avec toi,1ScFJG5ccOnTPPUin8cPFu,Gargäntua,7tbGi5TEaPzzrAMFrIFahT,La mort avec toi,195001,spotify:track:1e3jLJolU2P8SxNQZLYful
2022-04-24T13:37:00Z,5OZyjGnYcuGs81s4vI2DFU,Tarte à la myrtille,7p0odCZxOVz684NjXt1dEf,Le Wanski,3NdvAjgq1H5YsIHF4oLQOu,Tarte à la myrtille,396863,spotify:track:5OZyjGnYcuGs81s4vI2DFU
2022-04-23T21:37:40Z,3fsPD07oy4Desemhtc0N9T,stay sane,40ZElxHldNyvn7x8WRC6fh,Pink Siifu,5QaKqeRZg765yvlvrq2lIT,ensley,165493,spotify:track:3fsPD07oy4Desemhtc0N9T
2022-04-22T18:32:31Z,7ytlU6FmzTISrT7JeGxFSg,Paysage,7pcG7za39JaUHalwqiuCt9,MPL,4Lz3az2241MXAIxR19MEd4,L'étoile,216120,spotify:track:7ytlU6FmzTISrT7JeGxFSg
2022-04-20T17:34:38Z,0PLDKF0sKYPaLL44bkLUXU,"Be Unbarred, O Ye Gates of Hell",7AZwAitWq1KcFoIJhRWb6V,Deerhoof,3WVpMRRKz9BVU4koPEFpnF,"Actually, You Can",186282,spotify:track:0PLDKF0sKYPaLL44bkLUXU
2022-04-20T16:41:28Z,66nqicP4reySyhdDRo3VZh,너 땜에 맘이 맘이 맘이 맘이 괴로워요,1F31FB7Y6ic4844PbqMf7c,death's dynamic shroud,1BVQ0iqg1mFg3Q48OLlwOT,I'll Try Living Like This,260000,spotify:track:66nqicP4reySyhdDRo3VZh
2022-04-15T10:56:50Z,4LenspZZ3PGDhwoPzFB3s4,Histoire d'amour,69irZ4R8OsrLHjr6VmMmMg,Gaël Faye,5NikQBD6va9zDiSQ5yUhFV,Lundi Méchant,211453,spotify:track:4LenspZZ3PGDhwoPzFB3s4
2022-04-15T10:31:44Z,2CedG0SQvW8vQeRxovHeFV,Chalouper,69irZ4R8OsrLHjr6VmMmMg,Gaël Faye,5NikQBD6va9zDiSQ5yUhFV,Lundi Méchant,215240,spotify:track:2CedG0SQvW8vQeRxovHeFV
2022-04-15T10:19:11Z,3ej9CjmXF3FvJDmWP0us2m,Suivre le soleil,2cDOL359PIxZf239UwINjI,Vanille,1KryRePd6mou3O4uvJBu3a,Amazona,158680,spotify:track:3ej9CjmXF3FvJDmWP0us2m
2022-04-13T22:30:28Z,5zPLNBr1HvoiCn5kENzzsT,Bird On the Wire,"57v02RSRJzcY5WiYQ5yPCl, 7cfKXiA9YUupXEjCUWPtxY, 3GKGEnbmQnaTNGJL6ZGryj","Rosemary Standley, Dom La Nena, Birds on a Wire",1Nkft7hZskqp4AsGmWhnGr,Birds On a Wire,177600,spotify:track:5zPLNBr1HvoiCn5kENzzsT
2022-04-13T14:07:44Z,3KewUrX9nBSs6KMtFvw6wq,Longhope - Edit,"636k3cBTCgdZfXzCj7Cuaa, 6oMHfG0yqLOcbPn4abPFIx, 31vAiCz7AsxXsljIGKg4UB","Erland Cooper, Hiroshi Ebina, Hinako Omori",4lSb0FHWXuVNF4aQCSJqI0,Longhope,211000,spotify:track:3KewUrX9nBSs6KMtFvw6wq
2022-04-12T09:57:54Z,2YYfYUOxF3GmK5N1p8HbCE,somewhere between the 8th and 9th floor,0NKaRcyqHnynkv7UMsOhEH,aya,2j1PArO05q8DBRRNuCPsr6,im hole,229192,spotify:track:2YYfYUOxF3GmK5N1p8HbCE
2022-04-12T09:32:17Z,7GL1r3EvpFiTlMN7HTG4kg,Detransitioning,4ioovQ90tEAnJiQryAtkXl,Uboa,01U2G02pbK0IcIOMW0j3Dn,The Origin of My Depression,267333,spotify:track:7GL1r3EvpFiTlMN7HTG4kg
2022-04-11T17:27:36Z,6w2jx3gzQAtoKP22czcANv,Fils de joie,5j4HeCoUlzhfWtjAfM1acR,Stromae,5JY3b9cELQsoG7D5TJMOgw,Multitude,195440,spotify:track:6w2jx3gzQAtoKP22czcANv
2022-04-11T16:50:49Z,18wOD0PpwKHf8KuvtM5sx7,Garçon,54eDBxDgfcmO6jqlKg0XLb,Koxie,5aGNnDoH6dvXVTlhvKSbLJ,Koxie,215506,spotify:track:18wOD0PpwKHf8KuvtM5sx7
2022-04-11T16:19:32Z,4mffa33OTT0mHP56S6WWdC,Tatoué,0hNK6eH7pXpC1yvhnFXTWB,Ycare,1I42vGFJTION2ZQmZUO9KO,Tatoué,221136,spotify:track:4mffa33OTT0mHP56S6WWdC
2022-04-11T13:37:48Z,0K0AUMV2H31VgDbvb09xBU,Cyclic,0WSSKmoRbxqLf3MnXInQ2J,Max Cooper,26vmJ6CjPxYWYYa2B4d9my,Emergence,416500,spotify:track:0K0AUMV2H31VgDbvb09xBU
2022-04-09T14:59:21Z,1fRN2M7M2TEuSUjIJWWT4x,Szerencsétlen,7eKIP3IoPoUAZgZuvMM6hf,Venetian Snares,1GcVuxKE16rUkpZiqfPId3,Rossz Csillag Alatt Született,295573,spotify:track:1fRN2M7M2TEuSUjIJWWT4x
2022-04-09T09:20:35Z,2xUsXYIiK18wSnv2SXFGtj,Invisible - Paul Kalkbrenner Remix,"7ry8L53T4oJtSIogGYuioq, 0rasA5Z5h1ITtHelCpfu9R","NTO, Paul Kalkbrenner",4cqsB6UXqiauyUjNFxh8yf,Invisible (Paul Kalkbrenner Remix),457036,spotify:track:2xUsXYIiK18wSnv2SXFGtj
2022-04-08T13:54:30Z,4O0UNdtpfy56lvJsTEy0je,Corpus Tristis,2p2uE4i92Dn4DkThfoKIB9,Igorrr,3eLvDNfWAMpytqIp073FEc,Hallelujah,198902,spotify:track:4O0UNdtpfy56lvJsTEy0je
2022-04-08T10:51:40Z,0Zy1tSVAQ8pIugxsEbeAar,Houmous,2p2uE4i92Dn4DkThfoKIB9,Igorrr,2NsGk9oBBBMfblYdLcjYhu,Savage Sinusoid,211565,spotify:track:0Zy1tSVAQ8pIugxsEbeAar
2022-04-07T11:05:24Z,2BczV5l359XI4afg9h2h8g,Awaken,7rlAAAiWScpsT1hmgURAmh,SPELLLING,5Dqqrr1dhaZ3BcFthVUCj2,The Turning Wheel,271822,spotify:track:2BczV5l359XI4afg9h2h8g
2022-04-07T10:46:07Z,7GkNvyhBawJGjNkmKsyQjP,Little Deer,7rlAAAiWScpsT1hmgURAmh,SPELLLING,5Dqqrr1dhaZ3BcFthVUCj2,The Turning Wheel,339307,spotify:track:7GkNvyhBawJGjNkmKsyQjP
2022-04-06T21:31:44Z,4PbeZrAqLw0kcQKc61PuBD,Lagoon,3ey9OSASkq8HNPh0u7jjfO,Horsey,1z6VwFw428tUIrrEqKktEn,Debonair,212000,spotify:track:4PbeZrAqLw0kcQKc61PuBD
2022-04-05T21:21:34Z,2qj5K3xjDjp7LcvllEOw2I,Cœur brisé,"61y0Qj5xUcKnbHYxuaqSRP, 5rv6OYiDFLm0gQ8wbihOib","Myth Syzer, Muddy Monk",34ADaayLcTthIfMqRnbx2t,Bisous,195413,spotify:track:2qj5K3xjDjp7LcvllEOw2I
2022-04-05T20:48:19Z,3NakEPSaVKsqqimJW66xCc,grandiose,6e3pZKXUxrPfnUPJ960Hd9,Pomme,3Iq43NGfIN8tc8AVJ9Konz,les failles,195280,spotify:track:3NakEPSaVKsqqimJW66xCc
2022-04-05T16:35:57Z,04dN8cOsMHhbRtqo4ekWrp,Dimensional Shift,"2osertIOhrVHeuRnWIANBt, 3y5ay1cD6eYB32e0FbvgGH","Enko, Mis Gato",7jECr2A9SfQ36T5YHAnk8b,Dimensional Shift,691200,spotify:track:04dN8cOsMHhbRtqo4ekWrp
2022-04-04T20:25:27Z,3WHb8R3lcNvkfyOb7CF86j,The Next Afternoon,4OHaWpWPKDcZgOOUn9elFn,Mr. Carmack,0HNThswcLXcghjI5krCyfL,Reality,171428,spotify:track:3WHb8R3lcNvkfyOb7CF86j
2022-04-03T21:15:59Z,5QCS9fdtmk2mGGeuoT3Pqy,Arya Tara,7p0odCZxOVz684NjXt1dEf,Le Wanski,2BYeeKA6hbpiZXXd79VhDP,Arya Tara,431571,spotify:track:5QCS9fdtmk2mGGeuoT3Pqy
2022-04-03T16:31:29Z,66ta5696I0xJoXKWxCsC4o,Tell Me Your Secret,1F31FB7Y6ic4844PbqMf7c,death's dynamic shroud,30VZChxafGu2XN2fD9TbEV,Heavy Black Heart,190287,spotify:track:66ta5696I0xJoXKWxCsC4o
2022-04-03T11:53:49Z,2OuMxysNU3rSWEc0qhgwjt,Tear in Abyss,1F31FB7Y6ic4844PbqMf7c,death's dynamic shroud,1HBuWe94Z8qMTj2IvgfO4B,Faith In Persona,425750,spotify:track:2OuMxysNU3rSWEc0qhgwjt
2022-04-02T22:07:37Z,25FVv1DPCCd1jGwDBV67bN,Did My Best,17UUkxLWmRP5P47W5kwVVb,Xenia Rubinos,68AEf03cJgTNpj5mQRQez4,Una Rosa,282570,spotify:track:25FVv1DPCCd1jGwDBV67bN
2022-04-01T19:26:51Z,7dcMofYVUj7hn6GI819zzc,Dawn,4FH1qQ5KcTtomryu4O5pgX,Basenji,7a6IVIvrKCMdaXsNT1pdy3,Trackpad,200000,spotify:track:7dcMofYVUj7hn6GI819zzc
2022-04-01T15:49:53Z,1Dcu8TiyluPGfOsxRfyBQ4,Famous (8D Audio),1uIUqLhf1uo7DGKNJTR5DM,Brandon & Marshall,7ES13UTlphH6vfkoLmN4AH,Love,159308,spotify:track:1Dcu8TiyluPGfOsxRfyBQ4
2022-03-31T15:52:01Z,69zQBZWWiWre2N7AneiVBc,Ni morte ni connue,"4Rnbihd9aa3KWygk38BAZL, 0VPogECnuuH2xbYP3Rmpd4, 4WzuMp3YGOM5rOu07EH0Bm","Mansfield.TYA, Rebeka Warrior, Carla Pallone",5iQxynqu3B2KR3XsrU0HrK,Monument ordinaire,230546,spotify:track:69zQBZWWiWre2N7AneiVBc
2022-03-31T14:49:27Z,1yRhmQ9lN1uAD6MxDhjpZV,Le téléphone céllulaire - Ne m'appelle plus,3hyFh3a07azAfvMgbZLl6p,Les clopes,4nJV3vuDYATQIQBMpCH8rb,Les clopes,196726,spotify:track:1yRhmQ9lN1uAD6MxDhjpZV
2022-03-29T10:49:22Z,1g0pdNC4sLKV0bGBV5ngcW,Scarcity Is Manufactured,7AZwAitWq1KcFoIJhRWb6V,Deerhoof,3WVpMRRKz9BVU4koPEFpnF,"Actually, You Can",173035,spotify:track:1g0pdNC4sLKV0bGBV5ngcW
2022-03-29T10:10:55Z,5IOWD5JUW6cBdhV3MeG5ZW,Right?,17UUkxLWmRP5P47W5kwVVb,Xenia Rubinos,7hpaJ75FV7MYcKER1px2Uv,Black Terry Cat,258154,spotify:track:5IOWD5JUW6cBdhV3MeG5ZW
2022-03-29T08:03:43Z,60lqD2feVf0gw36nreA2E1,"Africa Calling (feat. Preachermann, Tata Din Din & the Antibalas Horns)","0BUhCohHHlFc5drf3UEQTJ, 6DuwjvDRKoM957dEuzH9X8, 0680he8Z1NSD2MNhsRW8vI, 0VMmjlR5yE56cl2YYmDgE2","Holy Forest, Preachermann, Tata Dindin, Antibalas Horns",77ulylFeXho07GszAScgYQ,Holy Forest,238693,spotify:track:60lqD2feVf0gw36nreA2E1
2022-03-28T18:07:13Z,1O2j6xoEmETsbTk9r8yyQO,Order from Chaos,0WSSKmoRbxqLf3MnXInQ2J,Max Cooper,26vmJ6CjPxYWYYa2B4d9my,Emergence,461000,spotify:track:1O2j6xoEmETsbTk9r8yyQO
2022-03-28T17:00:36Z,4QkENcBcJnjofXeSVnu4vq,Fragments of Self,"0WSSKmoRbxqLf3MnXInQ2J, 3cHyQs5f4NsAP4LI61G4TO","Max Cooper, Tom Hodge",6tlah0hYYwXvOzS6dzavtm,Fragmented Self,315306,spotify:track:4QkENcBcJnjofXeSVnu4vq
2022-03-27T21:05:35Z,0TIsmpigJeZM7p9wpwBhQX,"Non, non, non","15jZ8OLtnGATWHlQkltG7f, 2XkCa3HcntokIgOP5N3QO7, 0Ntl0oWMPWfBOoi9Qcr9ht","Amel Bent, Camélia Jordana, Vitaa",5TgR60REs2i03Cf70A3es7,Sorøre,162240,spotify:track:0TIsmpigJeZM7p9wpwBhQX
2022-03-27T17:06:12Z,6YYn6x3KDzs0bEOZhVrW9z,Gleam,5wVubOvlmvnovKW8nfHLLe,Sevish,61NYclP8BapCT54gttN4Pi,Harmony Hacker,266532,spotify:track:6YYn6x3KDzs0bEOZhVrW9z
2022-03-24T09:30:01Z,59HKbTnmmFONvKLAPuc9rF,Nombreux,3QVolfxko2UyCOtexhVTli,Angèle,6KSvWFf4g4PrIldtchJsTC,Brol,192546,spotify:track:59HKbTnmmFONvKLAPuc9rF
2022-03-21T19:20:28Z,0rnAOATXvNSAgkPB1cplP7,Mi Timbaton,"4gUNsDOhOxcazF8yQ9C9sQ, 7358itQaElHEWCaZ91h15t","Paky Madarena, Berna Jam",6oJhU95hZPjXZcuEXWet4M,Mi Timbaton,296672,spotify:track:0rnAOATXvNSAgkPB1cplP7
2022-03-21T17:42:51Z,2phVxa2bmPb7HJ0dKlIgdh,"Parranda Selvática, Mix 1",4sTcgUXJRSvSQHei3ZQUBR,Juaneco Y Su Combo,1XBTiJCFR4XFvymIUlnkKE,Leyenda Amazónica,925442,spotify:track:2phVxa2bmPb7HJ0dKlIgdh
2022-03-20T20:09:30Z,12LOYGBr0T0IqyuhEILYFh,La clé des champs,7ry8L53T4oJtSIogGYuioq,NTO,2Mmrw0cif2ng9pr3mFw6LK,La clé des champs,416000,spotify:track:12LOYGBr0T0IqyuhEILYFh
2022-03-18T17:47:40Z,04B09e2Svgh6vqZb8FwtO6,En el Cielo y En la Tierra,"1cn8pXFy2vTp0HhYsCoVIp, 6i99wM3lMxzfNx44bre7xg, 3Hue0QXHSHhpjbqWk3HmtY, 30YziAqRdJP556JuNxh2yp, 3OSYVINCz3vaPYV4DhvSS7, 5sCkmFL0biEwQH8qbv4J3o, 1LFDOLQqvrWj6DEFhOD9uS, 5QLlRySF9TdTZ6SvLdudmd, 00syi6eEcsgr7xx7qEDgJN","Puentes, Nick Barbachano, Danit, Jonas Winter, Misha Mullov-Abbado, Mao Tatanka, Reuben Darling Khan, elad neeman, Isabel Ruiz",6aNGXyDtUroQDRDGWXq29z,Amerikua,380756,spotify:track:04B09e2Svgh6vqZb8FwtO6
2022-03-18T10:07:43Z,33om1peLEWLBZimmmjpfxH,Concrete Angel,3sXErEOw7EmO6Sj7EgjHdU,Hannah Diamond,3h1wgea55XrtVoxrkRYDBn,Reflections,298813,spotify:track:33om1peLEWLBZimmmjpfxH
2022-03-17T19:29:09Z,3Ao5LbaF6GmhhALZpcQRX3,Que Florezca La Luz,"1cn8pXFy2vTp0HhYsCoVIp, 6i99wM3lMxzfNx44bre7xg, 3Hue0QXHSHhpjbqWk3HmtY, 30YziAqRdJP556JuNxh2yp, 3OSYVINCz3vaPYV4DhvSS7, 1LFDOLQqvrWj6DEFhOD9uS, 5sCkmFL0biEwQH8qbv4J3o","Puentes, Nick Barbachano, Danit, Jonas Winter, Misha Mullov-Abbado, Reuben Darling Khan, Mao Tatanka",6aNGXyDtUroQDRDGWXq29z,Amerikua,347584,spotify:track:3Ao5LbaF6GmhhALZpcQRX3
2022-03-16T12:42:59Z,5MJzE71XfTcclOyjh2hgcT,Marine,"15jZ8OLtnGATWHlQkltG7f, 2XkCa3HcntokIgOP5N3QO7, 0Ntl0oWMPWfBOoi9Qcr9ht","Amel Bent, Camélia Jordana, Vitaa",5TgR60REs2i03Cf70A3es7,Sorøre,214706,spotify:track:5MJzE71XfTcclOyjh2hgcT
2022-03-16T12:15:13Z,1VZ3eVEVDkl8suVIFGOC4k,Sacude,17UUkxLWmRP5P47W5kwVVb,Xenia Rubinos,68AEf03cJgTNpj5mQRQez4,Una Rosa,250045,spotify:track:1VZ3eVEVDkl8suVIFGOC4k
2022-03-15T15:44:36Z,3HdUrpkAow3u2nX7ftTjOp,Floating Beams,3X1fGv94hiyQQ8Sc7GRE0K,Pavel Dovgal,5SwIe9CaHWaqeZngbJxULO,The Aura,182810,spotify:track:3HdUrpkAow3u2nX7ftTjOp
2022-03-14T19:39:16Z,56wgd67KYDVpw9yAjxBv69,Balani,"0W8ZVf53GqJkTOPRWQaaBq, 6rwhb59UuFvOrgaUPvdEXv","CHLOE (Thévenin), Vassilena Serafimova",3s6H20dPjJwzJcRrnf5X2t,Sequenza,344120,spotify:track:56wgd67KYDVpw9yAjxBv69
2022-03-14T19:36:14Z,6svlauimgL7pyT2IciIE6P,Exotic Contents,0WSSKmoRbxqLf3MnXInQ2J,Max Cooper,0I0azaQfHlf1JEIJuwHF5a,Exotic Contents / Pulse at the Centre of Being,346588,spotify:track:6svlauimgL7pyT2IciIE6P
2022-03-14T15:07:16Z,11sC0rKY4O7CYfEk551Ee5,Intimate Immensity,22UtZr56I5MgK9Ru1QfUCj,Tomaga,5uU3uLAmcSsZUpTjNLu59H,Intimate Immensity,284710,spotify:track:11sC0rKY4O7CYfEk551Ee5
2022-03-14T12:02:28Z,5sZ2456PyrouXklQiua1Qw,Kampai No Ondo (Produced by Kanade Kageyama),"2RoKrXDjKFkqCTtmIwtAha, 6RuS4udHwx3C9ysk4KXtNw","NABOWA, jizue",7AI3iiJMR1j0EsJ3SzV9fH,Sketch,225000,spotify:track:5sZ2456PyrouXklQiua1Qw
2022-03-13T13:55:26Z,6Z6obSDiG2GIGLlY8fDcQq,Drilling,1rzEvEfXvp967V868K6GY8,The Outside Track,3fM6aKkdV1niLjIsg1NTXV,Light Up the Dark,245426,spotify:track:6Z6obSDiG2GIGLlY8fDcQq
2022-03-13T12:40:38Z,3exETZ0dc656XHnNrhwK9r,4th Floor,"5qP1QgTFbxBrG4WXN0gRrq, 72zr6hTSr85kBmNqaCMtwh","Ross Ainslie, Ali Hutton",6NjAHLuHvBhzjA3yqY1AKU,Symbiosis I,154372,spotify:track:3exETZ0dc656XHnNrhwK9r
2022-03-13T09:52:32Z,6nInyJhQvjTN6gJ9rykiA2,Arranca,6YZOLlgZ38qVDSxVv9xg0G,Manzanita,1g6YaX4vEEB9ndXqrCLFGK,Miami Vice Original Motion Picture Soundtrack (U.S. Version),230253,spotify:track:6nInyJhQvjTN6gJ9rykiA2
2022-03-12T13:36:05Z,0RsRAgVAqak6ojuQSsUKnt,Arranca,6YZOLlgZ38qVDSxVv9xg0G,Manzanita,4yIcprRQETy348nndKbax1,Sabor a Rumba,242093,spotify:track:0RsRAgVAqak6ojuQSsUKnt
2022-03-11T13:46:46Z,1CpJvhcO5vDGaUv2hSskBY,.E.S,4DXEcjUIcIxRBpjST8HpoV,Iñigo Montoya,4mPQhY1avWO7MRkW8gXtBW,.E.S,300268,spotify:track:1CpJvhcO5vDGaUv2hSskBY
2022-03-10T11:57:17Z,2NkgPb4D9iAlVLI7ZuHQ8B,Petit Soldat,3IMOGrM63og03I4jMYo35G,ascendant vierge,5FZu7fsOfKn0k8EagoEDzN,Petit Soldat,186647,spotify:track:2NkgPb4D9iAlVLI7ZuHQ8B
2022-03-10T11:34:21Z,18MlLrfCkYOnKutil99GwY,Alter Ego,7ry8L53T4oJtSIogGYuioq,NTO,7B9ljb5eMbfn8GHPG7lr1Y,Alter Ego,444878,spotify:track:18MlLrfCkYOnKutil99GwY
2022-03-09T16:39:42Z,1fmoCZ6mtMiqA5GHWPcZz9,A New Error,2exkZbmNqMKnT8LRWuxWgy,Moderat,2HEh23ogCT3wiYfag2iMxD,Moderat,367306,spotify:track:1fmoCZ6mtMiqA5GHWPcZz9
2022-03-07T17:02:04Z,3XfrVwdGBvKSWnA2oVckeQ,The Blues - It Began in Africa,6d1HqiWNEKV9zFqQM9WeYo,Romare,6JgRuGcjvkFmbqHlcuD6wv,Meditations on Afrocentrism,235188,spotify:track:3XfrVwdGBvKSWnA2oVckeQ
2022-03-06T14:02:25Z,5kSBstWdaP3tMlArgGM00C,Obvs,7A0awCXkE1FtSU8B0qwOJQ,Jamie xx,4gaNWHu5Caj3ItkYZ5i6uh,In Colour,231039,spotify:track:5kSBstWdaP3tMlArgGM00C
2022-03-05T22:40:12Z,7cPO2IPraPDlGIguekShlV,Jewel,6nxWCVXbOlEVRexSbLsTer,Flume,2Vx9FC6Um8i6kEtY7HNswB,Hi This Is Flume (Mixtape),193732,spotify:track:7cPO2IPraPDlGIguekShlV
2022-03-03T20:34:46Z,6rjcolCXESvf6i9BXZl7UO,La Hafla,"3ShO8tPKqXUUpOA0urOWW7, 6VnkIRZde53ai5TtkMulr4","Acid Arab, Sofiane Saidi",3w4Sz24GpcEaQdt0pilOGW,Musique De France,248906,spotify:track:6rjcolCXESvf6i9BXZl7UO
2022-03-01T22:37:16Z,3vZUC1m6QVm7urnN6lcF64,Ghosting,0e86yPdC41PGRkLp2Q1Bph,Mother Mother,0X7S0TEZ5NJsSxmyTnfYi2,O My Heart,285986,spotify:track:3vZUC1m6QVm7urnN6lcF64
2022-02-23T20:19:37Z,2aJDlirz6v2a4HREki98cP,Glue,73A3bLnfnz5BoQjb4gNCga,BICEP,4psDRFbIlUM1KUb1omccXo,Bicep,269149,spotify:track:2aJDlirz6v2a4HREki98cP
2022-02-23T19:22:28Z,1Tij7xKSnd6A1NukAI7xg2,Acid Rain,7q7puZ5wtpfQe3doDb4834,Culprate,36OAaWRu3cJ7VEOKnrdruh,Deliverance,215000,spotify:track:1Tij7xKSnd6A1NukAI7xg2
2022-02-22T10:33:23Z,2ZTQzIiPAd0Tbkk3sFyJLz,Temple Sourire - aamourocean Remix,"0vE2E2b0a3fMndxtZYwxjO, 45XImXCRH7XiKTOINsqTd1","Mathilde Fernandez, Aamourocean",4c4VmckjtDlG52USxGhoQL,Sensible,218853,spotify:track:2ZTQzIiPAd0Tbkk3sFyJLz
2022-02-21T13:37:10Z,0MAGFbsJfcK30Wb35OEpvY,Bearing (Devi Mccallion remix),"1SETr6LqWZXbJyEDVe6xDc, 6i1PYODUPDYMtaK8QCGE9I","Katie Dey, Devi McCallion",6i6yQB0bedTRrDOEZ3hxwn,Urdata,364752,spotify:track:0MAGFbsJfcK30Wb35OEpvY
2022-02-21T12:46:07Z,2TQVM0y30zZ8alfhjgFPDT,࿃ूੂ࿃ूੂੂ࿃ूੂOOOOOOOOOOOO ̟̞̝̜̙̘̗̖҉̵̴̨̧̢̡̼̻̺̹̳̲̱̰̯̮̭̬̫̪̩̦̥̤̣̠҈͈͇͉͍͎͓͔͕͖͙͚͜͢͢͢͢͢͢͢͢͢͢͢͢͢͢ͅ ooooooooo,1TIbqr0x8HoKzKBNtNN8wf,⣎⡇ꉺლ༽இ•̛)ྀ◞ ༎ຶ ༽ৣৢ؞ৢ؞ؖ ꉺლ,7tZo2dx2IQc8FSKuGYhfJQ,ooo ̟̞̝̜̙̘̗̖҉̵̴̨̧̢̡̼̻̺̹̳̲̱̰̯̮̭̬̫̪̩̦̥̤̣̠҈͈͇͉͍͎͓͔͕͖͙͚͜͢͢͢͢͢͢͢͢͢͢͢͢͢͢ͅ oʅ͡͡͡͡͡͡͡͡͡͡͡( ؞ৢ؞ؙؖ⁽⁾˜ัิีึื์๎้็๋๊⦁0 ̟̞̝̜̙̘̗̖҉̵̴̨̧̢̡̼̻̺̹̳̲̱̰̯̮̭̬̫̪̩̦̥̤̣̠҈͈͇͉͍͎͓͔͕͖͙͚͜͢͢͢͢͢͢͢͢͢͢͢͢͢͢ͅ ఠీੂ೧ູ࿃ूੂ,301935,spotify:track:2TQVM0y30zZ8alfhjgFPDT
2022-02-20T11:17:51Z,7as88HhLbDLgobaSbJrVBs,Ceux qui rêvent,6e3pZKXUxrPfnUPJ960Hd9,Pomme,65JwIioaq6D5ExpRdtYpCM,À peu près,118386,spotify:track:7as88HhLbDLgobaSbJrVBs
2022-02-20T10:44:36Z,7u7UBBz5vYoUUdiP74I5Jx,Ça va aller - avec Pomme,"6AiHXHMryCtGFBEnjB17aA, 6e3pZKXUxrPfnUPJ960Hd9","Terrenoire, Pomme",7ztTTiP07H1DDAd930VDUp,Ça va aller,193324,spotify:track:7u7UBBz5vYoUUdiP74I5Jx
2022-02-20T10:31:29Z,6m3ObG4d6M92hJWYplJfnb,soleil soleil,6e3pZKXUxrPfnUPJ960Hd9,Pomme,3Iq43NGfIN8tc8AVJ9Konz,les failles,157866,spotify:track:6m3ObG4d6M92hJWYplJfnb
2022-02-18T21:11:07Z,499EehFZTLjLcuNZwaJ9lZ,Ya No Esperes Más,6nf17XGXCx2PSgkhPYjSIA,Pascuala Ilabaca y Fauna,77nCTBofSXIrHLQrjypq4s,Rey Loj,222761,spotify:track:499EehFZTLjLcuNZwaJ9lZ
2022-02-07T18:56:35Z,7DbSmCFB03IVhHIWO1zFhW,Jewish Medley,2qMFwenVjT4cnH0guKnvWM,Yiddish Cowboys,03Qw8C72CxJFyCIOeM8cK9,Sundays At the Kosher Store,211046,spotify:track:7DbSmCFB03IVhHIWO1zFhW
2022-02-07T17:06:57Z,6KgqQSNXwQk8vWgChAUXtu,Stabat mater,40sPlPGgON8MBAiW4CIFTP,Tarta Relena,4hjKxlkH171FW6UmzpOD36,Fiat Lux,284750,spotify:track:6KgqQSNXwQk8vWgChAUXtu
2022-02-07T16:50:27Z,5K3TuMFkwBbQtk763Hd3ka,La Liseta,7scEcqhNpJPeO8RNSuj4nc,San Salvador,7l7XRFukaHudjfpaLhprBG,La Grande Folie,838569,spotify:track:5K3TuMFkwBbQtk763Hd3ka
2022-01-28T17:03:39Z,3nJ80M7MbHrsrEYeVBgIko,Genshi,3ND5NWoKzlelYDDyWqSQpQ,Susumu Yokota,2BRedpXNmL3NkN2eutmXZ2,Sakura,297186,spotify:track:3nJ80M7MbHrsrEYeVBgIko
2022-01-25T23:10:34Z,3Ark80g75HmBEnafYjfwbg,Umami,7vYe47XsRmlUuaA9ZSC9fi,Klô Pelgag,4kNpkRG2YpK4jV9OoopVNh,Notre-Dame-des-Sept-Douleurs,268106,spotify:track:3Ark80g75HmBEnafYjfwbg
2022-01-14T17:35:05Z,1jmpQKBXlSgOHmkFGSMasA,Viande,2p2uE4i92Dn4DkThfoKIB9,Igorrr,2NsGk9oBBBMfblYdLcjYhu,Savage Sinusoid,115200,spotify:track:1jmpQKBXlSgOHmkFGSMasA
2022-01-09T15:57:22Z,4FAEJJpnB5xO7DvyBErsdK,White Gum,7LCDnUQYE07fnKbo46SVLB,Iglooghost,68aZtDbgNargCMYgNvw5JG,Neō Wax Bloom,250648,spotify:track:4FAEJJpnB5xO7DvyBErsdK
2022-01-06T19:23:12Z,3V0PgcsUMlAGXwCD0084pY,pink diamond,25uiPmTg16RbhZWAqwLBy5,Charli xcx,3a9qH2VEsSiOZvMrjaS0Nu,how i'm feeling now,124066,spotify:track:3V0PgcsUMlAGXwCD0084pY
2022-01-05T23:04:31Z,5QaHynEux80dsEFkadZg6m,Courageous Grieving,"4yk43MhqPWsrrzoRyoMZhv, 18ZA3vytlUTwnjKxjohr3g","galen tipton, dj galen",0fqg1XSlbYFEKsyVbZhiFV,goddexx,246000,spotify:track:5QaHynEux80dsEFkadZg6m
2022-01-03T10:57:20Z,0pCKLWrfaTvnCo07YZRmEk,Solo dios sabe si vuelvo,5qzhlOLR4eHNzAEY8X32tl,Coral Rojo,2TA005Bgg3FmjYmHNVj7rs,Solo dios sabe si vuelvo,282517,spotify:track:0pCKLWrfaTvnCo07YZRmEk
2022-01-03T10:54:02Z,2lfoc4tLEXAsQkV6FBLVXF,Back in Dakar,2Y4VeDUhZAE8UfGXqZJ7dX,Benjy Wertheimer,0UaQcpLM4bzU1L0ag6KvaY,Circle of Fire,98120,spotify:track:2lfoc4tLEXAsQkV6FBLVXF
2021-12-31T21:04:25Z,3GbXWrTaBizGpXnkoP0usz,TERRITORY,1Dt1UKLtrJIW1xxRBejjos,The Blaze,1HjK4VLno88QIn0fLWXpy3,TERRITORY,276373,spotify:track:3GbXWrTaBizGpXnkoP0usz
2021-12-31T18:42:10Z,0hfjiQ13PQ4TcHOXyi1NWx,Rich Bitch Juice - Laura Les Remix,"5HvKzBgj4yphQfBJjBJrhL, 3sklFG9fuDAq3vbIZlkNH6","Alice Longyu Gao, Laura Les",2I6rSGR9i4vBsefiCbN559,Rich Bitch Juice (Remixes),140563,spotify:track:0hfjiQ13PQ4TcHOXyi1NWx
2021-12-31T18:40:31Z,7p2AtcnDzPtky8LG35cmCl,Rich Bitch Juice - Gupi Remix,"5HvKzBgj4yphQfBJjBJrhL, 3YOvdmjSEwOqRAJ0ttfwCx","Alice Longyu Gao, Gupi",2I6rSGR9i4vBsefiCbN559,Rich Bitch Juice (Remixes),98116,spotify:track:7p2AtcnDzPtky8LG35cmCl
2021-12-30T02:08:01Z,3iHGhKJc0OR5m37pVyRLrQ,Polynomial-C,6kBDZFXuLrZgHnvmPu9NsG,Aphex Twin,3SLSq9tzQ8Wq8RWuo0MaXG,Classics,286506,spotify:track:3iHGhKJc0OR5m37pVyRLrQ
2021-12-30T02:00:01Z,6iQeizkqeaXPIgpvyg6sz3,Form and F a d e,1YsM3PBHRzAPjdDhj5d6As,Slow Attack Ensemble,5QpxEmpE0ps22TbVXxFy8h,"Music for Turntable, Guitars and Sampled Instruments",235000,spotify:track:6iQeizkqeaXPIgpvyg6sz3
2021-12-30T01:58:04Z,2QuQnPXZ0BRgNoDW5b1Ee7,Axolotl,6w7wqJo8dY6Q7BWIRFBFX3,Doon Kanda,2YJBt7UzUA3EOqbGNR1S2l,Heart EP,172015,spotify:track:2QuQnPXZ0BRgNoDW5b1Ee7
2021-12-30T01:56:34Z,78WANNBMEK80nVGTWFGXyg,Saku,3ND5NWoKzlelYDDyWqSQpQ,Susumu Yokota,2BRedpXNmL3NkN2eutmXZ2,Sakura,345840,spotify:track:78WANNBMEK80nVGTWFGXyg
2021-12-23T13:34:10Z,5eM6Rrk8rwLpUhrh7Kk5R1,California,5hW4L92KnC6dX9t7tYM4Ve,Joni Mitchell,1vz94WpXDVYIEGja8cjFNa,Blue,230226,spotify:track:5eM6Rrk8rwLpUhrh7Kk5R1
2021-12-15T12:24:00Z,6BgTjipp54WNPNP1u4eT9A,De Mar a Mar,00E0xvoM67oRJk8a5iTyEh,Ondatrópica,0y7GV4jRQOaWiN4sH0SPW5,Baile Bucanero,264800,spotify:track:6BgTjipp54WNPNP1u4eT9A
2021-12-11T19:34:51Z,7uaSDIL9QzabF2Je0FyDZ7,Lacrimosa,1fd3fmwlhrDl2U5wbbPQYN,Apashe,1cNI5bMJk11DV8PglRAd3R,Requiem,217333,spotify:track:7uaSDIL9QzabF2Je0FyDZ7
2021-12-04T20:35:59Z,4To8NdU1xiBavSOclFW21L,Faire Et Refaire,3IMOGrM63og03I4jMYo35G,ascendant vierge,6JPpgbrIQmx6HQhr19SR4d,Vierge,260729,spotify:track:4To8NdU1xiBavSOclFW21L
2021-11-27T21:53:06Z,6Py8QOQ4I1286xM9KncPQ4,lvr boy,1vkWdqcabQ1swciXipkLBj,awfultune,5LBWG5i3CXBQtGrgJnxk27,lvr boy,295751,spotify:track:6Py8QOQ4I1286xM9KncPQ4
2021-11-27T14:22:06Z,2VvTMIXG760UiG9OSiFt9j,Real Estate,54tv11ndFfiqXiR03PwdlB,Adam Melchor,6nViscFT0UsASEnVlpObPI,Real Estate,216000,spotify:track:2VvTMIXG760UiG9OSiFt9j
2021-11-21T14:35:43Z,6nEDYdxD1YEWnXdbWxT6U8,mos thoser,"41f6TKH0EoBnj3N4xIp26g, 3YOvdmjSEwOqRAJ0ttfwCx, 04Y5zXsFqYRzDr6tMXj6aL","food house, Gupi, Fraxiom",3JBuWWY8OCHXMcQz5xxxCr,food house,247917,spotify:track:6nEDYdxD1YEWnXdbWxT6U8
2021-11-21T12:43:04Z,4C9DiRUDbryWo0FRjozaoo,Man To Man,202HZzqKvPsMHcbwnDZx7u,Dorian Electra,4svcCm5yRZtKE0tXn4n1cn,Flamboyant,197757,spotify:track:4C9DiRUDbryWo0FRjozaoo
2021-11-21T12:42:46Z,4m6aubZvrrXYULSnpEk7ko,ihavefinallyhitrockbottom,2KZogWZPYcACVe4NK80dmc,d0llywood1,5qv5RFDXLNkkmJehU40k2U,ihavefinallyhitrockbottom,68566,spotify:track:4m6aubZvrrXYULSnpEk7ko
2021-11-21T12:38:40Z,2FCFKYF2RT8nBZy9PM0BMs,Never Coming Back,5HvKzBgj4yphQfBJjBJrhL,Alice Longyu Gao,5QC73cr2qO212wgO5T6noH,High Dragon and Universe,108067,spotify:track:2FCFKYF2RT8nBZy9PM0BMs
2021-11-21T12:36:36Z,337H7R2AWIlI9s7M4ugelQ,IRIS,4tF39UYlbBLqTo5JK3qX1u,blackwinterwells,6bauY7PwZaNP7NoXczbKBl,IRIS,102362,spotify:track:337H7R2AWIlI9s7M4ugelQ
2021-11-20T00:19:29Z,53STwxvNGCFHWmIbITn2NV,"Recomposed By Max Richter: Vivaldi, The Four Seasons: Spring 1 - 2012","2VZNmg4vCnew4Pavo8zDdW, 59r5UU2HOytn9V5uMZ5Vur, 19z3Is8jPDFmLphrQ2w2Du, 1pNP4idjNnhPXDLi0Jz12R","Max Richter, Daniel Hope, Konzerthaus Kammerorchester Berlin, Andre de Ridder",3vEiYqSfrz7tHnHq14XHQd,Voyager - Essential Max Richter,152640,spotify:track:53STwxvNGCFHWmIbITn2NV
2021-11-20T00:05:36Z,2NGhKPZdZk2pPZinWphTzh,November,"2VZNmg4vCnew4Pavo8zDdW, 670EXb4x6t2MAvRvqCixyx, 5HxMHFsUWX0VqOlmsoGrTj, 2PIjtepywKZwGT0mZIumrW","Max Richter, Mari Samuelsen, Konzerthausorchester Berlin, Jonathan Stockhammer",3vEiYqSfrz7tHnHq14XHQd,Voyager - Essential Max Richter,367240,spotify:track:2NGhKPZdZk2pPZinWphTzh
2021-11-12T23:33:55Z,0sf08ejiyPaY9vcIzuTonK,Resonance,2exebQUDoIoT0dXA8BcN1P,Home,72eqH4k4pHQWpqyRMGQBnv,Resonance,212903,spotify:track:0sf08ejiyPaY9vcIzuTonK
2021-11-05T13:24:11Z,7fWU8Jqm5i3abo2qEqrHuB,Egyptian Ella,6N2ChCdYs8dbKrryUJFTAO,Fatima Spar Und Die Freedom Fries,7s7vA8OduuSFeYtn9FHoGT,Zirzop,242813,spotify:track:7fWU8Jqm5i3abo2qEqrHuB
2021-11-01T11:48:29Z,0HGfTXRGfHSMel11zjuij2,four ethers,1O9iHQjrVuiAYOJFCBeFSl,serpentwithfeet,454YSnwe0gksLu3ZF9Qw6E,blisters,269552,spotify:track:0HGfTXRGfHSMel11zjuij2
2021-11-01T11:37:50Z,4FC0VE8aoYj6s1vrLj367k,Fade Away,3sXErEOw7EmO6Sj7EgjHdU,Hannah Diamond,3h1wgea55XrtVoxrkRYDBn,Reflections,256000,spotify:track:4FC0VE8aoYj6s1vrLj367k
2021-10-31T20:58:03Z,0fJKwnxypaBAMEGEfCgEhQ,It Was Warmer Then,592TFYwu9Qb0RC1hKDbX2w,Helios,34CpMn9yU8iDcXDaSkrqXu,Yume,318700,spotify:track:0fJKwnxypaBAMEGEfCgEhQ
2021-10-25T09:55:44Z,3RznzRnsl8mzP63l4AF2M7,Dream Sweet in Sea Major,2FRXiAz5Uz78LLLSwEUhLt,Miracle Musical,1CbtBQqibzdxhmpiLD7vzN,Hawaii: Part II,420012,spotify:track:3RznzRnsl8mzP63l4AF2M7
2021-10-22T12:19:19Z,2X9jXeHQeIR9ThjNkY4k23,Kindness,"3Dsj31QwoB51xRtvTojQZ5, 30qGwXnygZNCzxjN7QsIR0","Samuel Organ, BABii",3M2PhbxtPvdTaY1v0Ys2nO,A Safe Place in Cyberspace,273000,spotify:track:2X9jXeHQeIR9ThjNkY4k23
2021-10-21T15:43:15Z,6N0RdkeNMST2sTZRkAwfjk,The Rift - Mandragora Remix,"3fJoRXElGbbBhSpY8q4jsf, 2AasvmwafZPTgQANaoLoQY","Smoke Sign, Mandragora",2omEPj0e0RrSxuYTSYK1Gg,Disc 2,300447,spotify:track:6N0RdkeNMST2sTZRkAwfjk
2021-10-16T20:54:58Z,2VCZrkZkplD4wG8AFozNoh,Step-Grandma,5PdkRVDASsw6P7QoqRpz0F,Salvatore Ganacci,3ATCFmJoutj6XaiWSU4Tvy,Step-Grandma,160685,spotify:track:2VCZrkZkplD4wG8AFozNoh
2021-10-16T11:49:14Z,7I3fl9WpFpNEdSNvxtl803,Xxoplex,335TWGWGFan4vaacJzSiU8,A. G. Cook,6t1kxWGH4qa00TDKRvFzVW,Apple,155026,spotify:track:7I3fl9WpFpNEdSNvxtl803
2021-10-16T11:22:40Z,7AlwyhnJAZgtIsm1GnEU3I,How To Fight,18ca9d5EU5R1AhVKPR1cm0,Eartheater,3Vx5QNqKwq4mjSViR9B9b2,Phoenix: Flames Are Dew Upon My Skin,211295,spotify:track:7AlwyhnJAZgtIsm1GnEU3I
2021-10-15T22:36:59Z,146EMX3BXA1YsM1fVOQ1F1,Oni,3koHmmPvpgZWHcVmK8AKDq,HVDES,6z5MGehBWbrihOyfLAUMxV,Blood Demon Art,225000,spotify:track:146EMX3BXA1YsM1fVOQ1F1
2021-10-03T19:00:44Z,6NAXW6IwUyswJk9bHe4y9S,The Astounding Eyes Of Rita,1aO9NulHwrE9pxHXFfCIoM,Anouar Brahem,23xoWiWxu8SmDFXwoBsLLw,The Astounding Eyes Of Rita,521880,spotify:track:6NAXW6IwUyswJk9bHe4y9S
2021-10-02T19:19:47Z,1Hy6JL6sMHLhzEM5UgnYen,Maya,3uSVvh3bPDq5XMTHElgfC2,Susheela Raman,2oCSrobEfBAwDBwRMJ7UWY,Salt Rain,277626,spotify:track:1Hy6JL6sMHLhzEM5UgnYen
2021-10-01T22:41:10Z,5kBAS93dHatBVw5lve0NVF,Pacifique,2aW5pvTZYAAZxbh75uVzZD,Zoufris Maracas,7c6Z4B7NbzngH484t8jrFQ,Chienne de vie,402049,spotify:track:5kBAS93dHatBVw5lve0NVF
2021-10-01T13:06:36Z,4WF7zntvHfsUAw0m3noWby,Suddhosi Buddhosi,14V9jlxxi3sIaLC9kkxN12,Shimshai,59ZxHz5OxYC6thXCjOHwyJ,Live On Maui,474120,spotify:track:4WF7zntvHfsUAw0m3noWby
2021-10-01T12:50:58Z,3U0VWhffr8bNtIb9NXLsAF,Duda Morena,"0B6mwRbxKrvUvklMk9571H, 0qGRkfnUqWeG49vbCv6rMY","Churupaca, Chango Spasiuk",14izgFmt2bYnz6GT6utXKG,Churupaca,293746,spotify:track:3U0VWhffr8bNtIb9NXLsAF
2021-10-01T12:42:44Z,0BYF88LbWu7ugWwbJUeynE,Machi,7fmsT5hyByIpjzMfgrhTM2,Peia,14FAxXVUOUZs9OT0mANIOA,Four Great Winds,458988,spotify:track:0BYF88LbWu7ugWwbJUeynE
2021-10-01T10:12:26Z,2qliLrIkCDa7j94QVhpnfL,Arête,0sNXk2NCcF4VpqvJ0KRffX,Brambles,0iIAQ8pHehl0PNRyXMt0rZ,Charcoal,371626,spotify:track:2qliLrIkCDa7j94QVhpnfL
2021-09-30T14:25:03Z,4ohMwvod5tqAe2nT8ZpZAu,Highway to Constantinople,2A8lfnul2PK2wGs1Rgsb95,Yom,58V2FHbOwheevE3GrzXfC0,With Love,194266,spotify:track:4ohMwvod5tqAe2nT8ZpZAu
2021-09-17T12:53:41Z,4rpBXy2M6DWRT0Nd0sCtEv,Sera Por Gusto.,3U5KffZYriorcfC62Lca43,Barbaro Fines y su Mayimbe,5kTwBjYVkTVzUgy5HVUKAw,La Frontera,376058,spotify:track:4rpBXy2M6DWRT0Nd0sCtEv
2021-09-17T02:02:49Z,5Zn1qOBVyzL0DSD57sQ80G,"Tritsch-Tratsch-Polka, Op. 214 ""Triqui Traqui"" - Arr. by Paul Desenne","5goS0v24Fc1ydjCKQRwtjM, 5p6H6NoqsMesY9ZvMBg1tu, 0cxXnDhpgxcMMkKddhORHY","Johann Strauss II, Simón Bolívar Symphony Orchestra Of Venezuela, Gustavo Dudamel",6bxVKiT5GkchJ8sb3xzRE6,"Tritsch-Tratsch-Polka, Op. 214 ""Triqui Traqui""",274148,spotify:track:5Zn1qOBVyzL0DSD57sQ80G
2021-09-16T22:39:26Z,319g3badBw5boe8udFmNEW,Aventura Loca,"05qiwKzU1RgkyqkEH1ZFlA, 2YnskQkgb6kTSXh9YcNzgu","Havana D’Primera, Alexander Abreu",11D7cbXFPWM039U6Sjvz1k,Aventura Loca,311400,spotify:track:319g3badBw5boe8udFmNEW
2021-09-10T17:33:06Z,2HHAxkrJbuWZ7JWdxYbsWO,Peacock Tail,2VAvhf61GgLYmC6C8anyX1,Boards of Canada,0wBiN0fKhy0ywx732SpgUs,The Campfire Headphase,324906,spotify:track:2HHAxkrJbuWZ7JWdxYbsWO
2021-09-07T20:58:36Z,0Ei0BiZCmLz81Mvuok88Gt,Met-U,4ODo634wVqDxqgVSlXE2LO,HWLS,1V014hEBPxmbv34upgTL1c,IV,276000,spotify:track:0Ei0BiZCmLz81Mvuok88Gt
2021-09-07T20:53:47Z,1UsHdJAj4Y1sMIqAh1mS02,Story 2,5HJ2kX5UTwN4Ns8fB5Rn1I,clipping.,4jXGCAzUw7ZEccL3UoIjvT,CLPPNG,132050,spotify:track:1UsHdJAj4Y1sMIqAh1mS02
2021-09-05T21:15:33Z,1WMawd1HhdmEojY4b1Ouyi,FAITHFUL SERVANT FRIEND OF CHRIST,3Q2RrKEOBdkWI2MJQgdt84,Lingua Ignota,2GBJg7nTQs3go1w24ECKvy,CALIGULA,282092,spotify:track:1WMawd1HhdmEojY4b1Ouyi
2021-09-05T21:07:17Z,5TWXjAPQ8IbIxSUf6WS8ff,On the Move!,1HvH97rzvCH6lfnLlgyfke,Genesis Owusu,4j7wEZWND7GIh918rLgYHQ,Smiling with No Teeth,107573,spotify:track:5TWXjAPQ8IbIxSUf6WS8ff
2021-09-05T01:07:57Z,6UYWctsd0e6g2m9JvXzErv,CREEK,1DGpHnPOpMYY780hcQHmPB,Hiroshi Yoshimura,07KJ48Y7pbXvz3Q4H44GZl,Green,293200,spotify:track:6UYWctsd0e6g2m9JvXzErv
2021-09-03T19:20:50Z,0frc2vOuYf0Ug0xafsNgB1,Sad Pony Guerrilla Girl,5JLqvjW3Nyom2OsRUyFsS9,Xiu Xiu,2QrvsnLCHh46YYbLfnz2Z8,A Promise,198000,spotify:track:0frc2vOuYf0Ug0xafsNgB1
2021-09-03T15:55:11Z,4CGlSVuMT9HvQFIWSUUOaL,Cajesukarije Cocec,"3FRqY2m3s8p4it9BMTOfy9, 6N11GvNqqi74B65rkYlCDB, 3TfScXO8qRx99dM4YFJu0n, 7pwwsYiJhe9KPu8J7MSbuR","Danjela Ratkova, Ljudmila Ratkova, Snezana Borisova, Lidija Ljubenova",2EQJq127u4ihk7QU0Voas2,Ederlezi,236866,spotify:track:4CGlSVuMT9HvQFIWSUUOaL
2021-08-30T01:25:33Z,2ceA7uoA9pecQrn0i2qbSm,Noku Mana,44fpQPDp87ENRKkB3szMop,Curawaka,0CAnO4Qerzpg25CPvoJ4ZW,Call of the Wild,466963,spotify:track:2ceA7uoA9pecQrn0i2qbSm
2021-08-27T15:54:33Z,5VWrF0yu5YBXUlpYQs2ED4,Hasata (La source),2IB9PgY9PMJklQlRQHDntA,Yeahman,65IEPdkn7qzLRFcQb4tZ24,Transborda,255386,spotify:track:5VWrF0yu5YBXUlpYQs2ED4
2021-08-27T14:50:35Z,1IkN4xIoHRSkk0j5t50S42,Xica Xica,"1I7FVmvisCtSFzmm87mbLR, 3BQDgh6CjxVXMhy00YEx3G, 6AHDMBhI1OTokvO5DkBB9p","El Búho, Uji, Barrio Lindo",2nwchash9HLqv22iAUBrKx,Balance,268956,spotify:track:1IkN4xIoHRSkk0j5t50S42
2021-08-27T13:30:52Z,6epIhVc3Zn6AUZ27EsOLZt,One River,"2Y4VeDUhZAE8UfGXqZJ7dX, 3rd5aojNBopxBjaZdoLOrb","Benjy Wertheimer, John De Kadt",67gLMrueyFRoD48NwVZ4qk,One River,424240,spotify:track:6epIhVc3Zn6AUZ27EsOLZt
2021-08-22T18:07:07Z,6Bx4bfum3dd8FAEiLVntzP,Si Me Quieres,2eDtYwKCGACUH3hFyaZ7Ah,Los Hijos del sol,4y6v6W4BoxN7HjlbxKL6lW,Tropicalísimo: Clásicos de Cumbia Peruana,189616,spotify:track:6Bx4bfum3dd8FAEiLVntzP
2021-08-21T08:20:00Z,6HTVZeVQ9J6Uiq6tHESxU9,"Welcome Home, Son",5EM6xJN2QNk0cL7EEm9HR9,Radical Face,3kN131kyymtaEFQo14tfLr,Ghost,287634,spotify:track:6HTVZeVQ9J6Uiq6tHESxU9
2021-08-20T14:50:00Z,3Gkg9mRJXJgNpozGIs7Nrm,Cuatro Vientos,3Hue0QXHSHhpjbqWk3HmtY,Danit,05WSKyQ8c6mY8IpIVangkd,Aliento,446817,spotify:track:3Gkg9mRJXJgNpozGIs7Nrm
2021-08-20T11:38:22Z,74icrHrhUsXAfXp07cthdP,I Need Some Sleep,3zunDAtRDg7kflREzWAhxl,Eels,7KqaxLMBG516AZN7Jl7Aqz,Meet The EELS: Essential EELS 1996-2006 Vol. 1,148186,spotify:track:74icrHrhUsXAfXp07cthdP
2021-08-15T19:49:10Z,41JlH7kvHUCgjICYpAHizZ,Wild Afrika,4lA68EVFzoodItMp7RH2cv,Interactive Noise,45sn9tAtdw1CbNQDkOHOrN,The Nine Stories,425365,spotify:track:41JlH7kvHUCgjICYpAHizZ
2021-08-15T16:29:16Z,4s6LhHAV5SEsOV0lC2tjvJ,California Dreamin' - Single Version,1bs7HoMkSyQwcobCpE9KpN,The Mamas & The Papas,76oMr4Y2pOtcrvZLc2ZikF,If You Can Believe Your Eyes & Ears,162373,spotify:track:4s6LhHAV5SEsOV0lC2tjvJ
2021-08-15T09:02:22Z,4P89bNZVTCmu3zT0IBNLS8,Chalouper,69irZ4R8OsrLHjr6VmMmMg,Gaël Faye,42QybsqCIxCc1H2SEskAiv,Lundi Méchant,215240,spotify:track:4P89bNZVTCmu3zT0IBNLS8
2021-08-14T10:39:08Z,7tKVXgMI4yOqGFqx8IbGBT,Cripple and the Starfish,4fxp616ALtFWnXfwxnjLzW,Antony and the Johnsons,3nUI18PxEXVZsmLva29BeB,Antony and the Johnsons,251760,spotify:track:7tKVXgMI4yOqGFqx8IbGBT
2021-08-09T16:46:51Z,657JgYEGUo3gKjn2PCSVpw,Black but Sweet,62vfc9z4z77qmgqTKXNb5S,Wilmoth Houdini,4R9XWdsiThwOaF8OX9vs4M,The Cooks in Trinidad,153106,spotify:track:657JgYEGUo3gKjn2PCSVpw
2021-08-05T23:51:15Z,6Yv5DNJlyW0e6Iy8zrh9Xy,Steep Hills of Vicodin Tears,13CMfEeq8AC6ryGOPODqE1,A Winged Victory for the Sullen,2spBndYI1ujMciJOh0C2nQ,A Winged Victory for the Sullen,269237,spotify:track:6Yv5DNJlyW0e6Iy8zrh9Xy
2021-08-04T18:56:30Z,23Dapn8107GgxvXDIsPwWm,stupid horse,"6PfSUFtkMVoDkx4MQkzOi3, 3sklFG9fuDAq3vbIZlkNH6, 2Cm6C9PNHioyjRKBfO7n9N","100 gecs, Laura Les, Dylan Brady",2uhB1KivbFnlkARpbd0Cvu,1000 gecs,121681,spotify:track:23Dapn8107GgxvXDIsPwWm
2021-08-04T16:38:30Z,7rrGJG9E0KPxvmmlNEeAN2,3 Below,0H39MdGGX6dbnnQPt6NQkZ,SAINt JHN,6SInUyQqx0RZaVTSEioHkD,Collection One,191214,spotify:track:7rrGJG9E0KPxvmmlNEeAN2
2021-07-28T21:31:47Z,6VnsbBNrFHyZESopTnFiv3,No Man's Land,1BGN1IdyiSR0ZYrkoKNchl,Tangerine Dream,4Mft3FkYzPHdWTmRW0yS1U,Hyperborea (Deluxe Version / Remastered 2020),550678,spotify:track:6VnsbBNrFHyZESopTnFiv3
2021-07-28T21:31:42Z,4PeHvJjhT9fi30rhxMtHIn,Echoing Green,5MqgtmMdtrsZIQpZzLhpX5,Jefre Cantu-Ledesma,6uxmvAtEwXasOYfjTw4cS5,On the Echoing Green,137000,spotify:track:4PeHvJjhT9fi30rhxMtHIn
2021-07-28T21:31:37Z,3DnYVJJH3H6P7Svy4x2DYT,Kindred Spirit,3AGvwnXbUo9LoAU2P5qYHB,Deuter,2KqIIRnERVHqimzQSAZaRD,Koyasan: Reiki Sound Healing,499266,spotify:track:3DnYVJJH3H6P7Svy4x2DYT
2021-07-28T11:39:47Z,6IAc8O7MiS2lJiTabpjC7S,Chick's Pain,07icU8dCi2MTeBGuvN8NyL,Mathieu Fiset,5cVnNOmwcCf2I6TH7vJnFF,Robojazz,217442,spotify:track:6IAc8O7MiS2lJiTabpjC7S
2021-07-26T17:40:19Z,3aUFrxO1B8EW63QchEl3wX,Feel The Love,"2hPgGN4uhvXAxiXQBIXOmE, 0ONHkAv9pCAFxb0zJwDNTy","KIDS SEE GHOSTS, Pusha T",6pwuKxMUkNg673KETsXPUV,KIDS SEE GHOSTS,165053,spotify:track:3aUFrxO1B8EW63QchEl3wX
2021-07-22T09:25:49Z,02K5IV55wIgNNARk3UA95E,Paloma Negra,0WC6O2ZzUcDYvcmt2mGh8c,Chavela Vargas,2Z3BXtXY75OOYcJljBozCb,Chavela Vargas,198760,spotify:track:02K5IV55wIgNNARk3UA95E
2021-07-21T14:49:54Z,1XaNLkkfVjUEyLOJKnH4MQ,Lick My Wounds,2mcNCn1qbZUQ3J9KHapUxj,The Dø,0q44mFwXE2oJiDGf7YXAcn,Shake Shook Shaken,199661,spotify:track:1XaNLkkfVjUEyLOJKnH4MQ
2021-07-12T14:06:03Z,18DxoldTti0AXrHN1kYMt2,Saduva - Stereo Version,18RkLKfeoUgZflWv9os25W,Miriam Makeba,1y0oTN8oxJPyY06ypQBDFv,Pata Pata,223803,spotify:track:18DxoldTti0AXrHN1kYMt2
2021-07-10T21:41:55Z,01coR52VHa06J1DnMkls29,Ya Se Ha Muerto Mi Abuelo,4sTcgUXJRSvSQHei3ZQUBR,Juaneco Y Su Combo,1XBTiJCFR4XFvymIUlnkKE,Leyenda Amazónica,246000,spotify:track:01coR52VHa06J1DnMkls29
2021-07-03T11:42:23Z,2VLgOzy1hCb3iGP56v6TeR,Wonderful Life,2u5IIKL2fjP4hi6gawR97f,Giuliano Palma & The BlueBeaters,5qvATvEOUGlOAQDrjjijph,The Album,297453,spotify:track:2VLgOzy1hCb3iGP56v6TeR
2021-06-30T09:46:14Z,3ACn6cRxktkPT3HGKX1ZTz,Disko Partizani,0F8l1raRpXvRCsTrfSVocA,Shantel,40Yc2FpXXNS4zWZXI79D8D,Disko Partizani,295000,spotify:track:3ACn6cRxktkPT3HGKX1ZTz
2021-06-27T22:26:01Z,0WhOnqFjbvpwt3wU0L5v04,How To Fight,18ca9d5EU5R1AhVKPR1cm0,Eartheater,7sc80uUN9dNdVB325D7XZ5,Phoenix: Flames Are Dew Upon My Skin,211295,spotify:track:0WhOnqFjbvpwt3wU0L5v04
2021-06-27T21:17:18Z,17yCI2wwrcF8osIe281Qqb,Melt,4ODo634wVqDxqgVSlXE2LO,HWLS,1V014hEBPxmbv34upgTL1c,IV,75100,spotify:track:17yCI2wwrcF8osIe281Qqb
2021-06-27T21:14:49Z,51rPRW8NjxZoWPPjnRGzHw,Tadow,"3ycxRkcZ67ALN3GQJ57Vig, 2FwDTncULUnmANIh7qKa5z","Masego, FKJ",2wqG59dVVQlJaxoO7N0LJt,Lady Lady,301893,spotify:track:51rPRW8NjxZoWPPjnRGzHw
2021-06-27T20:58:52Z,2qsEen3JNWQfEwZZRR2id6,Hi This Is Flume,6nxWCVXbOlEVRexSbLsTer,Flume,2Vx9FC6Um8i6kEtY7HNswB,Hi This Is Flume (Mixtape),31000,spotify:track:2qsEen3JNWQfEwZZRR2id6
2021-06-27T06:57:57Z,7f9utrdBa1tPmpFWulbmx0,Bailando - Official Salsa Version,"2NssDL7cTwvfQm01xvepBQ, 2cy1zPcrFcXAJTP0APWewL, 5luyt0SUvGkDMY4ILP6Qhl","Issac Delgado, Gente De Zona, Descemer Bueno",7dyCTWwuA70EqWYzzG1YcC,"Strictly Latin Dancing 2015 - Come and Dance! (20 Ballroom Hits) [Salsa, Bachata, Merengue, Kuduro, Zumba, Rumba, Samba, Cha Cha, Cumbia, Reggaeton, Paso Doble]",273853,spotify:track:7f9utrdBa1tPmpFWulbmx0
2021-06-26T22:21:31Z,621LLhcTYkEbt1fwJuSdWi,"Temba, Tumba, Timba",4B5PkQ1wMjo1siTN9yD9Ds,Los Van Van,39Bn2tQqMTFkJvPPPKkiwW,Llego... Van Van,288506,spotify:track:621LLhcTYkEbt1fwJuSdWi
2021-06-26T14:54:56Z,218qtxbHJhY1aZQCfb6rOy,Traces Of You,"6MTByljF8u5omBltY2VKPU, 2Kx7MNY7cI1ENniW7vT30N","Anoushka Shankar, Norah Jones",2YIGIiMYhsnDSeot1MQm0H,Traces Of You,225746,spotify:track:218qtxbHJhY1aZQCfb6rOy
2021-06-23T16:24:59Z,6wH7oPyyNXw8V0JLYQHpLs,Cumbanchero,00n4Vljc6N9pvJ26SKPphh,Ruben Gonzalez,0ZMTdzojG71NWrPevltSLq,Introducing,272240,spotify:track:6wH7oPyyNXw8V0JLYQHpLs
2021-06-23T16:16:08Z,5fxh9FcRdZ4cmLmSqcsIKZ,Mandinga - Live,11kBu957KTYoAltZHDm8gW,Buena Vista Social Club,7gIpPRE9VDKCrMk08okn59,Buena Vista Social Club at Carnegie Hall (Live),329506,spotify:track:5fxh9FcRdZ4cmLmSqcsIKZ
2021-06-10T21:57:57Z,7d3cKDG22Ig9kZOS1qsq3S,Pata Pata - Stereo Version,18RkLKfeoUgZflWv9os25W,Miriam Makeba,1y0oTN8oxJPyY06ypQBDFv,Pata Pata,180174,spotify:track:7d3cKDG22Ig9kZOS1qsq3S
2021-06-09T19:16:32Z,1INWPr855fwWdAOeecbu0W,Let's Twist Again,7qQJQ3YtcGlqaLg5tcypN2,Chubby Checker,4btfmKwgAHFtN7BQUSHta0,It's Pony Time/Let's Twist Again,137360,spotify:track:1INWPr855fwWdAOeecbu0W
2021-05-21T21:21:52Z,4OQEpZEuCpYdrloolVRDIU,Pilgrimage,6ignRjbPmLvKdtMLj9a5Xs,Ichiko Aoba,1W0SccGphtGQNYqaqQ5nhA,Windswept Adan,228605,spotify:track:4OQEpZEuCpYdrloolVRDIU
2021-05-20T12:37:46Z,18ZGC3wDfqmixwcv2KxGsL,Afrique Victime,48dgx7iGqLQ3E5KO3pzd94,Mdou Moctar,2uZNZnHZA4dZNzC5T9271y,Afrique Victime,445816,spotify:track:18ZGC3wDfqmixwcv2KxGsL
2021-05-19T15:27:07Z,4IvZLDtwBHmBmwgDIUbuwa,Here Comes Your Man,6zvul52xwTWzilBZl6BUbT,Pixies,0DQyTVcDhK9wm0f6RaErWO,Doolittle,201186,spotify:track:4IvZLDtwBHmBmwgDIUbuwa
2021-05-19T09:38:17Z,3Y2zHHwdU1Hcf87IC93CCa,Casa da Floresta,4cTAxWpGWv5fftdcfNdcn3,Nanan,1765kjY7xJvj4ZyescC1xF,Movimento: Manifesta Sentimento,337436,spotify:track:3Y2zHHwdU1Hcf87IC93CCa
2021-05-03T11:55:08Z,7LiuGWABMa8tYiNcJUh1A2,Un Canto a Mi Tierra,"5ZMwoAjeDtLJ0XRwRTgaK8, 7zc5IwPnsT4IxqtsqVwcSN","Quantic, Quantic and His Combo Barbaro",1um0ZxHYH7Zyi6BPW3afeX,Tradition in Transition,302280,spotify:track:7LiuGWABMa8tYiNcJUh1A2
2021-04-23T22:38:51Z,1yUC3N6bGNcojpxPS3COYD,Cinnamon Girl - Radio Edit,"16LvTqpD4wlfFb4EBcW0x3, 2rInuyXccSp12zFAmKZBH1","[dunkelbunt], Boban i Marko Marcovic Orkestar",6PkZWzDQr1vhDFHKTI8YlR,Raindrops And Elephants Piranha Re:Interpretations,240813,spotify:track:1yUC3N6bGNcojpxPS3COYD
2021-04-23T22:31:29Z,0K3HfjNco9TQmPjBUqzpVz,Demon Kitty Rag,7K4k5g1ie2qHIH42UMNO7n,Katzenjammer,0ir8kyVtmwdCbUsyNpqz8G,Le Pop,239680,spotify:track:0K3HfjNco9TQmPjBUqzpVz
2021-04-22T20:13:27Z,6g10es9RXXhDQafXH6fWsH,Bad Habits,230GhlinaVbLrWNp99Stta,Chainska Brassika,5qTLgvgEuHkJsUg5niLF66,Skinna,186052,spotify:track:6g10es9RXXhDQafXH6fWsH
2021-04-19T09:50:15Z,1yk65JpnzNSv9BQjghW3WX,Shaman Blues,"1oGUzlRr8MJGh9NzseAmyT, 4cTAxWpGWv5fftdcfNdcn3, 2jgiwWJYMj7E6msOJxUMI2, 4kAM3B6DtYL1GZVIHBglKK, 1qupsn74dUofcXCZCBEwMS","Kosmik Band, Nanan, Enzo Buono, La Charo, Twanguero",5EgaE7H6hfMfwDQQyDGCkC,Shaman Blues,396759,spotify:track:1yk65JpnzNSv9BQjghW3WX
2021-04-15T13:54:54Z,4WbP5AjT2RFb3paBBD2BRM,Sara,74ASZWbe4lXaubB36ztrGX,Bob Dylan,1T8usYsiGEMPMQOLFgJEbE,Desire,331168,spotify:track:4WbP5AjT2RFb3paBBD2BRM
2021-04-13T11:21:37Z,1pCOqQCSSM0SPQ6FmIrqC7,Val' Carretero,3Ml8vFxnuOtS2K2zHnvtal,"Ernest ""Chico"" Alvarez",6wUK2cEII3utLOXhju5thT,Soneros de Cuba y New York,417133,spotify:track:1pCOqQCSSM0SPQ6FmIrqC7
2021-04-10T13:53:02Z,6rEw2eIHnYcB9ccxoeFfyC,Bacchic - Live,"6DhDoOqFJ62yiSAdVrkNGr, 6h5qfZAae3LUL2HPDh5wPZ, 11b5IStRnRF0gJmyOqHyoi","John Psathas, Manos Achalinotopoulos, Nederlands Blazers Ensemble",67KzlgdMkfM3oEpYxKHzNY,Zeibekiko - The Greek Concert,407373,spotify:track:6rEw2eIHnYcB9ccxoeFfyC
2021-04-09T17:28:55Z,6yLwnoKWT1zFXn9VSYtLAn,Omnifenix,"6DhDoOqFJ62yiSAdVrkNGr, 5ZvFgRwyPK2Qf4TmSLTtfM, 0cfLWkntWgHIeTHxoqh7Dz, 3uaHfXYx9Fh4HjqMbrWn5S, 59EvnWoRTatwaaTfoTsOhI","John Psathas, New Zealand Symphony Orchestra, Marc Taddei, Joshua Redman, Lance Philip",3hlvblrUC7NGrXCRE8G3gZ,View from Olympus,897443,spotify:track:6yLwnoKWT1zFXn9VSYtLAn
2021-04-09T17:28:50Z,716I413UcUqg7N1wNF2jG3,"View from Olympus: No. 2, To Yelasto Paidi","6DhDoOqFJ62yiSAdVrkNGr, 5ZvFgRwyPK2Qf4TmSLTtfM, 0cfLWkntWgHIeTHxoqh7Dz, 4ePKSX67D1BBJUkvbJH8op, 0evUZnwuAl5RcmH7EaoMdv","John Psathas, New Zealand Symphony Orchestra, Marc Taddei, Pedro Carneiro, Michael Houstoun",3hlvblrUC7NGrXCRE8G3gZ,View from Olympus,482349,spotify:track:716I413UcUqg7N1wNF2jG3
2021-04-09T16:23:11Z,7I9d2fIkGK7r4Wjv4p2EJW,Agua De Clavelito,"09947uhj2ZwU9mFXK5v50o, 1xAyYU2KQcA4QaNvVqVdu4","Johnny Pacheco, Hector Casanova",79pbn3RdGDpThPwyZ6PB7g,Los Amigos,382360,spotify:track:7I9d2fIkGK7r4Wjv4p2EJW
2021-04-09T16:09:51Z,6j9DqgqLwLFSEmK4gWs7NY,La borrachera,69rb3HVHXHjBhiJbAmLjZH,Pupy y Los Que Son Son,0l0CJFqNupdBgwV8m9xLwi,Pupy y Los que Son Son Best Of,341394,spotify:track:6j9DqgqLwLFSEmK4gWs7NY
2021-04-09T15:45:01Z,78SjCNhzs9lTIxMzxgVijq,La media hora,3U5KffZYriorcfC62Lca43,Barbaro Fines y su Mayimbe,65qGuBMtiluzmMpHS9V9p6,La frontera,379610,spotify:track:78SjCNhzs9lTIxMzxgVijq
2021-04-09T14:42:11Z,0F99ik3jaqJ0y4wWoYlgnT,Eso Que Anda - Remasterizado,"38gBx8oVL6C3AuLTz9ml27, 4B5PkQ1wMjo1siTN9yD9Ds","Juan Formell, Los Van Van",5vc2rHyDKpppqqhzcDWv3R,La Maquinaria (Remasterizado),313260,spotify:track:0F99ik3jaqJ0y4wWoYlgnT
2021-04-09T13:36:40Z,1OmzzOmyVL0xf7pCkDyrAj,La Explosión (Instrumental) - Ao Vivo,2xbLfmO8N89nCiA55XsSeI,Irakere,2kfE5y7Q5cJTC7scuI9Tjw,"Ivan Lins, Chucho Valdés e Irakere (Ao Vivo em Cuba)",517106,spotify:track:1OmzzOmyVL0xf7pCkDyrAj
2021-04-06T15:31:06Z,7f8ep7LmhUvhEIvlDfb9cj,Filme moi,1NcCVE1FRpBSlN3LcAfhn3,Alice et Moi,064Xtihg61dRk2MPOXUU5P,Filme moi,209901,spotify:track:7f8ep7LmhUvhEIvlDfb9cj
2021-04-06T15:26:42Z,636ieo1frTLl9XvQwalG1o,Anatolia,5If5Tdg66Q5X3L57G7A6Pn,Thylacine,6dITVz5ayEYI52QZ6Oy8rq,Anatolia,309840,spotify:track:636ieo1frTLl9XvQwalG1o
2021-04-04T21:05:41Z,3LDUUss9EEPwtgvbBxrUAE,The West Is Dead,0yd6o6a2MaOjsF1SglI4Hw,HMLTD,3GMVqdAS941Yv6kUx6ZWPK,West of Eden,183360,spotify:track:3LDUUss9EEPwtgvbBxrUAE
2021-04-04T16:31:56Z,4RdcwL020Jyi7su3ITn9Ns,Symphony No. 2 in B Minor: IV. Finale. Allegro,"34MYamymtmnsmpwbqydd7I, 0MvSBMGRQJY3mRwIbJsqF1, 20iZXzMb8LoWXOeca32i82","Alexander Borodin, Royal Philharmonic Orchestra, Vladimir Ashkenazy",5uAKTHUJBcr8fbU5ScUt1A,Borodin: In the Steppes of Central Asia; Symphonies Nos.1 & 2,358655,spotify:track:4RdcwL020Jyi7su3ITn9Ns
2021-04-03T12:43:58Z,1VaXIRdxURGrQ9TwKji7Gm,Dream Traveler,49zXTngyUTielHTbbH5YKs,Roy Hargrove,6wV9FgUyUXOqE84uz2uNIy,Habana,323560,spotify:track:1VaXIRdxURGrQ9TwKji7Gm
2021-03-30T13:13:34Z,6Zw0NBdfr1VlVJjDRFwUe1,Jimmy,0qG2Tf6fJaCuWKGz1IitKa,Moriarty,5XX0nXTLzjR16Eo7f1AhTK,Gee Whiz But This Is a Lonesome Town,264826,spotify:track:6Zw0NBdfr1VlVJjDRFwUe1
2021-03-28T18:01:39Z,5VtyF6ie8ru3kc3Zj5W2Xp,New World,0hk8VgR64voU5ueK96W2DI,DeVotchKa,6ZTyszQuqXgxa3gpAyO7cY,A Mad And Faithful Telling,314840,spotify:track:5VtyF6ie8ru3kc3Zj5W2Xp
2021-03-27T21:32:12Z,6TEvgyLcjZpRxCwlwS6ZLp,Dress Up In You,4zTWoo52TNONUpCUJPi99f,God Help The Girl,7ib0Uhk4vgyWNHPxyZHh0D,God Help The Girl (Original Motion Picture Soundtrack),263813,spotify:track:6TEvgyLcjZpRxCwlwS6ZLp
2021-03-23T11:08:02Z,5G4O0cKEDn14Tb6b4RJno6,Lekela Muadi,7Eg9NJC0jFmuEtqT1N5Bdv,Tshala Muana,4U58BnzNIogcpkioClkp23,Mutuashi,322773,spotify:track:5G4O0cKEDn14Tb6b4RJno6
2021-03-21T10:13:01Z,5ruzrDWcT0vuJIOMW7gMnW,The Adults Are Talking,0epOFNiUfyON9EYx7Tpr6V,The Strokes,2xkZV2Hl1Omi8rk2D7t5lN,The New Abnormal,309053,spotify:track:5ruzrDWcT0vuJIOMW7gMnW
2021-03-20T20:34:46Z,5GYNbmKPAOfIa5m5mWkV6t,Pomps & Pride,6ZFv3wQwwWPiVDWhv0mjQK,Toots & The Maytals,7a341nZsSfwyBsq1tMPETz,Funky Kingston,269360,spotify:track:5GYNbmKPAOfIa5m5mWkV6t
2021-03-20T17:02:57Z,7vwY9VRwkKBOwTmFC9u06d,Mahalageasca,5eFcEnUv0A83EIHKVrXzg4,Mahala Rai Banda,2xJGsbu6bpqNRNRczB64NP,Mahala Rai Banda,246666,spotify:track:7vwY9VRwkKBOwTmFC9u06d
2021-03-18T20:10:25Z,308QQjXz6yY0qFx4IRaTkp,Zirichiltaggia,19HiWVd2g0XyJstBsbW2Qm,Fabrizio De André,25GvKaEVuVo5aZHAx27JKz,Rimini,138253,spotify:track:308QQjXz6yY0qFx4IRaTkp
2021-03-18T07:48:46Z,2Z7XtEVN6ilychyHtMdQt6,Heaven And Earth (Land Theme) - Heaven And Earth/Soundtrack Version,6CTNhXJKT6SdsQspUDIGiY,Kitaro,7CAt1CDLV2xjAhBJ3qIOUo,Heaven & Earth,458866,spotify:track:2Z7XtEVN6ilychyHtMdQt6
2021-03-16T19:05:30Z,4Xl2PrS3DJqqSKXCo6Uhv9,Homeward Bound,70cRZdQywnSFp9pnc2WTCE,Simon & Garfunkel,1sh32o99zA04PJIUJUpEj7,"Parsley, Sage, Rosemary And Thyme",152895,spotify:track:4Xl2PrS3DJqqSKXCo6Uhv9
2021-03-15T15:28:20Z,1th3PrxWqMrDJeCxHL6gH1,The Love Me Or Die,6FfC7T2cxMj6H7Q5mmqAYe,C.W. Stoneking,5vusynZ8knQTYMS6ZT43P0,Jungle Blues,234600,spotify:track:1th3PrxWqMrDJeCxHL6gH1
2021-03-15T12:38:38Z,74hbxXrq3TYPK5JzDgHkeL,"Verdi: Nabucco, Act 3: ""Donna, chi sei?"" - ""Chi è costei?... Oh, di qual'onta aggravisi"" (Nabucco, Abigaille)","1JOQXgYdQV2yfrhewqx96o, 7silW8RiEOoLBgAg5JBCL1, 0lh6dQTetUL7cGQTn6Xa0Q, 5W7pOtn53qBRrQo00IvHTj, 09KZU0NsS7jRa5p0SflmGY","Giuseppe Verdi, Riccardo Muti, Matteo Manuguerra, Renata Scotto, Philharmonia Orchestra",6dLhLAMPKpxpyhKjphx62U,Verdi: Nabucco,667640,spotify:track:74hbxXrq3TYPK5JzDgHkeL
2021-03-13T15:43:27Z,6v4AsJUdm2vOUwjhHuXwRx,Murka,0m75P6eO8NfypN7nfQgaPJ,La Minor,4ZZ4BT3rHk18EASuejcgIu,Oboroty,237360,spotify:track:6v4AsJUdm2vOUwjhHuXwRx
2021-03-09T09:59:17Z,5fDR9yrGizMw9pBN010xrR,Moliendo Café,40iJCAOCz6nhRs6CbsAtOg,Fanfare Ciocarlia,1fikVigc56vuIBuC5PL5ix,Iag Bari,147093,spotify:track:5fDR9yrGizMw9pBN010xrR
2021-03-09T09:55:49Z,0o5mXMVhaRaFjMP1xKF3H7,Insight,"0bARK3i69D9aD9UVwOQpke, 3vMUGs8VU5T3whUWQMR0XM, 5BtVKxuFGK1Z3Ca4QclQz5, 1HpuCZTeupevTRooaCLPOT, 1if46bLZxJ057O1rWcWAW0","Bobby Shew, Ricardo, Mark Levine, Jose, Michito Sanchez",3k9rb94hnDZhRgNVqd3wcn,Salsa Caliente,447333,spotify:track:0o5mXMVhaRaFjMP1xKF3H7
2021-03-08T00:02:49Z,13ffjQieV5qxw3psyffu4m,TitTat,2RLoouHxVtWm1qCG1vYfIS,Octave Cat,4UEj8H7eWGyUoQdbwrHjSA,Octave Cat,390393,spotify:track:13ffjQieV5qxw3psyffu4m
2021-03-04T22:34:46Z,7hr8vm7sTDEUR1qFqKyq5x,Whistman's Wood,5THaOlI8Qr3Za3FD6FnWvK,John Surman,1jO5qJjXa1oRIzHCwXe0Fc,Saltash Bells,392200,spotify:track:7hr8vm7sTDEUR1qFqKyq5x
2021-03-02T08:40:16Z,2HDdFE3LzgZ2ZWVXS0jEQF,The Waters Of March,0YmFjtGsr6KUo2XJOR9RSu,Susannah McCorkle,7qUvlbKeYnFEfQqlosrm7L,From Bessie To Brazil,237093,spotify:track:2HDdFE3LzgZ2ZWVXS0jEQF
2021-03-01T11:59:41Z,0nSBXjouhwCrQXilxQblQk,Starry Starry Night,2RP4pPHTXlQpDnO9LvR7Yt,Lianne La Havas,1r1xPAE1i06oG97vhCPC1f,Loving Vincent (Original Soundtrack Album),283504,spotify:track:0nSBXjouhwCrQXilxQblQk
2021-02-27T22:51:12Z,1C0bWhNWIF3yBdjNh4GlCT,Wonderful Life,5uCXJWo3WoXgqv3T1RlAbh,Katie Melua,4WQFtE9TndiTti4FJVZ33u,Ultimate Collection,244106,spotify:track:1C0bWhNWIF3yBdjNh4GlCT
2021-02-23T19:52:35Z,0Q0IVlqMV64kNLlwjPj0Hl,Killing Me Softly With His Song,"2WKdxPFRD7IqZvlIAvhMgY, 2Mu5NfyYm8n5iTomuKAEHl","Fugees, Ms. Lauryn Hill",18XFe4CPBgVezXkxZP6rTb,The Score (Expanded Edition),298666,spotify:track:0Q0IVlqMV64kNLlwjPj0Hl
2021-02-23T17:28:10Z,0cqLFzFYsQurUI3McUZkLg,Wonderful Life,5uCXJWo3WoXgqv3T1RlAbh,Katie Melua,5PzrmeHkX1u2Gt4j4O4oYr,Wonderful Life,247152,spotify:track:0cqLFzFYsQurUI3McUZkLg
2021-02-23T12:58:35Z,32FfL5hpFQdweMkxg8Z55o,Les eaux de mars,"03EYBMnqSchCMp5D9qmFXi, 5L3fIRSYQCR3EJwQICfyRq, 1x7a6AcM8lS9mfpkzfIgAt, 1Ak5vW938xaMoVfXuHeZfA, 55Ib86Ob0dKLELhJ1gvUri, 2GryQVS8rv0VqHUGN4Ua3v","Stacey Kent, Jim Tomlinson, Graham Harvey, Matt Skelton, John Parricelli, Jeremy Brown",3afGgL2rBWMuLYEWXScDFb,Raconte-moi... (Bonus Edition),218293,spotify:track:32FfL5hpFQdweMkxg8Z55o
2021-02-23T10:55:03Z,68FhagAoZr9Ld8oCp9JoYP,Temptation,5z1VAFwT35EVvCp1XlZZuL,Diana Krall,7dZFqyK7mEYr3tyatC7k0s,The Girl In The Other Room,267720,spotify:track:68FhagAoZr9Ld8oCp9JoYP
2021-02-22T23:31:25Z,2ndWbjiiNBEOrlfToKlABE,I Will Follow You into the Dark,0YrtvWJMgSdVrk3SfNjTbx,Death Cab for Cutie,4guW5WPxFzHrXg04FPC9v9,Plans,189400,spotify:track:2ndWbjiiNBEOrlfToKlABE
2021-02-22T23:27:13Z,1uP8UVMXcTJn28TbhfR2Wo,Paul,5QdyldG4Fl4TPiOIeMNpBZ,Big Thief,4onPyHor2yOlVxCsIaGyHH,Masterpiece,183894,spotify:track:1uP8UVMXcTJn28TbhfR2Wo
2021-02-22T22:33:31Z,1bFPKxP56XWDXJOwo3Kvfp,Needle In The Hay,2ApaG60P4r0yhBoDCGD8YG,Elliott Smith,0w0jXq1fLPMPCNsVmmxNnc,Elliott Smith,257586,spotify:track:1bFPKxP56XWDXJOwo3Kvfp
2021-02-16T23:13:38Z,694jIrWPygAI5eAiNxNCrw,Bubbles at Overlook 25th March 2019,7Eu1txygG6nJttLHbZdQOh,Four Tet,5gIa8hTQGPwVeNYjDwrraZ,Sixteen Oceans,63272,spotify:track:694jIrWPygAI5eAiNxNCrw
2021-02-16T20:23:55Z,5HbQmBAlDCO4ksmcbvAeHX,Unicorn,7Eu1txygG6nJttLHbZdQOh,Four Tet,7gN7gWms3Uz0GLLtLYHybk,Beautiful Rewind,210993,spotify:track:5HbQmBAlDCO4ksmcbvAeHX
2021-02-14T19:18:23Z,4PZa10hp40IiPySg7MGYbl,Enjoy The Silence,1HVwzNriKEjaeE06okqSpx,Carla Bruni,2bHQTGyLGnwMDqrsuMvTsQ,French Touch,194466,spotify:track:4PZa10hp40IiPySg7MGYbl
2021-02-14T18:42:50Z,0NDjQezJaEC1KX9TfwEfzf,Minor Swing,"5Z1XZyEFY0dewG8faEIiEx, 6AfbDYupHV5e6nse9W6tKG, 6ufQwLbg8fB1I6aRQb3aUn","Django Reinhardt, Stéphane Grappelli, Quintette du Hot Club de France",2l8CUbWOm6tJHb7bzr5XPf,Djangologie Vol6 / 1937,196626,spotify:track:0NDjQezJaEC1KX9TfwEfzf
2021-02-14T16:40:08Z,5CKHhg31HcYYhwUeeGqvhq,I Wish I Knew How It Would Feel to Be Free,7G1GBhoKtEPnP86X2PvEYO,Nina Simone,2miVfa78vOd0o8Vbsgd7g3,Silk & Soul (Expanded Edition),188613,spotify:track:5CKHhg31HcYYhwUeeGqvhq
2021-02-10T09:00:17Z,7ffKguqbEaIGBRG0dSlnk4,Sini - Open Source Remix,"1xwmPG9FWAGwk7of6heQjM, 2gponzmhHF1GO3L7J4Ox9B","Pondora, Open Source",5FlxIpuRlstexk8IgdLoXr,Sini (Open Source Remix),393531,spotify:track:7ffKguqbEaIGBRG0dSlnk4
2021-02-07T20:29:24Z,1form6XxaJCcp9CoU3Qxos,Free tibet,62RdOEwjfXjFOQpKdufMR7,Hilight Tribe,7rOAGfaiQO4iO1dFICNABz,Love medicine & natural trance,359533,spotify:track:1form6XxaJCcp9CoU3Qxos
2021-01-23T10:32:07Z,1MSfzutmY6uBu7oBHTv60C,L'Animale - Remastered,4lianjyuR1tqf6oUX8kjrZ,Franco Battiato,1Bw3bHsQ9Xwlalhp4NjX1n,Mondi Lontanissimi (2008 Remastered Edition),199906,spotify:track:1MSfzutmY6uBu7oBHTv60C
2021-01-18T14:44:11Z,41la5u5s1BPLDspWqM01AI,Ti Ein' Afto Pou To Lene Agapi,4cgCxnsmy9kDcl3oA2BYRY,Haris Alexiou,6E7tgthkEvWOSbpuOxymmr,Gyrizontas Ton Kosmo & Ena Fili Tou Kosmou / Live 92-97,90293,spotify:track:41la5u5s1BPLDspWqM01AI
2021-01-16T23:17:06Z,4toYSvr11AsKlRlGg1r5a2,Kabalah,"6WLP1sraOcF3Gaxp7xBa4p, 4hGD47LaZWcMLj1gH3uru8","Blastoyz, Reality Test",1DQ2m1KElsoqNyw3GgHhv2,Part Of The Dream III - Compilation by Blastoyz & Reality Test,344347,spotify:track:4toYSvr11AsKlRlGg1r5a2
2021-01-16T18:29:59Z,09IdXXMhrxNnmWqIStQ8hv,Passion,"4hGD47LaZWcMLj1gH3uru8, 4udXDlf1VbsKEaII28KQLt","Reality Test, Shanti People",0y42a8nRtbSHNzBHiU8Enf,Passion,210434,spotify:track:09IdXXMhrxNnmWqIStQ8hv
2021-01-11T18:05:08Z,313YnBay96uIFkMxN9qa52,Yombo,7Eg9NJC0jFmuEtqT1N5Bdv,Tshala Muana,4tS4MUmNN5lUZ1PCZ3J4RY,Golgotta,270120,spotify:track:313YnBay96uIFkMxN9qa52
2021-01-09T16:55:36Z,6eJy88W9HCYzw3NJHRNToU,Happy Pills,4ypPM5MAlxN4nbsiiHtBpu,Younger Brother,2YdDlyrL6SrT6t2k3rwPrd,The Last Days Of Gravity,528680,spotify:track:6eJy88W9HCYzw3NJHRNToU
2021-01-03T16:25:52Z,6Ae8jN0fgucPZjtaa9hgMs,Nyama ya ekila,7Eg9NJC0jFmuEtqT1N5Bdv,Tshala Muana,2tkAt5tADkDR2WEVjdWmju,Enkor et toujours,520826,spotify:track:6Ae8jN0fgucPZjtaa9hgMs
2021-01-03T15:53:09Z,6SXV3FnOWvd0z5bH2vHp76,Bena Congo,7Eg9NJC0jFmuEtqT1N5Bdv,Tshala Muana,5yAFkkOm8AX2Ftmphq9hk4,Sikila,461920,spotify:track:6SXV3FnOWvd0z5bH2vHp76
2021-01-03T14:28:57Z,3QCeNjjd7ztXbgN1qmgw2Z,Malu deux,7Eg9NJC0jFmuEtqT1N5Bdv,Tshala Muana,5yAFkkOm8AX2Ftmphq9hk4,Sikila,534120,spotify:track:3QCeNjjd7ztXbgN1qmgw2Z
2020-12-31T14:18:08Z,0cqcRqZgkNHanWQ8slYA0v,Mahler: Symphony No. 5 in C-Sharp Minor: IV. Adagietto. Sehr langsam,"2ANtgfhQkKpsW6EYSDqldz, 78sEozQOEJxzXegUuqRSgH, 6TD08jYeuN128P2MZTbc8E","Gustav Mahler, Daniel Barenboim, Chicago Symphony Orchestra",2xhhbZySK489esUAtrs65j,Mahler: Symphony No. 5,583293,spotify:track:0cqcRqZgkNHanWQ8slYA0v
2020-12-30T11:48:20Z,2ZMpOq0n124MRPO8vxAgCi,Sad Premonition / Lilium,52R2tXlJMDDDYcpBSnn3k4,haruka nakamura,1dOgFP65sSxMncWqJ8FADo,I'll,245500,spotify:track:2ZMpOq0n124MRPO8vxAgCi
2020-12-28T01:43:42Z,0ZcE0zJuaSrMgFWRFY4xcG,vermelho do sol,3XKBSRkQeskeHIpRvA5XaS,toconoma,0sayYHDFWNJAjZoeauWD97,POOL,304973,spotify:track:0ZcE0zJuaSrMgFWRFY4xcG
2020-12-27T23:59:07Z,1SGbAJeqGunvoTCHbf2o2j,Sunny,3XKBSRkQeskeHIpRvA5XaS,toconoma,4lJkigPZR4l3xT2sUOVHRX,NEWTOWN,318800,spotify:track:1SGbAJeqGunvoTCHbf2o2j
2020-12-27T16:08:04Z,3R9UWn3mOVGVbo9GxRRCnK,N°9,3XKBSRkQeskeHIpRvA5XaS,toconoma,4lJkigPZR4l3xT2sUOVHRX,NEWTOWN,298200,spotify:track:3R9UWn3mOVGVbo9GxRRCnK
2020-12-26T01:08:27Z,6sdbNrHTYBjmGHKQFrvmpU,"Verdi: Nabucco, Act 4: ""Cadran, cadranno i perfidi"" (Abdallo, Chorus, Nabucco)","1JOQXgYdQV2yfrhewqx96o, 09KZU0NsS7jRa5p0SflmGY, 7silW8RiEOoLBgAg5JBCL1","Giuseppe Verdi, Philharmonia Orchestra, Riccardo Muti",6dLhLAMPKpxpyhKjphx62U,Verdi: Nabucco,122893,spotify:track:6sdbNrHTYBjmGHKQFrvmpU
2020-12-26T01:06:16Z,6XCvqZe3jBYpAnC9fKSrLl,"Verdi: Nabucco, Act 2: ""Il maledetto non ha fratelli"" (Chorus, Ismaele)","1JOQXgYdQV2yfrhewqx96o, 09KZU0NsS7jRa5p0SflmGY, 7silW8RiEOoLBgAg5JBCL1","Giuseppe Verdi, Philharmonia Orchestra, Riccardo Muti",6dLhLAMPKpxpyhKjphx62U,Verdi: Nabucco,98880,spotify:track:6XCvqZe3jBYpAnC9fKSrLl
2020-12-21T23:07:55Z,5Kzvafvksy487apDu6f6Fw,Akatsuki,6jCTuQ4WpvTPoyGrSGIicE,PEZ,6roaJKXBTODhmG7GcrSRdC,九月の空 -KUGATSU NO SOLA-,268826,spotify:track:5Kzvafvksy487apDu6f6Fw
2020-12-20T10:08:22Z,59ki0jwoRmezRzNpd0fQwK,"M. Glinka: Overture To Opera ""Ruslan and Lyudmila""","6TD08jYeuN128P2MZTbc8E, 3OO10mkr8Vs5l83EmOxhJg","Chicago Symphony Orchestra, L. Smit",5KaOkqxYzdptgWih5DEUZ8,Russian Masterpieces-Popular Classical Music Melodies,316640,spotify:track:59ki0jwoRmezRzNpd0fQwK
2020-12-14T20:44:33Z,0vlkFneP87C6n8DxMJ4AGk,Mazel Tov,6YJnewrSxxoK4QIRgHp9oz,Giora Feidman,3r6o48LnzQo2lmmAJOAjut,Klezmer Celebration (The Feidman Trio),194466,spotify:track:0vlkFneP87C6n8DxMJ4AGk
2020-12-12T09:01:13Z,0fOjUafaAhJV16oRBgCtz7,Ladies and gentlemen we are floating in space,6DKmuXxXASTF6xaJwcTfjv,Spiritualized,56YzQ0dhmRMDryZsrjdHun,Ladies and gentlemen we are floating in space,234053,spotify:track:0fOjUafaAhJV16oRBgCtz7
2020-12-04T08:57:59Z,6e65fH1wClamA2QPI5HUi3,Prickly Pear,7sYipTRgDXS2JVOPEhRutx,Portico Quartet,2A8c5znvmslp2I77dTBV1K,Knee-Deep In the North Sea,341880,spotify:track:6e65fH1wClamA2QPI5HUi3
2020-12-03T20:10:59Z,61UuPxxYUvacEH6SHIK3sU,Brown Sugar - Remastered 2009,22bE4uQ6baNwSHPVcDxLCe,The Rolling Stones,29m6DinzdaD0OPqWKGyMdz,Sticky Fingers (Remastered),228666,spotify:track:61UuPxxYUvacEH6SHIK3sU
2020-12-02T21:32:11Z,52Bg6oaos7twR7IUtEpqcE,Between The Bars,2ApaG60P4r0yhBoDCGD8YG,Elliott Smith,5hryhrT7wEdLnZCbJX9F6L,Either/Or,141280,spotify:track:52Bg6oaos7twR7IUtEpqcE
2020-12-01T10:46:37Z,0KsSWRlGAkwlnNfOlMeBeC,"Rigoletto: Bella figlia dell'amore (Duca, Maddalena, Gilda, Rigoletto)","1JOQXgYdQV2yfrhewqx96o, 3ALYsjti5tptGpfAgEYweV, 4GXs5ddEQpUNztqUiZMryK, 5W7pOtn53qBRrQo00IvHTj, 10CN8N2O3FlGlPVJWBiu5D, 7JdPe4gzrYmbcko3FTav57, 1JlF2VuyOSOasy8ZxCbD6C","Giuseppe Verdi, Carlo Bergonzi, Fiorenza Cossotto, Renata Scotto, Dietrich Fischer-Dieskau, Orchestra Del Teatro Alla Scala, Milano, Rafael Kubelík",4ewlnpoaRiTYWbHTBzCP0H,Verdi: Rigoletto,268840,spotify:track:0KsSWRlGAkwlnNfOlMeBeC
2020-12-01T10:46:35Z,6WpqlxRgAEcKsxI2mKrnOi,"Rigoletto / Act 2: Cortigiani, vil razza dannata (Rigoletto)","1JOQXgYdQV2yfrhewqx96o, 10CN8N2O3FlGlPVJWBiu5D, 7JdPe4gzrYmbcko3FTav57, 1JlF2VuyOSOasy8ZxCbD6C","Giuseppe Verdi, Dietrich Fischer-Dieskau, Orchestra Del Teatro Alla Scala, Milano, Rafael Kubelík",4ewlnpoaRiTYWbHTBzCP0H,Verdi: Rigoletto,274333,spotify:track:6WpqlxRgAEcKsxI2mKrnOi
2020-11-20T19:02:17Z,3gsCAGsWr6pUm1Vy7CPPob,Killing Me Softly With His Song,0W498bDDNlJIrYMKXdpLHA,Roberta Flack,4GxrvKiysSiDU1HHifh1PA,Killing Me Softly,286920,spotify:track:3gsCAGsWr6pUm1Vy7CPPob
2020-11-18T18:42:18Z,6fnachl7fIn5dqIjakfJ57,School,3JsMj0DEzyWc0VDlHuy9Bx,Supertramp,2wrHaulTgqqkVKx0k7Kq4r,Crime Of The Century (Remastered),335286,spotify:track:6fnachl7fIn5dqIjakfJ57
2020-11-08T15:35:34Z,5RNGOlGqKBawkqLfdJqiqA,Nothing Is Something Worth Doing,0m5XJwKGYyUjd3VMfcINCQ,Shpongle,6kXYzl5HwGgFxsX1M8aTKp,Ineffable Mysteries From Shpongleland,384226,spotify:track:5RNGOlGqKBawkqLfdJqiqA
2020-11-05T18:02:11Z,0EZ4GxnjKkB5Q0X5MhMNEf,Spinning Away,"7MSUfLeTdDEoZiJPDSBXgi, 5MWBg16f5UYiaSlyVhzlIW","Brian Eno, John Cale",60iUtvboDimzQEiZjGfkzP,Wrong Way Up [Expanded Edition],327120,spotify:track:0EZ4GxnjKkB5Q0X5MhMNEf
2020-10-30T18:32:24Z,7eUDIVvnoFyhkNqxXsmaqr,Rat Bat Blue - Remastered,568ZhdwyaiCyOGJRtNYhWf,Deep Purple,4xTuiyvyE5Df9JwgXjIY2y,Who Do We Think We Are (Remastered),326906,spotify:track:7eUDIVvnoFyhkNqxXsmaqr
2020-10-27T21:51:41Z,3sVZWUe85SxbpSIDC7VtzA,Dragon,4DSNcg40nf6T3eNAObq1Lo,The Browning,31lb2wh2yhT8I8DHdBKS7r,Isolation,244426,spotify:track:3sVZWUe85SxbpSIDC7VtzA
2020-10-26T14:16:14Z,2UYg49qtSLSCXv2uQWghM8,"Ai, Ai, Ai",7qJXYbBDibZ1Zixi89aUnw,Sílvia Pérez Cruz,3N1e8LMjed69YN7GNrGfWA,Vestida De Nit,184953,spotify:track:2UYg49qtSLSCXv2uQWghM8
2020-10-25T23:29:37Z,25QAFXl8QgxKW6hNaZYmzX,"Levitation Nation - Remastered, 2019",0m5XJwKGYyUjd3VMfcINCQ,Shpongle,7mMDExyYEy5EmOlCxte951,"Nothing Lasts...but Nothing Is Lost (Remastered, 2019)",220426,spotify:track:25QAFXl8QgxKW6hNaZYmzX
2020-10-24T17:07:12Z,0R0RGzpT8Rr4ZgXzA2bxnE,Running,1hzfo8twXdOegF3xireCYs,Milky Chance,1CEBG1qVlHZr6v7eHAVF4W,Sadnecessary,268000,spotify:track:0R0RGzpT8Rr4ZgXzA2bxnE
2020-10-23T14:51:35Z,0N7xGxnWoSqVvT5QpzUZ83,Casa Blanca,"7t6kb9BaKLBDnii5rDGm4V, 4hGD47LaZWcMLj1gH3uru8","Major7, Reality Test",4Z0NZef9pHPeaZn6PhR35z,Casa Blanca,476521,spotify:track:0N7xGxnWoSqVvT5QpzUZ83
2020-10-16T20:16:33Z,3seKiYhT6kDEVegNFLpJ7L,Mambo De Machahuai,3UeOjss5xy88R8ueAvK2JG,Orchestra Di Piazza Vittorio,4PjLmhGgigrJ1vS0vjkCI4,Orchestra Di Piazza Vittorio,253600,spotify:track:3seKiYhT6kDEVegNFLpJ7L
2020-10-16T19:46:01Z,6mXt6PHLvBLq2Dq4ZIsYPg,Intro,3UeOjss5xy88R8ueAvK2JG,Orchestra Di Piazza Vittorio,4PjLmhGgigrJ1vS0vjkCI4,Orchestra Di Piazza Vittorio,169386,spotify:track:6mXt6PHLvBLq2Dq4ZIsYPg
2020-10-13T10:52:46Z,0DHvuKlffQaUuSX05a0Qhm,My Fears Have Become Phobias,4LjQpQc5NB5G02zqfEIex7,As Blood Runs Black,2EetlHzaCRcbFg3DywKLu9,Allegiance,239133,spotify:track:0DHvuKlffQaUuSX05a0Qhm
2020-10-04T21:42:59Z,4lIO8OpAfp8CM3WWyQO9n1,A Fish on Land,3IbqRfvnvj5C22pHD38KXI,Lhasa De Sela,3sQmnzinwjBm9aXlW28imE,Lhasa,239213,spotify:track:4lIO8OpAfp8CM3WWyQO9n1
2020-10-04T01:28:05Z,0I1DJdLt9BKOb7GWmWxCjo,Fields Of Gold,0Ty63ceoRnnJKVEYP0VQpk,Sting,5kV0KBXfELibs6qQJLmOtg,Ten Summoner's Tales,222120,spotify:track:0I1DJdLt9BKOb7GWmWxCjo
2020-10-04T01:02:37Z,5p3JunprHCxClJjOmcLV8G,Walk On the Wild Side,42TFhl7WlMRXiNqzSrnzPL,Lou Reed,5SqbMEyAt8332ISGiLX0St,Transformer,255875,spotify:track:5p3JunprHCxClJjOmcLV8G
2020-10-02T18:21:53Z,03dzTYCKFMjo7qwbYec61S,Cariñito,3mXI2gpwWnNO9qbQG3n3EP,Lila Downs,4rHzFWlUjwjUqn3ucSJ2k9,Al Chile,219733,spotify:track:03dzTYCKFMjo7qwbYec61S
2020-10-02T14:11:17Z,5YEWiqhTlWPvxh1OUYHT6V,晴天 - Hale Sola -,5Ga4ie7tlXW9Fc6ObLbSCY,H ZETTRIO,0thPD1TTASYc8eMaf7sS9B,PIANO CRAZE,369240,spotify:track:5YEWiqhTlWPvxh1OUYHT6V
2020-10-02T08:50:37Z,1mwYEtbr18qJPL3ls9hZXx,marten,6RuS4udHwx3C9ysk4KXtNw,jizue,4UnvgaZBThF0bH4J7LGlBq,marten,267720,spotify:track:1mwYEtbr18qJPL3ls9hZXx
2020-10-01T16:47:24Z,75HWClTWIa1UQECeRnbjie,La Marelle / Amarelinha,"7cfKXiA9YUupXEjCUWPtxY, 57v02RSRJzcY5WiYQ5yPCl, 3GKGEnbmQnaTNGJL6ZGryj","Dom La Nena, Rosemary Standley, Birds on a Wire",1dGlGS8JZBoT0kr8oWBTLM,Ramages,182680,spotify:track:75HWClTWIa1UQECeRnbjie
2020-09-30T11:24:32Z,7xzMrUmlooPa1Fmp88hlYc,Sodade,0Nks3cFWU2a7rooAlFQYgn,Cesária Evora,5JDeqzJVs53ZJT1KCjO6Jp,Miss Perfumado,293640,spotify:track:7xzMrUmlooPa1Fmp88hlYc
2020-09-30T11:09:56Z,3CaFlvMtboeeNFRKHHdsud,Afro Blue,3pGgFAbmQ22e2LWjOtv5jH,Melanie De Biasio,0BkccY0uF7vE0l4J1MCfJ6,Lilies,273226,spotify:track:3CaFlvMtboeeNFRKHHdsud
2020-09-29T21:38:37Z,1zb2Jn4lYn15sVBpNkxNZy,The Old Man,2A8lfnul2PK2wGs1Rgsb95,Yom,6b7Br97xuon3xXlvElFBts,Songs for the Old Man,313080,spotify:track:1zb2Jn4lYn15sVBpNkxNZy
2020-09-29T21:26:49Z,5JizFGD83C4w0hrAlXJHm9,Everywhere Home,2A8lfnul2PK2wGs1Rgsb95,Yom,6b7Br97xuon3xXlvElFBts,Songs for the Old Man,262440,spotify:track:5JizFGD83C4w0hrAlXJHm9
2020-09-29T21:13:53Z,6t2vcP38D08xYdioGyOUC6,Pequeño Vals Vienés,"7qJXYbBDibZ1Zixi89aUnw, 1jIEmZJNXh1TT7hBjCMSy2","Sílvia Pérez Cruz, Raül Fernandez Miró",6d0iojYCEgb4D1L9zUFrdV,Granada,334320,spotify:track:6t2vcP38D08xYdioGyOUC6
2020-09-29T20:13:53Z,1Hx0If40w3tkkr6wRioqh9,Road Movie,2A8lfnul2PK2wGs1Rgsb95,Yom,6b7Br97xuon3xXlvElFBts,Songs for the Old Man,350013,spotify:track:1Hx0If40w3tkkr6wRioqh9
2020-09-25T17:49:26Z,4Ifx1MZVgKCVQsxmD4rEqe,"Le carnaval romain, Op. 9, H. 95: Concert Overture. Allegro deciso con impeto - Larghetto - Allegro deciso con impeto","11T8SOX82xraocZzUXzkvM, 2prZJWfQMnIgwUKxKcBxH7, 3gacryguGmpmCvgPGt2CBI","Hector Berlioz, Pierre Boulez, New York Philharmonic",5W6BLjfmb4yuJap4WwYj5h,"Berlioz: Symphonie fantastique, Op. 14, H. 48, Le carnaval romain, Op. 9, H. 95 & Overture to Béatrice et Bénédict, H. 138",529853,spotify:track:4Ifx1MZVgKCVQsxmD4rEqe
2020-09-22T19:03:34Z,55frPzCdPGjCIZF3oZVFCV,Real Blues,484sZUYmnRXN84zmk3GY1n,St Germain,5ckt4gstaOg1VlCqyLtrLT,St Germain,316880,spotify:track:55frPzCdPGjCIZF3oZVFCV
2020-09-19T17:34:46Z,3PhICIIH9dua2ZZryHqiHE,LesAlpx,2AR42Ur9PcchQDtEdwkv4L,Floating Points,1WwZwdTICfaZI51BIIEN9z,Crush,282026,spotify:track:3PhICIIH9dua2ZZryHqiHE
2020-09-19T17:34:44Z,4KjNEsQ4jkqXwCmsn71a9p,Lush,7Eu1txygG6nJttLHbZdQOh,Four Tet,74r6JJ97ipO0CREXP9PMqZ,New Energy,311893,spotify:track:4KjNEsQ4jkqXwCmsn71a9p
2020-09-17T19:05:05Z,3famfyGuWw5QFcVO5Xk1uW,"White Flag (feat. Bashy, Kano and the National Orchestra for Arabic Music)","3AA28KZvwAUcZuOKwyblJQ, 2pkcEiIg9zyj8C7Zq5TumZ, 50nN8IFD4xA67fI4jYbLV4, 7Aj7z1h5SeHNAJ2I7wS6Vo","Gorillaz, Bashy, Kano, The National Orchestra for Arabic Music",2dIGnmEIy1WZIcZCFSj6i8,Plastic Beach,223466,spotify:track:3famfyGuWw5QFcVO5Xk1uW
2020-09-17T18:16:13Z,30QdWbvRAS35eGI0KipPwg,holiday,6RuS4udHwx3C9ysk4KXtNw,jizue,1Q5kbjumIaBH83maaIakfk,journal,351653,spotify:track:30QdWbvRAS35eGI0KipPwg
2020-09-16T02:07:12Z,2rkEB9VYXCWItl40MSwMZq,traveler in the wonderland,3ND5NWoKzlelYDDyWqSQpQ,Susumu Yokota,6H4YePZRcSJ23OOaqRujZP,Symbol,263053,spotify:track:2rkEB9VYXCWItl40MSwMZq
2020-09-15T20:32:42Z,2O4bAzoW3U2GPIzpsEVGO9,song of the sleeping forest,3ND5NWoKzlelYDDyWqSQpQ,Susumu Yokota,6H4YePZRcSJ23OOaqRujZP,Symbol,258253,spotify:track:2O4bAzoW3U2GPIzpsEVGO9
2020-09-15T08:43:45Z,5ztIul377mylwHJkCnIWbn,Dance Me To The End Of Love,"5l8VQNuIg0turYE1VtM9zV, 7nXyULtoL8k7wP9l6kg8Ef","Leonard Cohen, Madeleine Peyroux",5Abc3wXAy8U1f79eVn7AGd,Careless Love,235640,spotify:track:5ztIul377mylwHJkCnIWbn
2020-09-12T09:45:59Z,0WON7ccM42foBwZikHsf7v,Soukora (with Ry Cooder),"3mNygoyrEKLgo6sx0MzwOL, 1CPwHx5lgVxv0rfcp7UXLx","Ali Farka Touré, Ry Cooder",2MSgPFGGgIn5EqLezjLpt9,Talking Timbuktu (with Ry Cooder),362546,spotify:track:0WON7ccM42foBwZikHsf7v
2020-09-08T16:12:03Z,6q4RMxRDljW0CIuvDq8k9H,"Rigoletto / Act 1: ""Questa o quella"" - ""Partite? ... Crudele"" - ""In testa che avete, Signor di Ceprano?"" - ""Gran nuova! Gran nuova!"" - ""Ah, più di Ceprano""","1JOQXgYdQV2yfrhewqx96o, 3ALYsjti5tptGpfAgEYweV, 7gxxE0IbP9hFZeJVwdWCSc, 1bCwExtS8xgVvNVpO9hruV, 10CN8N2O3FlGlPVJWBiu5D, 2yLl0dAFJquHGRThkoGqoq, 7JdPe4gzrYmbcko3FTav57, 1JlF2VuyOSOasy8ZxCbD6C, 7FMCfu4mkrKZd36Pj4lZla, 736hsb8NYHbXZnTLaLFtBD","Giuseppe Verdi, Carlo Bergonzi, Piero de Palma, Caterina Alda, Dietrich Fischer-Dieskau, Virgilio Carbonari, Orchestra Del Teatro Alla Scala, Milano, Rafael Kubelík, Coro Del Teatro Alla Scala Di Milano, Roberto Benaglio",4ewlnpoaRiTYWbHTBzCP0H,Verdi: Rigoletto,423533,spotify:track:6q4RMxRDljW0CIuvDq8k9H
2020-09-08T16:12:03Z,1b14VAKGsTgi6aycspO5Bv,"Rigoletto / Act 1: ""Già da tre lune son qui venuta"" - ""Olá?""/""Signor?"" - Ah! veglia, o donna, questo fiore","1JOQXgYdQV2yfrhewqx96o, 5W7pOtn53qBRrQo00IvHTj, 10CN8N2O3FlGlPVJWBiu5D, 70p1RqniYvGrg9FzfxeXUO, 3ALYsjti5tptGpfAgEYweV, 7JdPe4gzrYmbcko3FTav57, 1JlF2VuyOSOasy8ZxCbD6C","Giuseppe Verdi, Renata Scotto, Dietrich Fischer-Dieskau, Mirella Fiorentini, Carlo Bergonzi, Orchestra Del Teatro Alla Scala, Milano, Rafael Kubelík",4ewlnpoaRiTYWbHTBzCP0H,Verdi: Rigoletto,447733,spotify:track:1b14VAKGsTgi6aycspO5Bv
2020-09-08T16:12:02Z,2uuMJyHnjtNnsawiG9BNdO,Rigoletto: Possente amor mi chiama,"1JOQXgYdQV2yfrhewqx96o, 7silW8RiEOoLBgAg5JBCL1, 2AyySZZK01JT6ZSYZ2CWgf, 1qFhlVTbKCuazGzJLJFxCq, 3OeTSeEOperQQlCJ9kzch8, 71t4pFRenqK9rx5vj8RD3J, 7FMCfu4mkrKZd36Pj4lZla, 7JdPe4gzrYmbcko3FTav57","Giuseppe Verdi, Riccardo Muti, Roberto Alagna, Ernesto Gavazzi, Silvestro Sammaritano, Antonio De Gobbi, Coro Del Teatro Alla Scala Di Milano, Orchestra Del Teatro Alla Scala, Milano",6oOAF1TQNUrUu9EAcwmASf,Verdi: Rigoletto,195733,spotify:track:2uuMJyHnjtNnsawiG9BNdO
2020-09-07T20:23:20Z,1lDfqPzFYQNrcz595GWZYG,"Piano Concerto No. 5 in E-Flat Major, Op. 73 ""Emperor"": I. Allegro","2wOqMjp9TyABvtHdOSOTUS, 13dkPjqmbcchm8cXjEJQeP, 52sDxFX9DvIxUupTy8f1yx, 189I14HgoKkmB02CoEN2po","Ludwig van Beethoven, Glenn Gould, Leopold Stokowski, American Symphony Orchestra",7GKTIg5SwBeIB9uAqIzgfQ,Beethoven: The 5 Piano Concertos,1317746,spotify:track:1lDfqPzFYQNrcz595GWZYG
2020-09-04T14:33:02Z,56z2sty6D8vGlFcQaLZ3OW,DUSK,2RoKrXDjKFkqCTtmIwtAha,NABOWA,44jRnE1uIU2BUL2qj1aQRf,DUSK,347487,spotify:track:56z2sty6D8vGlFcQaLZ3OW
2020-09-03T19:18:37Z,2asaXIA0Mjl0PAb1NUwrp3,dance,6RuS4udHwx3C9ysk4KXtNw,jizue,1Q5kbjumIaBH83maaIakfk,journal,433133,spotify:track:2asaXIA0Mjl0PAb1NUwrp3
2020-08-31T19:12:23Z,2BwZrnAaTAt8VLRN6aDUc0,Noch Dazu,3TBSC0T9R9wW9oAy7RdHiD,Besh o droM,29AgGN0wIrObAJZlJhyx6A,Besh o droM 20,226966,spotify:track:2BwZrnAaTAt8VLRN6aDUc0
2020-08-31T18:12:05Z,1dj8e15msTxYvF3A9YS51t,Mahala,3TBSC0T9R9wW9oAy7RdHiD,Besh o droM,6hmCDY5TkqQnNG67kqO2Fn,Best of droM,433333,spotify:track:1dj8e15msTxYvF3A9YS51t
2020-08-31T16:45:37Z,0aDU64XfEFCGSb96TVciFt,25 ans,73BDzWqbf1grbgQ8xYn2ou,Ben Mazué,2UpwKRTXhJVXvjZgK1h7RY,33 ans,224040,spotify:track:0aDU64XfEFCGSb96TVciFt
2020-08-30T21:49:34Z,1XzP1wolujnXlgoB2Lbwy7,Chateau (Feel Alright),5p9HO3XC5P3BLxJs5Mtrhm,Djo,0KcGPqyQgkOVdczWnwJYUn,Chateau (Feel Alright),272157,spotify:track:1XzP1wolujnXlgoB2Lbwy7
2020-08-30T21:49:17Z,1Q1b8eVkUPGlpSArl8JAVw,Heart of Gold - 2009 Remaster,6v8FB84lnmJs434UJf2Mrm,Neil Young,2l3QxNo4QubBNmVKxLeum0,Harvest (2009 Remaster),187013,spotify:track:1Q1b8eVkUPGlpSArl8JAVw
2020-08-29T20:38:09Z,3898C4AbdbptwYet6547e5,The Girl From Ipanema,0FMucZsEnCxs5pqBjHjIc8,Stan Getz,4I26wT2bckDbv8Xl5iVInQ,The Girl From Ipanema - The Bossa Nova Years,321826,spotify:track:3898C4AbdbptwYet6547e5
2020-08-27T15:17:40Z,5hGIRMjtrTpdMdTrZv4lh1,La Fiesta - Live,5olDKSsFhhmwh8UCWwKtpq,Chick Corea,1LS9waBhjOGB9BrQSwkp3b,Selected Recordings,541680,spotify:track:5hGIRMjtrTpdMdTrZv4lh1
2020-08-25T16:31:53Z,4TET2g3xkiIqmxrkFLXl2b,"Rigoletto: Che m'ami, deh, ripetimi","1JOQXgYdQV2yfrhewqx96o, 7silW8RiEOoLBgAg5JBCL1, 2AyySZZK01JT6ZSYZ2CWgf, 7oBhNe4mY3JU6TfauYuJGq, 5UAwxp14U387DSuo7rqJq0, 71t4pFRenqK9rx5vj8RD3J, 6R7hWoB7Nl5FyzMrSvyqiP, 7JdPe4gzrYmbcko3FTav57","Giuseppe Verdi, Riccardo Muti, Roberto Alagna, Andrea Rost, Antonella Trevisan, Antonio De Gobbi, Ernesto Panariello, Orchestra Del Teatro Alla Scala, Milano",6oOAF1TQNUrUu9EAcwmASf,Verdi: Rigoletto,117800,spotify:track:4TET2g3xkiIqmxrkFLXl2b
2020-08-24T21:46:15Z,7gvrntH4fFWZWKwpPLWjgw,Mambo No. 8,1ZKhPkCXXgtiGgALn4OYtT,Pérez Prado,5ziv918FePQggsqRgyxOQb,Mambo,165893,spotify:track:7gvrntH4fFWZWKwpPLWjgw
2020-08-23T19:28:41Z,1ljztZC52YENxjzhYo84gM,Land of Anaka,4JzBPiRKBOG8U0jef4M60l,Geoffrey Oryema,3wDdQn9tgxEIjjo1pnc7X7,Exile (Real World Gold),321960,spotify:track:1ljztZC52YENxjzhYo84gM
2020-08-23T19:22:43Z,2F9aMslwYQurvgv7DGS7S5,Makambo,4JzBPiRKBOG8U0jef4M60l,Geoffrey Oryema,3wDdQn9tgxEIjjo1pnc7X7,Exile (Real World Gold),300306,spotify:track:2F9aMslwYQurvgv7DGS7S5
2020-08-16T14:24:25Z,1NeQzAqahRYI09bgLbhVFN,Melancholy Man,5BcZ22XONcRoLhTbZRuME1,The Moody Blues,1TOvW3icPZmigoT9CrRav5,A Question Of Balance,345346,spotify:track:1NeQzAqahRYI09bgLbhVFN
2020-08-14T23:44:34Z,4sGTEtCCf43jR5QtvYY2Yf,La Revedere,"16LvTqpD4wlfFb4EBcW0x3, 2vMBszTQ5H66LhDEM3mSvl","[dunkelbunt], Amsterdam Klezmer Band",5yOdpBaqNL30wYZNaAa9bI,Morgenlandfahrt,256546,spotify:track:4sGTEtCCf43jR5QtvYY2Yf
2020-08-12T16:08:13Z,4tDxzEihMZKy94NeTmlfHK,Mulemba Xangola,0I6bdBR4Q7uoc3HI1OgI8C,Bonga,2jWShPWEYbr3V9A9sSxvAl,Mulemba Xangola,320386,spotify:track:4tDxzEihMZKy94NeTmlfHK
2020-08-12T13:33:28Z,3SVAN3BRByDmHOhKyIDxfC,Karma Police,4Z8W4fKeB5YxbusRsdQVPb,Radiohead,7dxKtc08dYeRVHt3p9CZJn,OK Computer,264066,spotify:track:3SVAN3BRByDmHOhKyIDxfC
2020-08-12T13:33:26Z,4bEb3KE4mSKlTFjtWJQBqO,Don't Stop - 2004 Remaster,08GQAI4eElDnROBrJRGE0X,Fleetwood Mac,1bt6q2SruMsBtcerNVtpZB,Rumours,193346,spotify:track:4bEb3KE4mSKlTFjtWJQBqO
2020-08-12T13:33:24Z,5Tiu2zeDEoTBauE5EixBeu,"Africa, Op. 89","436sYg6CZhNefQJogaXeK0, 2uLLmndNOXyB4XqMH3auYK, 7vkBnXHIvNilYcrqt9RJLD, 5UHZvYJA0aPcJSLYkYAeps","Camille Saint-Saëns, Louis Lortie, Bergen Philharmonic Orchestra, Neeme Järvi",3hBwJTfwMkVyX7CKMZKSfr,"Saint-Saëns: Cello Concertos, Le carnaval des animaux, Africa & Wedding Cake",598160,spotify:track:5Tiu2zeDEoTBauE5EixBeu
2020-08-12T13:32:51Z,6r20M5DWYdIoCDmDViBxuz,You Got It,0JDkhL4rjiPNEp92jAgJnS,Roy Orbison,1UPcuqLY9PC99fQAqWgrSU,Mystery Girl,210266,spotify:track:6r20M5DWYdIoCDmDViBxuz
2020-08-12T13:32:50Z,7HrzErXq3TsKOY1gmdIShB,The River,3eqjTLE0HfPfh78zjh6TqT,Bruce Springsteen,6YNIEeDWqC09YIWzhoSVLg,The River,299366,spotify:track:7HrzErXq3TsKOY1gmdIShB
2020-08-12T13:32:50Z,0IWtEFQBwRHaMXZQtGEVcM,Wonderful Life,0KmvHxNnawB6P5yqdWktCW,Black,6xdiJ1Fexr0r7A9Wb1FHdJ,Wonderful Life,287933,spotify:track:0IWtEFQBwRHaMXZQtGEVcM
2020-08-12T13:32:49Z,2O1mWcHL30SxpFVpyNi4De,Don't Make Me Wait (with Shaggy),"0Ty63ceoRnnJKVEYP0VQpk, 5EvFsr3kj42KNv97ZEnqij","Sting, Shaggy",1CoVw7saic0ozYSDTeQ26l,44/876 (Deluxe),215053,spotify:track:2O1mWcHL30SxpFVpyNi4De
2020-08-12T13:32:49Z,5wVylZHmBid99XzEsz8Fk7,Englishman In New York,0Ty63ceoRnnJKVEYP0VQpk,Sting,4ecNI9MO1rG2p5Q9xUxQ4X,Nothing Like The Sun,266960,spotify:track:5wVylZHmBid99XzEsz8Fk7
2020-08-12T13:32:49Z,38llcrfX1arUqrEe0DRRzW,I Got a Name - Stereo Version,1R6Hx1tJ2VOUyodEpC12xM,Jim Croce,4ieaeNOAdq6VoYQrY0hkhq,I Got a Name,194493,spotify:track:38llcrfX1arUqrEe0DRRzW
2020-08-12T13:32:47Z,1Lq5ApqhIWUXzlryFX2K6J,Davide (feat. Coez),"4upwdFMlZBmQ68jP9jPzjK, 5dXlc7MnpaTeUIsHLVe3n4","Gemitaiz, Coez",74H59wB5WUQJrF5d9bqxn8,Davide,206211,spotify:track:1Lq5ApqhIWUXzlryFX2K6J
2020-08-12T13:32:45Z,67oyFnjJnn78fZP9KjeZx0,Goodbye Stranger - Remastered 2010,3JsMj0DEzyWc0VDlHuy9Bx,Supertramp,1zcm3UvHNHpseYOUfd0pna,Breakfast In America (Deluxe Edition),350573,spotify:track:67oyFnjJnn78fZP9KjeZx0
2020-08-12T13:32:45Z,5OBptQtIlGOG94la7qil6c,Firth Of Fifth - Remastered 2008,3CkvROUTQ6nRi9yQOcsB50,Genesis,2tSRe2rkdJvZWMOIZpu6lk,Selling England By The Pound,574840,spotify:track:5OBptQtIlGOG94la7qil6c
2020-08-12T13:32:44Z,2zvot9pY2FNl1E94kc4K8M,Rocket Man (I Think It's Going To Be A Long Long Time),3PhoLpVuITZKcymswpck5b,Elton John,46g6b33tbttcPtzbwzBoG6,Honky Chateau (Remastered),281613,spotify:track:2zvot9pY2FNl1E94kc4K8M
2020-08-12T13:32:43Z,0pQskrTITgmCMyr85tb9qq,Starman - 2012 Remaster,0oSGxfWSnnOXhD2fKuz2Gy,David Bowie,48D1hRORqJq52qsnUYZX56,The Rise and Fall of Ziggy Stardust and the Spiders from Mars (2012 Remaster),254293,spotify:track:0pQskrTITgmCMyr85tb9qq
2020-08-12T13:31:14Z,5uYZdzzxy7q3svSWbTysqR,Dos Gardenias,11kBu957KTYoAltZHDm8gW,Buena Vista Social Club,60hMCjSH2qfKZWwRfApvZF,Buena Vista Social Club,184026,spotify:track:5uYZdzzxy7q3svSWbTysqR
2020-08-11T11:44:42Z,1lOVilzLQuYY2fnFrQ76DK,"Waltz in C-sharp minor, Op. 64 No. 2","7y97mc3bZRFXzT2szRM4L4, 0bouHpX4JiuPnIfP2jFxRi","Frédéric Chopin, Khatia Buniatishvili",263G1hP6jKqrziAfQUxjFx,Chopin: Works for Piano,203796,spotify:track:1lOVilzLQuYY2fnFrQ76DK
2020-08-11T11:25:49Z,75w6tkmyGfzuhK5caXRXdK,"Piano Concerto No. 5 in E-Flat Major, Op. 73 ""Emperor"": II. Adagio un poco mosso","2wOqMjp9TyABvtHdOSOTUS, 13dkPjqmbcchm8cXjEJQeP, 52sDxFX9DvIxUupTy8f1yx, 189I14HgoKkmB02CoEN2po","Ludwig van Beethoven, Glenn Gould, Leopold Stokowski, American Symphony Orchestra",7GKTIg5SwBeIB9uAqIzgfQ,Beethoven: The 5 Piano Concertos,561813,spotify:track:75w6tkmyGfzuhK5caXRXdK
2020-08-08T23:42:10Z,5mlZdOmPEg1neBPINFcAOi,"Nutrocker - Live At Newcastle City Hall, 1971",0nCiidE5GgDrc5kWN3NZgZ,"Emerson, Lake & Palmer",3uYhG442MU4ca3ZsovlGVh,The Best of Emerson Lake & Palmer,248759,spotify:track:5mlZdOmPEg1neBPINFcAOi
2020-08-08T16:29:25Z,6X184uZotHv7RLogv2HJiu,Hoedown,0nCiidE5GgDrc5kWN3NZgZ,"Emerson, Lake & Palmer",3e1v1FRXwUfz7wmQKL0bpW,Trilogy,227120,spotify:track:6X184uZotHv7RLogv2HJiu
2020-08-07T15:05:48Z,0OCl0FmZgBKdaYKZkzpOQD,Colours,"7D67zF9RCypjeEGvnZLKGo, 6RuS4udHwx3C9ysk4KXtNw, 3o6lq0SLgILHWwI4dTwsfo","ADAM at, jizue, Schroeder-Headz",4jnbnG2ci62OFN3au6ZCMS,Colours - Victor Jazz Nation,290533,spotify:track:0OCl0FmZgBKdaYKZkzpOQD
2020-08-05T00:53:24Z,2NLdUY8QqltK9gNevTFfaV,Ha Po Zamani - Stereo Version,18RkLKfeoUgZflWv9os25W,Miriam Makeba,1y0oTN8oxJPyY06ypQBDFv,Pata Pata,175859,spotify:track:2NLdUY8QqltK9gNevTFfaV
2020-08-05T00:42:50Z,2Bka2cyL3FycffLHsukAwG,Saduva - Mono Version,18RkLKfeoUgZflWv9os25W,Miriam Makeba,1y0oTN8oxJPyY06ypQBDFv,Pata Pata,221484,spotify:track:2Bka2cyL3FycffLHsukAwG
2020-08-04T23:06:38Z,2ybLFWmYf0z0WK6dpvzbwM,Tico Tico,"1dJK5mJIA9ABSRKgYOXYDv, 23OFuPJgFz1jGnHFW4WBiM","Zequinha De Abreu, German Brass",3pCsqga31zbNqADQccm1Pm,Brass Hommage,159906,spotify:track:2ybLFWmYf0z0WK6dpvzbwM
2020-07-24T13:47:12Z,5JeSROz1SnWnAFaVYlFV2E,Hyperballad,7sEmXHrnEnX7PScoJAvSvo,fox capture plan,2TPShejxFho1CaiuwjulUC,COVERMIND,345600,spotify:track:5JeSROz1SnWnAFaVYlFV2E
2020-07-24T13:19:35Z,4zJiFVGUww5WVHLvK6jLkC,Paranoid Android,7sEmXHrnEnX7PScoJAvSvo,fox capture plan,2TPShejxFho1CaiuwjulUC,COVERMIND,390493,spotify:track:4zJiFVGUww5WVHLvK6jLkC
2020-07-24T12:24:54Z,59YM2VS3YCaxjlna0n8MTp,Supersonic,7sEmXHrnEnX7PScoJAvSvo,fox capture plan,14bAA1BAUwfw6N2bFvtP4x,Butterfly,209200,spotify:track:59YM2VS3YCaxjlna0n8MTp
2020-07-22T19:11:26Z,5Za7tal2AGNSNxN4W15AgV,The Gypsy Baron: Overture,"5goS0v24Fc1ydjCKQRwtjM, 74WJq6SsdDOrLkMwyJJAdN, 1g37QvdtwkYKJUtIKDBBAR","Johann Strauss II, Klaus Arp, SWR Symphony Orchestra",58npRHSBn5Akvxun4Fl6ci,Strauss II Top 10,471000,spotify:track:5Za7tal2AGNSNxN4W15AgV
2020-07-21T13:36:55Z,3jNGLTOcA4a34rZD2y392C,Bourée,6w6z8m4WXX7Tub4Rb6Lu7R,Jethro Tull,6ldHzgzoAgWgs2yNYJpZzo,"Repeat - The Best of Jethro Tull, Vol. II",226506,spotify:track:3jNGLTOcA4a34rZD2y392C
2020-07-21T13:33:16Z,68XWgDvehwnYLyo19lB7P0,Peaches En Regalia,6ra4GIOgCZQZMOaUECftGN,Frank Zappa,4Qjd3K1HhL1N2ee1V22Icw,ZAPPAtite - Frank Zappa's Tastiest Tracks,218893,spotify:track:68XWgDvehwnYLyo19lB7P0
2020-07-20T21:22:58Z,4vwJX9lbOptwFowOnIO6Bh,Lion-Tech,"2AasvmwafZPTgQANaoLoQY, 2NTtIgPZyELENThAeqfvR6","Mandragora, Henrique Camacho",3XFlDjwqLtbWMDHqSGPKeO,Lion-Tech,331830,spotify:track:4vwJX9lbOptwFowOnIO6Bh
2020-07-18T18:45:23Z,0bYkU27BwhhKsTxmvqWUDo,Habana del Este,5cvnQ2gtwZraxeE99Y8aOg,Afro-Cuban All Stars,3mjwCWLCCtHiEv0Ttek5zT,A Toda Cuba Le Gusta,397760,spotify:track:0bYkU27BwhhKsTxmvqWUDo
2020-07-17T09:50:13Z,1jofpsGm64o7uKzO528g2l,hitorinouta,6RuS4udHwx3C9ysk4KXtNw,jizue,7LGoi6clCEj3lnUrkvpm5a,novel,340720,spotify:track:1jofpsGm64o7uKzO528g2l
2020-07-16T15:33:39Z,6Fzf645aXESV7Cb9ARLCIT,Turkish Greensleeves (feat. Turkish String Collective) [Remastered],"6GUPR8j10gupeAmKJYgP3I, 0God6OIJubmLBEEIS7oNDj","Sultans Of String, Turkish String Collective",7wIV8QYMlYwr39CSqDmLWE,10 (Remastered),269257,spotify:track:6Fzf645aXESV7Cb9ARLCIT
2020-07-16T14:42:04Z,4teVrnQZH0AXI8f7CGPz7P,Haven,3rHFONRGCsTJrUDUYtem7P,Trio Dhoore,189Z8uFHJGLT9eL2bGUb9x,August,259626,spotify:track:4teVrnQZH0AXI8f7CGPz7P
2020-07-13T13:29:23Z,7dHowm9WlK1gOuEuM0bd7m,Azawade,"4NXdiYnTn0W2hblJ1WphGh, 5EBnQEKoaiAk37Q7cfGrE1, 4PmxbsWP1u0TnvqcrIA9ze","The Touré-Raichel Collective, Idan Raichel, Vieux Farka Touré",0GIm6JcC0la7IZ7SAU8XjH,The Tel Aviv Session,492320,spotify:track:7dHowm9WlK1gOuEuM0bd7m
2020-07-12T18:22:11Z,4esxro8J1rbsalCPb0yrgC,Feel First Life,7yxi31szvlbwvKq9dYOmFI,Jon Hopkins,1nvzBC1M3dlCMIxfUCBhlO,Singularity,333400,spotify:track:4esxro8J1rbsalCPb0yrgC
2020-07-12T12:53:26Z,7KT7nrVaTMigaeBQnjbOyf,Makambo,4JzBPiRKBOG8U0jef4M60l,Geoffrey Oryema,11AxOh3IlyZxtsNcfxg2pU,Exile (Real World Gold),300306,spotify:track:7KT7nrVaTMigaeBQnjbOyf
2020-07-12T12:40:41Z,53AU0RJlfFTofiu0uZZSIf,Je pense à toi,3KH7WsR2JZQ94Ik8SyabU6,Amadou & Mariam,3YkgbENywpHkRQlzT2y3aR,Sou Ni Tile,316880,spotify:track:53AU0RJlfFTofiu0uZZSIf
2020-07-11T16:38:31Z,3wrC8wQaOqkAcrJniDyt7Q,"Serenade for Strings in E Major, Op. 22, B. 52: IV. Larghetto","6n7nd5iceYpXVwcx8VPpxF, 7hrleJxjf4KJbeiQirb6BL, 3X4vtZfo29CzvenatIDhf1","Antonín Dvořák, Prague Chamber Orchestra, Petr Skvor",41RV3g6Fjyzfe31bEXtMNT,"Dvořák: Serenade for Strings, Czech Suite",344466,spotify:track:3wrC8wQaOqkAcrJniDyt7Q
2020-07-11T16:28:28Z,618VuXm4PWPnZxMmpzFcja,"Serenade for Strings in E Major, Op. 22, B. 52: III. Scherzo. Vivace","6n7nd5iceYpXVwcx8VPpxF, 7hrleJxjf4KJbeiQirb6BL, 3X4vtZfo29CzvenatIDhf1","Antonín Dvořák, Prague Chamber Orchestra, Petr Skvor",41RV3g6Fjyzfe31bEXtMNT,"Dvořák: Serenade for Strings, Czech Suite",357866,spotify:track:618VuXm4PWPnZxMmpzFcja
2020-07-11T09:36:34Z,4xBQ0WoND9v2bhhNUejsjp,Les deux guitares,0JGs71yEhFCKHhVOul0ANI,Opa Tsupa,4ZmBFEMw5tSltG6tzmy9lf,Inédits,343362,spotify:track:4xBQ0WoND9v2bhhNUejsjp
2020-07-10T20:04:18Z,7csAqjPSaxWNAXfd321ajh,Emerald Rush - Edit,7yxi31szvlbwvKq9dYOmFI,Jon Hopkins,1nvzBC1M3dlCMIxfUCBhlO,Singularity,202226,spotify:track:7csAqjPSaxWNAXfd321ajh
2020-07-10T20:04:10Z,4oZ2Xkline6CvRDebjbi8Q,Singularity,7yxi31szvlbwvKq9dYOmFI,Jon Hopkins,1nvzBC1M3dlCMIxfUCBhlO,Singularity,389200,spotify:track:4oZ2Xkline6CvRDebjbi8Q
2020-07-08T18:17:23Z,1EuFHPoVGfyfEZBaYExK7v,Bird's Lament,7HvQfRNJCvPXTVirKKB0Nn,Moondog,4A9NpSjSaA2cJss3ksEFVE,Sax Pax For A Sax,123893,spotify:track:1EuFHPoVGfyfEZBaYExK7v
2020-07-03T16:45:45Z,30BLar1P1cqreS333uErfF,Je cherche après Titine - Les yeux noirs,0JGs71yEhFCKHhVOul0ANI,Opa Tsupa,4ZmBFEMw5tSltG6tzmy9lf,Inédits,324230,spotify:track:30BLar1P1cqreS333uErfF
2020-07-02T23:22:25Z,6bYEmK82myFFZjX76AYLQI,the belll,"6LtwY43IVeNpnireOVay0H, 5nEfrmSzTJTnPKfiWTzqF8, 1VMHXqLWO7RFfipfzCBo6U, 1UUtAIL4wczhYJpz1ETPV4","the olllam, John McSherry, Michael Shimmin, Tyler Duncan",5HCvxUHZAvED2OaPk9yvTc,the olllam,407986,spotify:track:6bYEmK82myFFZjX76AYLQI
2020-07-01T18:29:10Z,60WxaaGabzMNP3DDEp8jll,the devilll for my hurt,"6LtwY43IVeNpnireOVay0H, 5nEfrmSzTJTnPKfiWTzqF8, 1VMHXqLWO7RFfipfzCBo6U, 1UUtAIL4wczhYJpz1ETPV4","the olllam, John McSherry, Michael Shimmin, Tyler Duncan",5HCvxUHZAvED2OaPk9yvTc,the olllam,369200,spotify:track:60WxaaGabzMNP3DDEp8jll
2020-06-30T06:08:58Z,0kV3KJqbjbv8c2ULzX0LNo,"Perpetuum Mobile, Op. 257","5goS0v24Fc1ydjCKQRwtjM, 4mTsYPhz1T8Oh3o1L0hQVm, 058Y9LnHNkJEnH36W12Bwl","Johann Strauss II, Carl Michalski, Vienna Volksoper Orchestra",0Fq8c0smMoupgfhgLpicBt,"Great Strauss Waltzes, Polkas & Marches: Carl Michalski & The Viennese Folk Opera Orchestra",178626,spotify:track:0kV3KJqbjbv8c2ULzX0LNo
2020-06-29T14:57:03Z,1QEEqeFIZktqIpPI4jSVSF,More Than a Feeling,29kkCKKGXheHuoO829FxWK,Boston,2QLp07RO6anZHmtcKTEvSC,Boston,285133,spotify:track:1QEEqeFIZktqIpPI4jSVSF
2020-06-28T14:40:24Z,6FaknRUt5bJ2qF6oX4nnBo,Slicin' Sand,43ZHCT0cAZBISjO8DG9PnE,Elvis Presley,7xe8VI48TxUpU1IIo0RfGi,Blue Hawaii,97265,spotify:track:6FaknRUt5bJ2qF6oX4nnBo
2020-06-26T22:44:17Z,4x79863wyp2dhJOiZYKPZN,The Pure and the Damned,"2wPDbhaGXCqROrVmwDdCrK, 33EUXrFKGjpUSGacqEHhU4","Oneohtrix Point Never, Iggy Pop",4VlxoACFXldjZzS0gERQ65,Good Time Original Motion Picture Soundtrack,269461,spotify:track:4x79863wyp2dhJOiZYKPZN
2020-06-25T12:43:10Z,0gcFQ0EBITxEyIoghBoWC2,Habana Del Este,5cvnQ2gtwZraxeE99Y8aOg,Afro-Cuban All Stars,0rRl0T3bOxEI72TSRfeFmq,A Toda Cuba Le Gusta,399373,spotify:track:0gcFQ0EBITxEyIoghBoWC2
2020-06-23T18:47:37Z,2by2FnmRxYWrbG76oZC1iX,Spunta La Luna Dal Monte - Disamparados,"2FG36mpWS2kd7fHSIrgQZy, 3iET9n0KDfyrTBmCFGZjnS","Pierangelo Bertoli, Tazenda",2soQx0uFu0IkpGnFr3cnBQ,Una Voce Tra Due Fuochi,237600,spotify:track:2by2FnmRxYWrbG76oZC1iX
2020-06-22T08:39:13Z,3QcuZo6WLcFkqqLmDs0d95,Doctor My Eyes,5lkiCO9UQ8B23dZ1o0UV4m,Jackson Browne,0n93YRc9GP3ZgREgTHvP5u,Jackson Browne (Saturate Before Using),199906,spotify:track:3QcuZo6WLcFkqqLmDs0d95
2020-06-21T16:07:33Z,4pSbdUWj7FrZRjgxQOISIL,Story 2,5HJ2kX5UTwN4Ns8fB5Rn1I,clipping.,0nzammMx8yd48selZLWfUx,CLPPNG,132050,spotify:track:4pSbdUWj7FrZRjgxQOISIL
2020-06-20T13:07:12Z,7aSOPXHgQLSKRf5G7qvK52,Break the spell,7whUoQAv5bVu2Cv4ZmgTyw,Akeboshi,5pkpUJBrcRKpjgQxb7pfsH,After the rain clouds go,246546,spotify:track:7aSOPXHgQLSKRf5G7qvK52
2020-06-18T08:42:47Z,7IsXXgpowAB48crGjV1oGb,"Don't Think Twice, It's All Right",6yrBBtqX2gKCHCrZOYBDrB,"Peter, Paul and Mary",5XresJcJBgYkVQE9PATjli,In the Wind,196466,spotify:track:7IsXXgpowAB48crGjV1oGb
2020-06-16T12:26:13Z,61F7oo474BpTRn23sulV1Y,Yağmur Yağar,"3PTfq1DY4qdmJaIySsHinw, 3gG5LOAToQ5LRQ0RhsvVdZ","Barcelona Gipsy Klezmer Orchestra, Nihan Devecioglu",7tGcRI7zm5EB2NKR9JkDyI,Balkan Reunion,344243,spotify:track:61F7oo474BpTRn23sulV1Y
2020-06-15T11:33:10Z,22pfjONZmoqKlr9Z0XE22W,As I Recall It,6vLlQYujOujIrm7zAKzEdG,Donovan,22fHNsb3nrjDdPoKF7kdPz,The Hurdy Gurdy Man,126093,spotify:track:22pfjONZmoqKlr9Z0XE22W
2020-06-14T15:39:08Z,7eYYxblNEZKKeTT0HBQbXO,Kozmic Blues,4NgfOZCL9Ml67xzM0xzIvC,Janis Joplin,5rFRfDq52l2l5RtS5kxA9A,I Got Dem Ol' Kozmic Blues Again Mama!,260534,spotify:track:7eYYxblNEZKKeTT0HBQbXO
2020-06-14T15:26:45Z,1CsMuJeMzRqNgS7G0fo1Gv,How to Fight Loneliness,2QoU3awHVdcHS8LrZEKvSM,Wilco,1JpaFJzzcsiulO6MdIcQdK,Summerteeth,232026,spotify:track:1CsMuJeMzRqNgS7G0fo1Gv
2020-06-12T15:38:31Z,5bSSkaqVo0qsOmtYOcPpp3,We Used to Know,6w6z8m4WXX7Tub4Rb6Lu7R,Jethro Tull,7kHvpj74cgrJuJ2K6E0mUm,Stand Up,243373,spotify:track:5bSSkaqVo0qsOmtYOcPpp3
2020-06-09T17:16:12Z,5UScm8LHVesJyKVOPKGK3g,Dance of Joy,3PTfq1DY4qdmJaIySsHinw,Barcelona Gipsy Klezmer Orchestra,19MmbEcj7NqppcIlQaaS32,Imbarca,241746,spotify:track:5UScm8LHVesJyKVOPKGK3g
2020-06-09T17:11:04Z,3N0fMaAUyvYb7QDLDNVJ80,"Borino Oro - BOF ""Le temps des gitans""",491v9k5NTGBGanwqPNSkuS,Goran Bregović,78cBVyZrfpFWJCkEw1y3XF,Le Temps Des Gitans & Kuduz,232613,spotify:track:3N0fMaAUyvYb7QDLDNVJ80
2020-06-08T14:04:05Z,2VrJMuLt2m9HbifGrKWHqk,New Born,12Chz98pHFMPJEknJQMWvI,Muse,1Dh27pjT3IEdiRG9Se5uQn,Origin of Symmetry,363266,spotify:track:2VrJMuLt2m9HbifGrKWHqk
2020-06-06T17:13:22Z,0VZEHM4h252BGh5P0N7MS5,"Overture - From ""Whiplash""",2snm3HmsnDUDxbIChdl2Oj,Justin Hurwitz,7bsistH3CCaUMqHCjNFpZT,Whiplash (Original Motion Picture Soundtrack),199388,spotify:track:0VZEHM4h252BGh5P0N7MS5
2020-06-06T17:07:32Z,2VUo8O3ymKRYNgj97ZG2kM,Unsquare Dance,4iRZAbYvBqnxrbs6K25aJ7,The Dave Brubeck Quartet,0eMXd1VtCXCkuGWn9JjRDT,Time Further Out,119866,spotify:track:2VUo8O3ymKRYNgj97ZG2kM
2020-06-06T13:53:02Z,4yQTsewlyrRrHq2EW6pjsg,And It's Alright - Nils Frahm Remix,"3haVJx9TUcufYl1rPyH0iv, 5gqhueRUZEa7VDnQt4HODp","Peter Broderick, Nils Frahm",77oFsOpnRksjnaaHR99vuY,Late Night Tales: Jon Hopkins,274343,spotify:track:4yQTsewlyrRrHq2EW6pjsg
2020-06-06T00:00:23Z,5xbuJuQsTVheVZvX2AJVIv,Spring 1 - 2012,"2VZNmg4vCnew4Pavo8zDdW, 59r5UU2HOytn9V5uMZ5Vur, 19z3Is8jPDFmLphrQ2w2Du, 1pNP4idjNnhPXDLi0Jz12R","Max Richter, Daniel Hope, Konzerthaus Kammerorchester Berlin, Andre de Ridder",5yuG2LEkf7QA9ZGIXldCmy,"Recomposed By Max Richter: Vivaldi, The Four Seasons",151506,spotify:track:5xbuJuQsTVheVZvX2AJVIv
2020-06-05T23:48:18Z,5626KdflSKfeDK7RJQfSrE,Says,5gqhueRUZEa7VDnQt4HODp,Nils Frahm,0DFbQjp468sMiIMTrZdr5w,Spaces,498000,spotify:track:5626KdflSKfeDK7RJQfSrE
2020-06-05T23:04:37Z,1QUiA9aecDOOnf32A9ZrtW,Untitled #3 - Samskeyti,6UUrUCIZtQeOf8tC0WuzRy,Sigur Rós,3FR8CV7OSyZDnxneavnh8t,( ),393426,spotify:track:1QUiA9aecDOOnf32A9ZrtW
2020-06-03T16:25:14Z,0ViOmhqlSffxMthOEOWZvN,"Mi basta udire voci lontane per sentirmi a casa ovunque,",0GLNkaDvRpNqcvEgUXPLDt,Uochi Toki,6tehkRD1kB6TQOIpNY5jN7,Cuore amore errore disintegrazione,239533,spotify:track:0ViOmhqlSffxMthOEOWZvN
2020-06-01T17:31:27Z,1m3TEdgHTOfqJbPe8BP70v,Sea Tune,1C4qzAoWeKRKYqm26fKvWq,Elephant Sessions,7xKfwAqT8Pv61xzUAsqMG1,The Elusive Highland Beauty,286000,spotify:track:1m3TEdgHTOfqJbPe8BP70v
2020-06-01T16:27:43Z,1NMYxZgo5IQgFgOcZdwZ9E,夜間航路,7sEmXHrnEnX7PScoJAvSvo,fox capture plan,3eVXYgkVvKzDxDneRzThLL,夜間航路,243333,spotify:track:1NMYxZgo5IQgFgOcZdwZ9E
2020-06-01T15:46:22Z,0YZ3J8xzGwLOg4yEgST1YK,With A Little Help From My Friends,3pFCERyEiP5xeN2EsPXhjI,Joe Cocker,74sIm8QdXqFwYeDS7OfYVw,With A Little Help From My Friends,312173,spotify:track:0YZ3J8xzGwLOg4yEgST1YK
2020-06-01T15:34:44Z,4kVgsCz7v8GWtjsxq7qhWI,No Alibis,6PAt558ZEZl0DmdXlnjMgD,Eric Clapton,1tJctCfk9OYvRbBKu3bI5L,Journeyman,338840,spotify:track:4kVgsCz7v8GWtjsxq7qhWI
2020-06-01T14:01:45Z,7DiaNCPgH5dJ1cJ925jTAA,Let It Rain,6PAt558ZEZl0DmdXlnjMgD,Eric Clapton,7nAtrGNUxCNwx9R1Q5PTdh,Eric Clapton,301266,spotify:track:7DiaNCPgH5dJ1cJ925jTAA
2020-06-01T13:40:16Z,612VcBshQcy4mpB2utGc3H,"Tears in Heaven - Acoustic; Live at MTV Unplugged, Bray Film Studios, Windsor, England, UK, 1/16/1992; 2013 Remaster",6PAt558ZEZl0DmdXlnjMgD,Eric Clapton,3ebyEGol0Abc7VAxYf7vEg,Unplugged (Deluxe Edition),280000,spotify:track:612VcBshQcy4mpB2utGc3H
2020-05-30T16:09:03Z,6gfKHUGFBRiGe3bqmnOqFR,The Girl From Ipanema,"0FMucZsEnCxs5pqBjHjIc8, 77ZUbcdoU5KCPHNUl8bgQy, 5rX2c1zow6hCph8PnnU3kF","Stan Getz, João Gilberto, Astrud Gilberto",3JvFflPIx7bB6lJ4qId2Er,Getz / Gilberto,324600,spotify:track:6gfKHUGFBRiGe3bqmnOqFR
2020-05-29T13:51:16Z,1K3LOinFiIOTmFNmX3XJ3Y,Africain à Paris,3RhKSqhIE9U22yFEobw68e,Tiken Jah Fakoly,3uPdbl5It4snYAz6JHDTIX,L'Africain,233026,spotify:track:1K3LOinFiIOTmFNmX3XJ3Y
2020-05-27T17:10:26Z,27Jjeoi0oE5azrW53sHSSZ,Land Of Anaka,4JzBPiRKBOG8U0jef4M60l,Geoffrey Oryema,1mwORxvUAP1jX9Cd9K0kaH,Exile (Real World Gold),321960,spotify:track:27Jjeoi0oE5azrW53sHSSZ
2020-05-26T17:56:47Z,32e2HfZO0uA3o2OtsunEyR,Fool's Gold,3IbqRfvnvj5C22pHD38KXI,Lhasa De Sela,3sQmnzinwjBm9aXlW28imE,Lhasa,181546,spotify:track:32e2HfZO0uA3o2OtsunEyR
2020-05-25T15:01:54Z,2JmwgZj0rnbWYgxEVC87xn,Wing And A Prayer,"4uFOECgcoe2GYr70DyIFXn, 6cVKS10gjquJQsSUT9FYiG, 3Uz6jx81OY2J5K8Z4wmy2P","Andrew Latimer, Peter Bardens, Camel",4pFH2hiWMaT4X5pXZCygOq,Breathless,281400,spotify:track:2JmwgZj0rnbWYgxEVC87xn
2020-05-25T14:50:51Z,1uARaLO7OvsUn5iZfiaBn1,Echoes,"4uFOECgcoe2GYr70DyIFXn, 16VxmcQWkH232SvEskjQ9h, 6cVKS10gjquJQsSUT9FYiG, 3Uz6jx81OY2J5K8Z4wmy2P","Andrew Latimer, Andy Ward, Peter Bardens, Camel",4pFH2hiWMaT4X5pXZCygOq,Breathless,437600,spotify:track:1uARaLO7OvsUn5iZfiaBn1
2020-05-25T11:08:31Z,1fcgM5wcrTpuHSFRQ0CDOT,Besame Mucho,0Nks3cFWU2a7rooAlFQYgn,Cesária Evora,3SbEDImuuPf1lTi1rol50e,Best Of,295453,spotify:track:1fcgM5wcrTpuHSFRQ0CDOT
2020-05-24T18:40:45Z,7FHDu2iGjbFNF8UjnJYbO2,"It Don't Mean A Thing (If It Ain't Got That Swing) - Live At Cote D'Azur, France, 7/29/1966","4F7Q5NV6h5TSwCainz8S5A, 5V0MlUE1Bft0mbLlND7FJz","Duke Ellington, Ella Fitzgerald",50osvo6yNQhurZow9U1QoZ,Ella & Duke At The Cote d'Azur,436426,spotify:track:7FHDu2iGjbFNF8UjnJYbO2
2020-05-24T17:49:18Z,0xZlk9LU0mS1ACYOupmpVp,"Gee, Baby, Ain't I Good To You?","5V0MlUE1Bft0mbLlND7FJz, 19eLuQmk9aCobbVDHc6eek","Ella Fitzgerald, Louis Armstrong",4zWqQOob980K9drUrUGM8M,Ella And Louis Again,251800,spotify:track:0xZlk9LU0mS1ACYOupmpVp
2020-05-24T11:51:43Z,6X7wYoTfAphkmm2UKLddOC,Adelita,5JYtpnUKxAzXfHEYpOeeit,Jorge Ben Jor,3BnyTufnkSjPhllw6xIw3U,Salve Simpatia,253733,spotify:track:6X7wYoTfAphkmm2UKLddOC
2020-05-24T11:51:04Z,35vuOuCzgXi81EoOWA3MNQ,Cri Criola,7s6K4YGtN6umad2vEORNM4,Bebeto,0AEWf6vIPWM8OC0K1XPzPb,Guerreiro,181822,spotify:track:35vuOuCzgXi81EoOWA3MNQ
2020-05-20T16:13:36Z,46mqucT3ujlqLZxp4JQF45,Hounds,1Kg1YjzCpCLXwhWvBSP0v2,Treacherous Orchestra,3hD3LHLF41DgPvOC669I3l,Grind,318680,spotify:track:46mqucT3ujlqLZxp4JQF45
2020-05-17T09:36:18Z,3PPrjduHPXPVE7SeAqokwC,Darijeva Igra,2suk8ww56JJzdqpKl8lnZv,Slonovski Bal,6or8TaqrlbKCM5SLuUlOI9,Džumbus,222253,spotify:track:3PPrjduHPXPVE7SeAqokwC
2020-05-16T08:49:27Z,3xZix2MZoZZPp1KywUdr8E,Will,7MewDkQnL8tMeWEBxSWBE2,JABBERLOOP,6XXHM5EfjwsnOrMC2zUuUZ,JAZZ目線2,283773,spotify:track:3xZix2MZoZZPp1KywUdr8E
2020-05-14T21:17:44Z,6dTtt1ytDLLwPaYVXbDyXy,Pure Shade,5BRAUN0yN8557PLRZIr02W,Ezra Collective,02RrqvEv45gBBqOOtBX78p,We out Here,393546,spotify:track:6dTtt1ytDLLwPaYVXbDyXy
2020-05-14T13:05:06Z,68KCSVlbdXTeUSkJCmAiYl,Window,19f2JXwlRU26376TCKmp6L,GoGo Penguin,5NX5qSuOWrMiksseVkwVnH,A Humdrum Star (Deluxe),321394,spotify:track:68KCSVlbdXTeUSkJCmAiYl
2020-05-10T11:58:03Z,1Q5kgpp4pmyGqPwNBzkSrw,Roadhouse Blues,22WZ7M8sxp5THdruNY3gXt,The Doors,6AFLOkpJjFF652jevcSOZX,Morrison Hotel,243826,spotify:track:1Q5kgpp4pmyGqPwNBzkSrw
2020-05-08T19:56:03Z,5Ss7C8bSDZMm0pt9pXqObC,Tripical Moon,"6As8Iapr8t7LdWNBIGlTtn, 4Pgbnc1zRPquMFR4iPH3MN","Querox, Phaxe",75NajohsWxPFiyMLBS4fIJ,Tripical Moon,438055,spotify:track:5Ss7C8bSDZMm0pt9pXqObC
2020-05-08T18:58:03Z,7gsXdbcl2ndPAIj7auIGij,Snow Crystal,5H3KwpWuO5LUilDEdc0t9W,Babalos,3cdaU6K2WNqJr6gnggRLuI,Snow Crystal,322063,spotify:track:7gsXdbcl2ndPAIj7auIGij
2020-05-08T18:47:07Z,1JTDSEyewEX9CTEcZnOcRX,Bhangra,5Nkd6PHu2lOqCnCboV3x3D,Dzp,6aYzCKqcbsLrW1PUdrc1Yq,Bhangra - Single,333913,spotify:track:1JTDSEyewEX9CTEcZnOcRX
2020-05-08T17:48:18Z,1CFpxBiLtcnBVIbnmAJCBk,Águas De Março,"3pO5VjZ4wOHCMBXOvbMISG, 0yFvXd36g5sNKYDi0Kkvl8","Antônio Carlos Jobim, Elis Regina",2iBlbJFXs5U3dY8G9UGyTB,Antonio Carlos Jobim: Finest Hour,214866,spotify:track:1CFpxBiLtcnBVIbnmAJCBk
2020-05-08T17:40:53Z,0lJyypl32aNzm3pt6Uw9o4,Charlie Brown,0LyfQWJT6nXafLPZqxe9Of,Various Artists,0RAMahXvoaruHza1EogoJi,Samba Brasil,122293,spotify:track:0lJyypl32aNzm3pt6Uw9o4
2020-05-08T17:17:05Z,6YTBfxkdGce9pLEy9jG9Jo,Mais Que Nada,6hCsqVHnBo1BVQWuIjRMkL,Sergio Mendes & Brasil '66,7sLtxMp2mLbxHermdVqYD0,Foursider,159466,spotify:track:6YTBfxkdGce9pLEy9jG9Jo
2020-05-08T11:54:36Z,03pxkQtHfizHhQqM2GA9Hm,"Fantaisie sur ""Lohengrin"" (After Wagner's WWV 75)","436sYg6CZhNefQJogaXeK0, 2TC55LQqSGmaYmjnTW5ff5","Camille Saint-Saëns, Geoffrey Burleson",3DYLK8vuvAqEb5w2tfNLNh,"Saint-Saëns: Complete Piano Works, Vol. 5",471093,spotify:track:03pxkQtHfizHhQqM2GA9Hm
2020-05-06T12:15:07Z,7aQjPecQdIuNd1sz3KCDhD,Lovefool,1tqZaCwM57UFKjWoYwMLrw,The Cardigans,56vFkneGivqQcoNQq362iZ,First Band On The Moon (Remastered),193953,spotify:track:7aQjPecQdIuNd1sz3KCDhD
2020-05-04T11:12:24Z,4h5m56ExHLPUC9NGz7U1Qa,Candy,7x5rK9BClDQ8wmCkYAGsQp,Paolo Nutini,6phMKMOoIv4CLmOH5m7Lj3,Sunny Side Up,298693,spotify:track:4h5m56ExHLPUC9NGz7U1Qa
2020-05-04T10:50:26Z,1Jmqubf9kGkWeYQXQKImL5,People Are Strange,22WZ7M8sxp5THdruNY3gXt,The Doors,6v5IVMmY1IvWtbfnQoiFSf,Strange Days,130173,spotify:track:1Jmqubf9kGkWeYQXQKImL5
2020-05-02T18:07:34Z,3JLiiA8k0Xpgjqbp8bDI0N,Whirl-Y-Reel 1,0hUnACGIFz6oHfeDIT36mp,Afro Celt Sound System,2oz95Pc12KMbjfA3CEtVAs,Vol. 1: Sound Magic (Real World Gold),441200,spotify:track:3JLiiA8k0Xpgjqbp8bDI0N
2020-05-02T13:12:23Z,3hGwUpndi1F8yEISLTJ0oH,Dervish Dream,4M6YdvdCPW1fvQYbLwmNWZ,Karunesh,2txU1Fihy0kyBEZHBYvp16,Colors of the East,354773,spotify:track:3hGwUpndi1F8yEISLTJ0oH
2020-04-30T21:12:46Z,79NlfDiRX8DpRqDrjk1p2r,Black Mallard,4a8MGNthjVGNBU6AdBQT7x,House of Waters,5w56PkX9w6N92PgW0K6xpZ,House of Waters,381667,spotify:track:79NlfDiRX8DpRqDrjk1p2r
2020-04-30T15:59:30Z,3rH94SljaUQd1KMqC0l25J,Boreal Forest,497rp5TEzJffeBnUT0BeE1,Mammal Hands,0D6EnTkqcbwzV5RWhxu4Rg,Shadow Work,307545,spotify:track:3rH94SljaUQd1KMqC0l25J
2020-04-30T13:25:04Z,6NWV8f3TVzYBEC4c4F0IRk,La Semana,4a8MGNthjVGNBU6AdBQT7x,House of Waters,5w56PkX9w6N92PgW0K6xpZ,House of Waters,387596,spotify:track:6NWV8f3TVzYBEC4c4F0IRk
2020-04-30T10:56:12Z,5lnzbc2TKnqNb3d5Cb7E21,ANAHEIM,3XKBSRkQeskeHIpRvA5XaS,toconoma,2TKWC4WpImusMrl1AmkW2t,TENT,279800,spotify:track:5lnzbc2TKnqNb3d5Cb7E21
2020-04-30T10:42:13Z,7noG1U4MrqErQ75p0IkFhA,Theme from quartet,7sEmXHrnEnX7PScoJAvSvo,fox capture plan,4esApqD9IaEZiquhp43muj,UNTITLED,217666,spotify:track:7noG1U4MrqErQ75p0IkFhA
2020-04-30T09:52:31Z,2TUvMDrnDJGdGTd8JF6ik2,In Waves,4a8MGNthjVGNBU6AdBQT7x,House of Waters,5w56PkX9w6N92PgW0K6xpZ,House of Waters,245490,spotify:track:2TUvMDrnDJGdGTd8JF6ik2
2020-04-29T15:38:09Z,0tAmZPgHUBGp9TLRmfY3zd,Search Party,1C4qzAoWeKRKYqm26fKvWq,Elephant Sessions,2uYClsymv40FZmo9WdPpP3,What Makes You,293302,spotify:track:0tAmZPgHUBGp9TLRmfY3zd
2020-04-29T13:13:36Z,15E6JrLJ1FjWCGIH5vioGb,The Long Count,1Kg1YjzCpCLXwhWvBSP0v2,Treacherous Orchestra,3hD3LHLF41DgPvOC669I3l,Grind,403973,spotify:track:15E6JrLJ1FjWCGIH5vioGb
2020-04-29T12:50:19Z,2ntxq2PElCRIeRL07tTfd2,Tyagarah,1C4qzAoWeKRKYqm26fKvWq,Elephant Sessions,2uYClsymv40FZmo9WdPpP3,What Makes You,321600,spotify:track:2ntxq2PElCRIeRL07tTfd2
2020-04-29T11:33:08Z,1yO4q19p9NyzItlACFwxq7,Fair Wind,1IJjaQNIDTU1FeZ8xGrYVO,Mec Lir,6CDFdAOlhgxAxMUINPdJO7,Not an EP,202106,spotify:track:1yO4q19p9NyzItlACFwxq7
2020-04-29T11:24:25Z,6rGZSWD3J3Rt6RimdPYNil,Wet Field Day,1C4qzAoWeKRKYqm26fKvWq,Elephant Sessions,1HnBMbNwnG7umKoIx4U77B,All We Have Is Now,294596,spotify:track:6rGZSWD3J3Rt6RimdPYNil
2020-04-29T08:16:04Z,0mzYYC4AUMvmDVx1uqwLn6,Bul ma miin,7xT0arvCDupDU1YYy0BNv9,Orchestra Baobab,53tUbOidYrXJHLwQGvPkQO,Specialist in All Styles,362813,spotify:track:0mzYYC4AUMvmDVx1uqwLn6
2020-04-28T20:59:07Z,4KGEUXG6PFnHbPbqnuwj5e,Origin of Man,5q4eLKmqFVP0xII8087PHz,The Budos Band,0aJrUFHw1b4ZxoGSMqlPJv,The Budos Band II,292880,spotify:track:4KGEUXG6PFnHbPbqnuwj5e
2020-04-28T17:34:06Z,2hRkoolB3umU4SviReUK4R,Coumba,7xT0arvCDupDU1YYy0BNv9,Orchestra Baobab,6QOun5OOEMqny6p178QLJE,Pirates Choice,462560,spotify:track:2hRkoolB3umU4SviReUK4R
2020-04-28T16:59:59Z,28t0DRDNC5y6Ld1GGUbjDl,Bounaka,6UyjYM7EYNjB07N1TIyZZn,Baka Beyond,6XzbfyJVEP8lLZQgKyos8k,Spirit Of The Forest,417000,spotify:track:28t0DRDNC5y6Ld1GGUbjDl
2020-04-28T16:53:45Z,0W0mIjJMRKPbB4fgegNlqE,Is Anything Wrong,3IbqRfvnvj5C22pHD38KXI,Lhasa De Sela,3sQmnzinwjBm9aXlW28imE,Lhasa,236813,spotify:track:0W0mIjJMRKPbB4fgegNlqE
2020-04-27T13:39:54Z,70cjQvFMIDyX2eYyhxect0,C'est bien mieux comme ça,7ChI5o5sQjrQ84tk2x6OxL,Soha,4pHe8KmDZZAkcg5mDr7Gtu,D'ici et d'ailleurs,252040,spotify:track:70cjQvFMIDyX2eYyhxect0
2020-04-27T13:38:00Z,6pug3hjSuDzdNihsPNeyVC,Malcura,7sCanc3ETQqtB9YhbWTiXh,Malcura,6WJRTBioPYY0rT3AcFQqYS,Malcura,294032,spotify:track:6pug3hjSuDzdNihsPNeyVC
2020-04-27T13:09:43Z,2pYgnjg31xFXRWm7hWa5KR,Hard Labour,4JzBPiRKBOG8U0jef4M60l,Geoffrey Oryema,27tEcFBwhscTSrDvcelvWp,Beat the Border,269160,spotify:track:2pYgnjg31xFXRWm7hWa5KR
2020-04-26T19:39:26Z,4mK6zHCZnX6EGP5KrhJVeZ,Friggin´ Polska,5A9JYD9nd5hEgqF3gJYIh4,Frigg,4HLZPUYX2v54XDeFABNgkg,Frost on Fiddles,250226,spotify:track:4mK6zHCZnX6EGP5KrhJVeZ
2020-04-26T18:26:22Z,1d0g5Ae4uSvaf4bTMxPR5h,"Symphonie fantastique, Op. 14: V. Songe d'une nuit de Sabbat (Excerpt)","11T8SOX82xraocZzUXzkvM, 0K6ufQj8JzIZPPkvZrEwJS, 3sjupE75AphhTX12fgkQv6","Hector Berlioz, Swedish Radio Symphony Orchestra, Daniel Harding",5MOLPQzAGSikHV8OjlhOCc,Berlioz: Symphonie fantastique: Rameau: Suite de Hippolyte et aricie,613133,spotify:track:1d0g5Ae4uSvaf4bTMxPR5h
2020-04-26T10:53:37Z,6IdTeV8TfNABByZ3bUEUV6,Batida diferente,6ycoXr0Ayd89vFUT6BOiWo,Herbie Mann,5LLQl89oz0vptV3tQefJv2,Latin Fever,314546,spotify:track:6IdTeV8TfNABByZ3bUEUV6
2020-04-26T10:21:32Z,3Xp9K5dWLNz57RyjgmCJWu,Chopin: Prelude In E-Minor,"7y97mc3bZRFXzT2szRM4L4, 27mRThsZ9K1BYmz0rioxwp","Frédéric Chopin, Chucho Valdés",3vM4qhrFa1661g4AF1FAJm,Fantasia Cubana: Variations On Classical Themes,270066,spotify:track:3Xp9K5dWLNz57RyjgmCJWu
2020-04-17T08:13:14Z,7cO6rxZSi7Ura92FtspKaf,The Brain Dance,65C6Unk7nhg2aCnVuAPMo8,Animals As Leaders,13jTvLPx2N9JbLOmq4yYQW,The Madness Of Many,420746,spotify:track:7cO6rxZSi7Ura92FtspKaf
2020-04-17T08:11:49Z,37jhj84PxOoOIf9aZFOjbp,Day Sixteen: Loser,2RSApl0SXcVT8Yiy4UaPSt,Ayreon,7yaoLta4YWbRsH2RuhYWAF,The Human Equation,286373,spotify:track:37jhj84PxOoOIf9aZFOjbp
2020-04-17T08:11:24Z,2WObDBPZ4UZ8yBBf1R41QL,Blackest Eyes,5NXHXK6hOCotCF8lvGM1I0,Porcupine Tree,4agUY2b2OmBcXEqykG13yA,In Absentia,263546,spotify:track:2WObDBPZ4UZ8yBBf1R41QL
2020-04-17T08:11:20Z,2sqF4zTEnETWeqln0Xs9Fj,Dorma,35g8f5IFah4OggJ9drwDfJ,Corpo-Mente,13TFD9hLg0f7pVgsnfGvlf,Corpo-Mente,322656,spotify:track:2sqF4zTEnETWeqln0Xs9Fj
2020-04-17T08:09:39Z,54dFYX1WmZFpu3Teceo5lY,Storm the Sorrow,5HA5aLY3jJV7eimXWkRBBp,Epica,6v1PVAPgppTzae7jCZPklp,Requiem for the Indifferent,312413,spotify:track:54dFYX1WmZFpu3Teceo5lY
2020-04-17T08:09:21Z,2WpmMlS6Tr01C7UNFjQI3U,Under a Violet Moon,5BnNG7QQQDTNd43ozx5y13,Blackmore's Night,7ABHTEqZ5mYVKN3yaKtVV5,Under a Violet Moon,263466,spotify:track:2WpmMlS6Tr01C7UNFjQI3U
2020-04-14T23:45:51Z,18bNa7kGbPIhQR1EeSwE8W,Game Changer,5RdEgvFMoLubrYet7DNjia,TRI4TH,75yKmLPDLWt0G9RdDlHNY6,Horns Riot,237489,spotify:track:18bNa7kGbPIhQR1EeSwE8W
2020-04-13T15:41:46Z,6OHzyU56gcwLbzrDKoncf8,Hot Punch (Instrumental),52p4G5IS6LRikjKCzQTlLq,Charmas,6B5iKbygc8jb4Q2LP1yhXz,Hot Punch (Instrumental),239745,spotify:track:6OHzyU56gcwLbzrDKoncf8
2020-04-13T15:23:01Z,39SSNi9p0O8p8HAWfBhw3Q,Numbers,1Kg1YjzCpCLXwhWvBSP0v2,Treacherous Orchestra,3hD3LHLF41DgPvOC669I3l,Grind,368160,spotify:track:39SSNi9p0O8p8HAWfBhw3Q
2020-04-10T13:43:13Z,4U6mtFg4fPVjXPQv20hj6R,Irna,0iF2gedsSjoVHRUh5vXSdu,Cirque du Soleil,0zXyORlV3shQ6M5z0WZCh2,Alegria,286466,spotify:track:4U6mtFg4fPVjXPQv20hj6R
2020-04-09T13:28:50Z,4yIsyNqGEIXi6pa9UjACXm,atom,6RuS4udHwx3C9ysk4KXtNw,jizue,15IucGiXbItEPirS25F4KV,story,250152,spotify:track:4yIsyNqGEIXi6pa9UjACXm
2020-04-09T13:21:09Z,3tgA5mQPC5YqgRJLhBOSvm,Suspicious Waveforms,4YygB8sfxuIcj2p0G9kpQ5,Thank You Scientist,4jJYAaWdl3DJsFpUWfyPNM,Maps of Non-Existent Places,393659,spotify:track:3tgA5mQPC5YqgRJLhBOSvm
2020-04-08T17:47:56Z,1gRJOkMPSNUddnnfb0g2fF,Fratres,"2P6ygesd9xg5DPOBnda2jg, 24ibCRKLtfIZcfrixiBAsm, 0F3Aew9DSd6fb6192K1K0Y","Arvo Pärt, Gidon Kremer, Keith Jarrett",3D3dLscRKfP5b9zIr0FED9,"Arvo Pärt: Tabula Rasa, Fratres, Cantus in memoriam Benjamin Britten",688413,spotify:track:1gRJOkMPSNUddnnfb0g2fF
2020-04-06T13:05:46Z,0sVDD6ByNgzxmzL2hXUX5i,"Symphony No. 2 in D Major, Op. 73: I. Allegro non troppo","5wTAi7QkpP6kp8a54lmTOq, 2J7jiJ5cdLieortTaN6yMT","Johannes Brahms, David Zinman",1kG0o56c2BBq0dKMOih9gs,Brahms: Symphonies 1-4,1236986,spotify:track:0sVDD6ByNgzxmzL2hXUX5i
2020-04-04T17:38:51Z,15adsgDvqqcdc4PFJOPfI8,Pequeña Czarda (Arr. Harle),"4tzLZC2As0artwhdjSnkho, 41OHse5xHr1E6wceODGrPB, 78bGWPXPXQrq0CLyjhMqLa, 7qMLp5pXPyRJxZDmtwFLmz, 6RRgjprtg8kRS7bCS2cNlz","Pedro Iturralde, Jess Gillam, Tippett Quartet, Andee Birkett, Zeynep Özsuca",0t3E9ySuyqUjh9fOq1lDlg,Iturralde: Pequeña Czarda (Arr. Harle),208967,spotify:track:15adsgDvqqcdc4PFJOPfI8
2020-04-02T19:19:44Z,4mJ8GpBCprKyWEzlwS8DAd,habana,6RuS4udHwx3C9ysk4KXtNw,jizue,15IucGiXbItEPirS25F4KV,story,349525,spotify:track:4mJ8GpBCprKyWEzlwS8DAd
2020-04-01T09:55:20Z,2W3Wab915xMw5cffrN6o6f,The World Is Our ___,0MG4LXIw7n4x0wjDc6WYXk,This Will Destroy You,14GvqqeSbyqBbON558tyzH,Young Mountain (10th Anniversary Edition),432306,spotify:track:2W3Wab915xMw5cffrN6o6f
2020-03-31T16:09:26Z,67u5gOQVN3C2ArKZzLGiL1,Old Dog,1HutXhQX90cr1DaICbauBe,Cuzco,7sMhdDI87dJFJM5HlVIv6F,Sketchbook,398250,spotify:track:67u5gOQVN3C2ArKZzLGiL1
2020-03-25T19:54:16Z,7zFovryAx4THLvSRUtYkEN,Struggle for Pleasure,7zW6wPmVLv4JDJM271gbFc,Wim Mertens,6aGuk8aTNbVPhPNhkMPGx2,The Belly of an Architect,242114,spotify:track:7zFovryAx4THLvSRUtYkEN
2020-03-24T11:06:31Z,13JsYnkF16pHKuOFG6uI1C,Lucy In The Sky With Diamonds,3PhoLpVuITZKcymswpck5b,Elton John,4UcpKa4yD9AA3iEHI8MFSF,Captain Fantastic And The Brown Dirt Cowboy,377573,spotify:track:13JsYnkF16pHKuOFG6uI1C
2020-03-23T18:37:49Z,0S11HEtyphdIwD6hyqKJ6k,Remy Drives a Linguini,4kLvhMAuCloLxoP1aVM7Lr,Michael Giacchino,7Dr08Oi3zxdCzmFulSXSs2,Ratatouille (Original Motion Picture Soundtrack),146960,spotify:track:0S11HEtyphdIwD6hyqKJ6k
2020-03-23T18:20:18Z,1rci74bHqfuT3yv5NW7KOl,"Symphony No. 9 in E Minor, Op. 95 ""From the New World"": II. Largo","6n7nd5iceYpXVwcx8VPpxF, 3gacryguGmpmCvgPGt2CBI, 50qd7mKJ6SenQX15s6Fk0o","Antonín Dvořák, New York Philharmonic, Alan Gilbert",7En0QelaesFgXH73AB8EDI,"Dvořák: Symphony No. 9, From the New World",762546,spotify:track:1rci74bHqfuT3yv5NW7KOl
2020-03-23T18:15:53Z,2LETLpcnlbL2d5IbnNYLf8,"Tchaikovsky: Swan Lake, Op. 20, Act 2: No. 13, Dances of the Swans","3MKCzCnpzw3TjUYs2v7vDA, 2tfWguHr2nj4e8KXLKciVq, 5yxyJsFanEAuwSM5kOuZKc","Pyotr Ilyich Tchaikovsky, André Previn, London Symphony Orchestra",7dVA06E7AP7P7VzPyNxQVO,Tchaikovsky: Swan Lake,1070773,spotify:track:2LETLpcnlbL2d5IbnNYLf8
2020-03-22T13:06:24Z,6qqF3A8jjiS9k0Vpi8zcSa,Making Music,6DDCjHWtL6jTl1B5wG8tF6,Zakir Hussain,6Z5RRaRtxckdDY9W9711lB,Making Music,749466,spotify:track:6qqF3A8jjiS9k0Vpi8zcSa
2020-03-21T16:01:32Z,56GBItqD18Be9iN7zGqMX5,Hallelujah - Fragments [Single Version],5MWBg16f5UYiaSlyVhzlIW,John Cale,0wUiDupX4pL4gXuvreNat9,Hallelujah,281919,spotify:track:56GBItqD18Be9iN7zGqMX5
2020-03-21T14:59:20Z,62OfxRiHmEDT9qhTTtgt0A,Spinning Away,"7MSUfLeTdDEoZiJPDSBXgi, 5MWBg16f5UYiaSlyVhzlIW","Brian Eno, John Cale",4jZ7uVEnEifig2HJwG6gKe,Wrong Way Up,327120,spotify:track:62OfxRiHmEDT9qhTTtgt0A
2020-03-21T14:43:16Z,2dHnIe0JsqshUnyzcMMOhW,Domestic Pressures,3IpQziA6YwD53PQ5xbwgLF,Jóhann Jóhannsson,02VRifrsiTM73hPGjXduRQ,The Theory of Everything (Original Motion Picture Soundtrack),157221,spotify:track:2dHnIe0JsqshUnyzcMMOhW
2020-03-21T14:19:14Z,50mL6pbI0uI6YX1xbSer7g,Deep Blue Day - Remastered 2005,7MSUfLeTdDEoZiJPDSBXgi,Brian Eno,1Z2jkEtW5Sc9wWVxUgyG0E,Apollo,238773,spotify:track:50mL6pbI0uI6YX1xbSer7g
2020-03-19T23:48:32Z,6Xz7FeyE8HTP90HecgHV57,Wild World,08F3Y3SctIlsOEmKd6dnH8,Yusuf / Cat Stevens,25Vt8FvZBx4BsSJWEsF7sJ,Tea For The Tillerman (Remastered),200173,spotify:track:6Xz7FeyE8HTP90HecgHV57
2020-03-19T23:17:23Z,4O0sGJdqpHMaWz7KoVd7tb,Diamonds And Rust,1EevBGfUh3RSQSGpluxgBm,Joan Baez,3O9LYeSXXEypjdptHMghUg,Diamonds & Rust,286106,spotify:track:4O0sGJdqpHMaWz7KoVd7tb
2020-03-13T23:23:21Z,3IyajfsNvPyIQj4rwJxtwT,Then - 2013 Remaster,7AC976RDJzL2asmZuz7qil,Yes,6k3pRlamC3srUePKSlUaxJ,Time and a Word (Expanded),344400,spotify:track:3IyajfsNvPyIQj4rwJxtwT
2020-03-13T22:17:03Z,1K75F5lMyhGFqbM8HwWSpS,"Starship Trooper: a. Life Seeker, b. Disillusion, c. Würm",7AC976RDJzL2asmZuz7qil,Yes,4nQe6IzubN7cE7EWzrIvu4,The Yes Album (Deluxe Edition),566133,spotify:track:1K75F5lMyhGFqbM8HwWSpS
2020-03-12T16:40:13Z,1IywC3FcPZekfT7MS1TZMS,Goodbye Yellow Brick Road - Remastered 2014,3PhoLpVuITZKcymswpck5b,Elton John,6Gp6qSE1ywXCLjal5NUWUE,Goodbye Yellow Brick Road (40th Anniversary Celebration/ Super Deluxe Edition),192826,spotify:track:1IywC3FcPZekfT7MS1TZMS
2020-03-12T10:36:33Z,1QQDUag0GtYAvifSavCoUy,All The Things You Are,4FtSnMlCVxCswABUmdhwpm,Carly Simon,6fjwirZ5kSFrSBpYter5zO,Moonlight Serenade,229986,spotify:track:1QQDUag0GtYAvifSavCoUy
2020-03-12T09:32:42Z,40w5KzJx6pS9J4hIEQDgIa,A Love So Beautiful,0JDkhL4rjiPNEp92jAgJnS,Roy Orbison,1UPcuqLY9PC99fQAqWgrSU,Mystery Girl,211493,spotify:track:40w5KzJx6pS9J4hIEQDgIa
2020-03-11T15:02:17Z,5LBTIPGXEn7I7ON0BB961z,Knee 5,3d8ZNJ7en7Rf9cnI9U8gbp,Philip Glass Ensemble,27OF0Qk1FnCZVvsyNP4L1j,Glass: Einstein on the Beach,484666,spotify:track:5LBTIPGXEn7I7ON0BB961z
2020-03-11T14:57:09Z,3yXv3k2CPnB5tQK9Abg145,"Symphony No. 3 in F major, Op. 90: III. Poco allegretto",5KeUHRKEYWc5cFO5V032sb,Seattle Symphony Orchestra,428NmxipUokFA8L1awghuu,The Complete Brahms Symphonies,408786,spotify:track:3yXv3k2CPnB5tQK9Abg145
2020-03-10T20:37:59Z,5DAjrJqXqYtgr67pVhmUeR,Kerala,0cmWgDlu9CwTgxPhf403hb,Bonobo,2T64N96AVfsrRFJCUXQEoZ,Migration,237546,spotify:track:5DAjrJqXqYtgr67pVhmUeR
2020-03-10T18:04:53Z,3sVHb3bve7yVoI98XBtoRP,A Love So Beautiful,"0JDkhL4rjiPNEp92jAgJnS, 0MvSBMGRQJY3mRwIbJsqF1","Roy Orbison, Royal Philharmonic Orchestra",0OY480YYBT6oEuTQbxR3kK,A Love So Beautiful: Roy Orbison & The Royal Philharmonic Orchestra,252558,spotify:track:3sVHb3bve7yVoI98XBtoRP
2020-03-08T20:52:18Z,16dtMfQPRaRiS4H9qq3A3M,Mighty Heavy Load,4hfcSstwnyuBoek1dQwLkG,Cymande,2s0y5BFQpUv5YiXsezn4rL,Cymande,245040,spotify:track:16dtMfQPRaRiS4H9qq3A3M
2020-03-08T20:52:16Z,1cSn7YyTn523mnxtOZXRYA,The Message,4hfcSstwnyuBoek1dQwLkG,Cymande,2s0y5BFQpUv5YiXsezn4rL,Cymande,257760,spotify:track:1cSn7YyTn523mnxtOZXRYA
2020-03-08T20:52:16Z,2G1B9SVDWc2vhvFSyXN0aY,Rastafarian Folk Song,4hfcSstwnyuBoek1dQwLkG,Cymande,2s0y5BFQpUv5YiXsezn4rL,Cymande,191640,spotify:track:2G1B9SVDWc2vhvFSyXN0aY
2020-03-08T20:52:16Z,4PNZillimuw2umTqdyfK1O,Friends,4hfcSstwnyuBoek1dQwLkG,Cymande,2s0y5BFQpUv5YiXsezn4rL,Cymande,195840,spotify:track:4PNZillimuw2umTqdyfK1O
2020-03-08T20:52:15Z,5HrxlXl6yE5PWxFkNyUOz7,Bra,4hfcSstwnyuBoek1dQwLkG,Cymande,2s0y5BFQpUv5YiXsezn4rL,Cymande,306360,spotify:track:5HrxlXl6yE5PWxFkNyUOz7
2020-03-08T20:52:13Z,7fPkyP1sSREtcdfkP9kFeX,Rickshaw,4hfcSstwnyuBoek1dQwLkG,Cymande,2s0y5BFQpUv5YiXsezn4rL,Cymande,354840,spotify:track:7fPkyP1sSREtcdfkP9kFeX
2020-03-08T20:52:10Z,6Yu80CNxGXUBfkmc0zQ8pl,Listen,4hfcSstwnyuBoek1dQwLkG,Cymande,2s0y5BFQpUv5YiXsezn4rL,Cymande,280560,spotify:track:6Yu80CNxGXUBfkmc0zQ8pl
2020-03-08T20:52:09Z,1WzURQZuikUxVd0xiHMTKN,One More,4hfcSstwnyuBoek1dQwLkG,Cymande,2s0y5BFQpUv5YiXsezn4rL,Cymande,186000,spotify:track:1WzURQZuikUxVd0xiHMTKN
2020-03-08T20:52:09Z,5psq8K0eSQGtxsEMVoTUCY,Getting It Back,4hfcSstwnyuBoek1dQwLkG,Cymande,2s0y5BFQpUv5YiXsezn4rL,Cymande,257760,spotify:track:5psq8K0eSQGtxsEMVoTUCY
2020-03-08T20:52:08Z,0vGjEmKzJMnMh6YXSV6W7A,Zion I,4hfcSstwnyuBoek1dQwLkG,Cymande,2s0y5BFQpUv5YiXsezn4rL,Cymande,210600,spotify:track:0vGjEmKzJMnMh6YXSV6W7A
2020-03-08T20:11:28Z,6yYGrFfc595ggAwsYpH13v,Dove,4hfcSstwnyuBoek1dQwLkG,Cymande,2s0y5BFQpUv5YiXsezn4rL,Cymande,655440,spotify:track:6yYGrFfc595ggAwsYpH13v
2020-03-07T23:24:42Z,0dBh5j1RIYl1GrZnkZJ8aE,Cómo Te Quiero,2mVVjNmdjXZZDvhgQWiakk,Khruangbin,42j41uUwuHZT3bnedq2XtM,Con Todo El Mundo,242536,spotify:track:0dBh5j1RIYl1GrZnkZJ8aE
2020-03-06T19:35:21Z,2RCduckce3Mm2tTOgCPKJ1,"Paganini Jazz, Op. 5c",15NSFL63oPhmpXLcZHny2N,Fazıl Say,0bfhtFY9pqtmW8V0NqwjEp,Say Plays Say,402232,spotify:track:2RCduckce3Mm2tTOgCPKJ1
2020-03-03T16:29:02Z,2VVUBOnSTEDmMx4oJ1fAFC,"La Gazzetta, Act II Scene 4: Aria. O lusinghiero amor (Alberto)","0roWUeP7Ac4yK4VN6L2gF4, 7AUvYE75Me4ljbqXviroso, 55kt08Lo5EGSlnicmE1zEr, 4gpa8T3KtuhkbBxo1W3xqe, 6SrpXOCR5eF3ZrtDlCtRLJ, 3fCXyWcn4Kp2LhvlpLzgLy, 6eEVfdHdOFsL4gqemDtVm6, 0J8iBdi4fSFHgiB9gQ6LAQ, 740eBGC9GUBTYWVz8I5Wat, 50d02oV946sUeHYh1QRgsU","Gioachino Rossini, Marco Cristarella Orestano, Judith Gauthier, Giulio Mastrototaro, Michael Spyres, Rossella Bevacqua, Maria Soulis, Filippo Polinelli, Vincenzo Bruzzaniti, Ugo Mahieux",5iRNqOLqy8JBWiwUeTep3t,Rossini: La Gazzetta,344800,spotify:track:2VVUBOnSTEDmMx4oJ1fAFC
2020-03-03T16:10:50Z,6mC0i6roc3DnoCCywscrP9,"La Gazzetta, Act I Scene 13: Guisto ciel (Lisetta, Alberto, Filippo, Pomponio, Doralice, Madama, Traversen, Chorus)","0roWUeP7Ac4yK4VN6L2gF4, 7AUvYE75Me4ljbqXviroso, 55kt08Lo5EGSlnicmE1zEr, 4gpa8T3KtuhkbBxo1W3xqe, 6SrpXOCR5eF3ZrtDlCtRLJ, 3fCXyWcn4Kp2LhvlpLzgLy, 6eEVfdHdOFsL4gqemDtVm6, 0J8iBdi4fSFHgiB9gQ6LAQ, 740eBGC9GUBTYWVz8I5Wat, 50d02oV946sUeHYh1QRgsU","Gioachino Rossini, Marco Cristarella Orestano, Judith Gauthier, Giulio Mastrototaro, Michael Spyres, Rossella Bevacqua, Maria Soulis, Filippo Polinelli, Vincenzo Bruzzaniti, Ugo Mahieux",5iRNqOLqy8JBWiwUeTep3t,Rossini: La Gazzetta,319480,spotify:track:6mC0i6roc3DnoCCywscrP9
2020-02-29T19:07:09Z,0oPOuDmmkVp3h6puekhs6P,Use This Gospel,"5K4W6rqBFWDnAN6FQUkS6x, 2J257euzcjnDLipsyJH3F2, 6I3M904Y9IwgDjrQ9pANiB","Kanye West, Clipse, Kenny G",0FgZKfoU2Br5sHOfvZKTI9,JESUS IS KING,213877,spotify:track:0oPOuDmmkVp3h6puekhs6P
2020-02-29T18:16:56Z,6NNfA0ej3KbnbJ5O1rT0vZ,Super Strut,0hE3uA2w3guHeKvuc7BpRr,Deodato,4pT8cou1GIAT9TfaaY20RN,Deodato 2,536826,spotify:track:6NNfA0ej3KbnbJ5O1rT0vZ
2020-02-29T18:16:53Z,39GAqGdqxFWHh5OkEHcAqk,Whistle Bump,0hE3uA2w3guHeKvuc7BpRr,Deodato,2k5tKYlTM95TerGw1fsEvT,Love Island,272533,spotify:track:39GAqGdqxFWHh5OkEHcAqk
2020-02-29T18:16:50Z,0Pq0mOdgFXTezl6mMt8a39,San Juan Sunset,0hE3uA2w3guHeKvuc7BpRr,Deodato,2k5tKYlTM95TerGw1fsEvT,Love Island,255533,spotify:track:0Pq0mOdgFXTezl6mMt8a39
2020-02-28T18:32:37Z,3SsPVhEHMoOlVwHMtng5mH,Libertango,7dsugSamBB7enWE2IrlbFg,Astor Piazzolla,3md6pM7GoNvwOlwlHTzvvs,Libertango,251493,spotify:track:3SsPVhEHMoOlVwHMtng5mH
2020-02-28T18:21:44Z,5oyl0OM6UzRSjMMIjFQeyW,Monochrome,"00sazWvoTLOqg5MFwC68Um, 6IoS9ojtxKCL1tW5VL1buI","Yann Tiersen, Dominique A",6mkLpQbCgXvhpcXZGE5DJn,The Lighthouse - Everything's Calm,196266,spotify:track:5oyl0OM6UzRSjMMIjFQeyW
2020-02-27T01:32:05Z,7grNHTSADMlLZ96mH4wI85,Salzburg,5RPzPJCg4ER1LzQkorZ31p,Worakls,6cjXNVPvBuQdrCbllisAbD,Hungry 5 (The Best of 5 Years),436150,spotify:track:7grNHTSADMlLZ96mH4wI85
2020-02-24T20:09:48Z,61muv9lHtgN18qbm9oK9pH,Cumbia Sobre El Mar,"5ZMwoAjeDtLJ0XRwRTgaK8, 2JLqcc3mwS4Xf7xZuYwK0p, 5Ln6VxkwRDdAH40Lel6Yj8","Quantic, Flowering Inferno, Nidia Gongora",0NiH3ROfMf9ZGYj07RP0B0,Dog With a Rope (Quantic Presenta Flowering Inferno),377293,spotify:track:61muv9lHtgN18qbm9oK9pH
2020-02-24T15:34:38Z,05HcjA88gBOkpJw3AwcX0o,Sing Your Heart Out,5wqMw7XAQ9M9kpO5ImZ6NK,Brendan Eder Ensemble,6q9Q6kATRdRTtF2HKGQgeq,Sing Your Heart Out,139024,spotify:track:05HcjA88gBOkpJw3AwcX0o
2020-02-24T15:34:29Z,2KAfBVfn9lEaOOefxCQ0d5,Mood Swings,7mEJxWdf21g1dRVwNDaLq8,Juhan Ongbrian,4XRNNMWuXruSexi0BYECZD,Mood Swings,301480,spotify:track:2KAfBVfn9lEaOOefxCQ0d5
2020-02-24T15:32:53Z,2jFZ9oIbA4ZVpQ8uHLdI2B,Beyond Tomorrow,2a2sfAHg8lpJPDMLxb3sC3,Marc Jungermann,2LnuAR4SN68ZtRHSNvHRep,Skybringer,274153,spotify:track:2jFZ9oIbA4ZVpQ8uHLdI2B
2020-02-24T15:32:36Z,7s914CgZUplQiyQ1irOnMZ,Ground Frost Forger,4kGp7UphxejARgh43ZuFMr,Rantama,09UMN5yV0dyArzdPWgcLfS,Ground Frost Forger,396560,spotify:track:7s914CgZUplQiyQ1irOnMZ
2020-02-24T15:32:15Z,2k688MzQ1ycIwQ5dkTRJpR,Rhayader,3Uz6jx81OY2J5K8Z4wmy2P,Camel,7ny9OWZ336Y4gGSSgHlkFB,The Snow Goose,181986,spotify:track:2k688MzQ1ycIwQ5dkTRJpR
2020-02-20T17:49:08Z,7EZgAkgJTj91tAlDfbkXyI,Haitian Fight Song,0ADVX4vKQN1saCsOdl67Fj,New York Ska-Jazz Ensemble,3Q3OmabaKiaYTHCOfah4sC,New York Ska-Jazz Ensemble,291066,spotify:track:7EZgAkgJTj91tAlDfbkXyI
2020-02-19T19:29:01Z,3HW7MZluEt0H93GifEE2Y4,Duhicebdo ed varicecag parvabiguf,49yTs5PHrOjyslAqSF2iCG,Keygen Church,6ROlGcDwLrIIBjHzKLUxSo,░ ▒ ▓ █,335817,spotify:track:3HW7MZluEt0H93GifEE2Y4
2020-02-18T23:56:36Z,6OlCJxmWri50RLA1CrBYZ6,Kalasnjikov,"491v9k5NTGBGanwqPNSkuS, 2qAYOCvQeh0CluLvtMBQZL","Goran Bregović, Slobodan Salijevic",2EQJq127u4ihk7QU0Voas2,Ederlezi,288266,spotify:track:6OlCJxmWri50RLA1CrBYZ6
2020-02-18T23:54:50Z,3D9u1UpCD8FU7LZFsMvVZQ,The Mummers' Dance,1JdeDdujDbS6ZeSlkXqx3a,Loreena McKennitt,3cgsVPDpdP8P5y9TteUuhI,The Book of Secrets,364477,spotify:track:3D9u1UpCD8FU7LZFsMvVZQ
2020-02-18T19:39:02Z,6t4bZ8P9f1oxw4K434ENGG,Jeux D'Enfants,0iF2gedsSjoVHRUh5vXSdu,Cirque du Soleil,0zXyORlV3shQ6M5z0WZCh2,Alegria,280893,spotify:track:6t4bZ8P9f1oxw4K434ENGG
2020-02-17T11:54:03Z,3Pbvzmu562bgkA3iapyejw,"La pietra del paragone (the Touchstone), Act II: Recitative. Ehi… Giocondo… - Quintet: Spera se vuoi, ma taci [Clarice, Giocondo, Baronessa, Macrobio, Conte, Chorus]","0roWUeP7Ac4yK4VN6L2gF4, 07R5h0jy4DlUHuJLFPYDGa, 5MMoJVfkBgqOQAlcEIWqls, 08AfkeeXxpsD1EXsIMpRBM, 5BeA8h5LyjpgCTZUvesOSv, 2eGfrAd2SECftmvMuu4TlU, 464xsR9lFPrAW7tjg0kBW5, 12o1JerJum0CFcPBA78hvA, 0CNHOtJJJCwaDhEkMzEACF, 3j7YF1zH6VwkwdtiMdDc3n","Gioachino Rossini, Agata Bienkowska, Anna Rita Gemmabella, Anke Herrmann, Raffaele Constantini, Alessandro Codeluppi, Dariusz Machej, Gioacchino Zarrelli, Teru Yoshihara, Alessandro De Marchi",168EjIz9o6xptC0Lv6KwGG,Rossini: Pietra Del Paragone (La),673200,spotify:track:3Pbvzmu562bgkA3iapyejw
2020-02-17T11:06:22Z,0feTlhjFos3fCI03QjbflE,Chasing Sheep Is Best Left To Shepherds - 2004 Digital Remaster,2LvhyFvUCDJ7gFuEBOcrM8,Michael Nyman,0Hx7sgF7I25yiGuae8CRpx,The Draughtsman's Contract: Music From The Motion Picture,156026,spotify:track:0feTlhjFos3fCI03QjbflE
2020-02-16T13:03:09Z,2nnEdTXQsmD1L85EsupXpe,Bella Donna Twist,0iF2gedsSjoVHRUh5vXSdu,Cirque du Soleil,7iALjQWe3vWGtP2RMwFyTm,Kurios (Cabinets Des Curiosités),256453,spotify:track:2nnEdTXQsmD1L85EsupXpe
2020-02-15T18:29:04Z,3dW137UuHksvFyTl50QIUa,Piano Sonata No. I,"2wOqMjp9TyABvtHdOSOTUS, 3XmUTxOuLqOMs1ZGca2j6Y","Ludwig van Beethoven, James Strange",4GkyYeGjbtYNeVRfBFa0QL,Beethoven Piano Sonatas 1-10,866424,spotify:track:3dW137UuHksvFyTl50QIUa
2020-02-15T16:13:54Z,2a6EP73QVZxj0NSVEta4Ad,"Piano Concerto No. 5 in E-Flat Major, Op. 73 ""Emperor"": II. Adagio un poco moto –","2wOqMjp9TyABvtHdOSOTUS, 5vBh0nve44zwwVF5KWtCwA, 003f4bk13c6Q3gAUXv7dGJ, 4GQwgdcDQwqtcHICjUNndp","Ludwig van Beethoven, Alfred Brendel, Wiener Philharmoniker, Sir Simon Rattle",3xjbqYLxvXHuanI63XGwri,Beethoven: The Piano Concertos,498866,spotify:track:2a6EP73QVZxj0NSVEta4Ad
2020-02-12T09:09:01Z,61xgCTmj3TdwhRzASzEIhO,Dietro Una Porta Di Carta,4Extuk13JWlHLgxlz5DBIl,Semiramis,0BWTfsFWL3TuBXZ2dBA7GV,Dedicato A Frazz,343013,spotify:track:61xgCTmj3TdwhRzASzEIhO
2020-02-05T12:30:02Z,1D2ZiiQOut0wuuLdaRHZvz,Royal Garden Blues - Live at the Roosevelt Grill,1Ee4zfTBoG5LAQ64YzUgR8,The World's Greatest Jazz Band Of Yank Lawson & Bob Haggart,7rxYcp4Mw9YsrYQFcCCCav,Live At The Roosevelt Grill,220400,spotify:track:1D2ZiiQOut0wuuLdaRHZvz
2020-01-26T18:09:53Z,3SrzEWt07530ny2VBpCs07,I Will Survive,6A43Djmhbe9100UwnI7epV,CAKE,2fpTGzqv5Cl2L590tw08zE,A Long Way Down - Original Motion Picture Soundtrack,310234,spotify:track:3SrzEWt07530ny2VBpCs07
2020-01-25T18:14:48Z,60zOOcCEiHvlK8aneBS74M,Blossom Roses,1T2WeXEi0XlZiPpjjDAY0L,Her,1aCQ7OUfO1P6FbTe8x0s0N,Her,254480,spotify:track:60zOOcCEiHvlK8aneBS74M
2020-01-25T18:05:52Z,6EjTmLZVdDfp66yawG1CDb,QUEENS,1Dt1UKLtrJIW1xxRBejjos,The Blaze,6WbMZYQ1SAU8HrgZSuH0xJ,DANCEHALL,234680,spotify:track:6EjTmLZVdDfp66yawG1CDb
2020-01-25T18:05:48Z,3y29QLWHxB1G7CfuFyZ8qe,I'm That Guy,5TkylUv5ysSbNoawmn3PBj,Agar Agar,2UEVp5YIeyRZ7obkSewDXJ,Cardan,448583,spotify:track:3y29QLWHxB1G7CfuFyZ8qe
2020-01-24T22:58:47Z,0dbTQYW3Ad1FTzIA9t90E8,Mona Lisa (feat. Kendrick Lamar),"55Aa2cqylxrFIXC767Z865, 2YZyLoL8N0Wb9xBt1NhZWg","Lil Wayne, Kendrick Lamar",50yFYgKdwJANZ5O9MIbMkg,Tha Carter V,324189,spotify:track:0dbTQYW3Ad1FTzIA9t90E8
2020-01-20T11:51:26Z,3mFzIFFFmEXTQs6BDAK2ZZ,Dance Me to the End of Love,5l8VQNuIg0turYE1VtM9zV,Leonard Cohen,6I58qJMqZHhb8jtNT3CuJB,Various Positions,280134,spotify:track:3mFzIFFFmEXTQs6BDAK2ZZ
2020-01-18T00:28:41Z,7rXfCyao5ee4YZ01Gnl81Q,You Said Number 11,1HutXhQX90cr1DaICbauBe,Cuzco,5zroOMp8SRiQoSbPHsOajX,A Medicine for Melancholy,420000,spotify:track:7rXfCyao5ee4YZ01Gnl81Q
2020-01-06T18:43:06Z,6dtB54Z7eICDUOPq3QwXuo,Mary,5QdyldG4Fl4TPiOIeMNpBZ,Big Thief,2hOYLjoRQFXcdviMiwtgxe,Capacity,330106,spotify:track:6dtB54Z7eICDUOPq3QwXuo
2020-01-05T13:21:41Z,4HeDYfjT4QO2xCjkuX8NTM,"Prelude No. 1 In C Major (From ""The Well-Tempered Clavier"", BWV 846)",5LS9IzpE6W6Aw25KverdM9,Jacques Loussier Trio,6QxvSaoyNktzcMOdQ519XJ,The Bach Book,288466,spotify:track:4HeDYfjT4QO2xCjkuX8NTM
2020-01-05T12:39:41Z,1sUbrYb20WAdDd9AwoAlc2,Songe d'automne,4xIooHvSmj2aWhQGrniJSu,The Rosenberg Trio,0vN2kv5uBDKL6BYkjQ4GUn,Roots,238200,spotify:track:1sUbrYb20WAdDd9AwoAlc2
2019-12-31T17:43:16Z,5S7QPiXBTsE4tEzh8QmZio,Alma Llanera,4Zs2XcWJ8IshV8ZNFJjTjO,Tommy Igoe and the Birdland Big Band,1T7h1EAXkiR3READDWe8SH,Eleven,395760,spotify:track:5S7QPiXBTsE4tEzh8QmZio
2019-12-31T17:43:12Z,6YZqklKzpEVuqBGK98vaaf,Open Invitation,4Zs2XcWJ8IshV8ZNFJjTjO,Tommy Igoe and the Birdland Big Band,1T7h1EAXkiR3READDWe8SH,Eleven,416413,spotify:track:6YZqklKzpEVuqBGK98vaaf
2019-12-31T13:47:09Z,3ipW2FFv1IwyVK4ZFQpWmt,New Ground,4Zs2XcWJ8IshV8ZNFJjTjO,Tommy Igoe and the Birdland Big Band,1T7h1EAXkiR3READDWe8SH,Eleven,412666,spotify:track:3ipW2FFv1IwyVK4ZFQpWmt
2019-12-29T15:32:43Z,219Q0ce5l4csYR8soKhdZv,Whisper,0yW0kiRsK5MYhgICpQhbaG,Ed Carlsen,4lEGRQ5wZ9GIII7YBIjC7n,Morning Hour,202171,spotify:track:219Q0ce5l4csYR8soKhdZv
2019-12-26T11:53:46Z,5ePk7GMQIBbvgqVVQH8Xes,Cosmic Messenger,3SInttLnvf5G4Aa95aAYPr,Jean-Luc Ponty,6EfLu75i2jqhN4s4xlqh6m,Cosmic Messenger,282133,spotify:track:5ePk7GMQIBbvgqVVQH8Xes
2019-12-26T11:41:49Z,4yg2qSpnVAbQLPjCJTWwtY,"Mama, You Been on My Mind - Studio Outtake - 1993",3nnQpaTvKb5jCQabZefACI,Jeff Buckley,283hKbicgg933wSdd24U2s,Grace (Legacy Edition),205586,spotify:track:4yg2qSpnVAbQLPjCJTWwtY
2019-12-25T21:12:35Z,5hxs6EoZpZ11IvZsvgWetY,Quiet Fire,497rp5TEzJffeBnUT0BeE1,Mammal Hands,2Ua7bVJnCpzcfqChuUBgZY,Floa,404311,spotify:track:5hxs6EoZpZ11IvZsvgWetY
2019-12-25T17:12:00Z,0PMRg4G2ruYjJIf6rj0sKC,Vier Stücke für Xylophon: Gassenhauer nach Hans Neusiedler,"5AwLKcjkHnybsRwhrwq8Pj, 5w6G3f80G50o2sktPdb2pL","Gunild Keetman, Karl Peinkofer Percussion Ensemble",3ybwlLIILt1Ojow4PHS10j,"Orff-Schulwerk, Vol. 1: Musica Poetica",177957,spotify:track:0PMRg4G2ruYjJIf6rj0sKC
2019-12-25T17:09:42Z,4k2CdsRopiwCKqO6rOSiVY,The Rainbow - 1997 Remaster,7Fo8TAyGJr4VmhE68QamMf,Talk Talk,4YXo7p7aubyVIbNLoVlBp9,Spirit of Eden,549080,spotify:track:4k2CdsRopiwCKqO6rOSiVY
2019-12-09T17:52:26Z,4ioFJHJATf5nkU7EI2Kcfh,"Gelem, gelem - Mentem-mentem",5hBCfYFEDK8otrksMYuzoL,Parno Graszt,5aHIQOqHkQm18iZGwNXi9M,Már nem szédülök (Rolling back),366000,spotify:track:4ioFJHJATf5nkU7EI2Kcfh
2019-12-09T12:54:00Z,1WcUFmztKKNHkrjpudCAcA,Annyit ittam bánatomban / Drunk Of Sorrow,5hBCfYFEDK8otrksMYuzoL,Parno Graszt,54bj61sMr2FIjizwuowF6I,Ez a világ nekem való / This World Is Made For Me,202946,spotify:track:1WcUFmztKKNHkrjpudCAcA
2019-12-09T12:53:59Z,2TxBoJ4vQvXjDFjXGMNypm,Khade sukar / How Beautiful,5hBCfYFEDK8otrksMYuzoL,Parno Graszt,0pRdm2vjrzIkNHjZsFcW2N,Rávágok a zongorára / Hit the piano,205146,spotify:track:2TxBoJ4vQvXjDFjXGMNypm
2019-12-06T19:07:55Z,6i81qFkru6Kj1IEsB7KNp2,Just Breathe,1w5Kfo2jwwIPruYS2UWh56,Pearl Jam,4DCwNXpnKEBYbls0T4LQzN,Backspacer,215853,spotify:track:6i81qFkru6Kj1IEsB7KNp2
2019-12-02T17:42:50Z,7BQVhWw9GR1Up3eKQrYFlI,Nocturne,2TSuAchdgVzsAa9wDK1IeT,Julian Lage,6sKJEBTRRuQhI696nyr1mD,Arclight,199015,spotify:track:7BQVhWw9GR1Up3eKQrYFlI
2019-12-01T11:23:15Z,7vfILe0geNdQ7ilJYF45SU,Abusey Junction,3u9rbdcmA6CxjxOAkjaeFr,Kokoroko,7MeDqREJNAU5D80vI2xCol,KOKOROKO,424080,spotify:track:7vfILe0geNdQ7ilJYF45SU
2019-12-01T11:22:56Z,4AKUOaCRcoKTFnVI9LtsrN,White Gloves,2mVVjNmdjXZZDvhgQWiakk,Khruangbin,2OPcQNLP8DQVumD8kBRAH3,The Universe Smiles Upon You,218306,spotify:track:4AKUOaCRcoKTFnVI9LtsrN
2019-11-21T17:31:34Z,0hf3E2TAapWRy5PhAjp0l8,High and Dry,4ssUf5gLb1GBLxi1BhPrVt,Jorge Drexler,7CzMD65vBeWb6xRRK9iHgz,12 segundos de oscuridad,224946,spotify:track:0hf3E2TAapWRy5PhAjp0l8
2019-11-21T14:45:41Z,2RXP709k7iiK3ZvEVatjfc,Flowers On Pride,0hxOAoLSOTqwXNLvJ5tEYZ,Opus Avantra,0jxrGPs7zz0ufct61oMUPC,Lord Cromwell Plays Suite for Seven Vices,329247,spotify:track:2RXP709k7iiK3ZvEVatjfc
2019-11-21T14:10:26Z,61KwOCzOupj1DHGXnPMuXh,Abbiamo Tutti Un Blues Da Piangere,0UB7tnXqRLUWF9dyktuA6e,Perigeo,6UfVjuILltvj5FpCDGFd2x,Abbiamo Tutti Un Blues Da Piangere,370413,spotify:track:61KwOCzOupj1DHGXnPMuXh
2019-11-19T22:19:34Z,5lIOhDGfy2lQJWWwxBm8L4,Quelqu'un m'a dit,1HVwzNriKEjaeE06okqSpx,Carla Bruni,5i2pYUFwnFnNCfXVK4hj1k,Quelqu'un m'a dit,168626,spotify:track:5lIOhDGfy2lQJWWwxBm8L4
2019-11-19T06:44:15Z,7Exfxb6dXG1YyZAL0Pnuf5,The Revealing Science of God (Dance of the Dawn) - 2003 Remaster,7AC976RDJzL2asmZuz7qil,Yes,4kn7nw5uHF6T9biAX5qcrW,Tales from Topographic Oceans (Deluxe Edition),1342160,spotify:track:7Exfxb6dXG1YyZAL0Pnuf5
2019-11-14T16:23:48Z,1ko2lVN0vKGUl9zrU0qSlT,Just the Two of Us (feat. Bill Withers),"05YVYeV4HxYp5rrWalvuE1, 1ThoqLcyIYvZn7iWbj8fsj","Grover Washington, Jr., Bill Withers",1lKYaRbV0AayVPss9i4oOp,Anthology,438493,spotify:track:1ko2lVN0vKGUl9zrU0qSlT
2019-11-12T16:45:09Z,1YlNKjLjg5BaCba259pNgI,Naa Er Druene Paa Sitt Beste,"2vTtjIqZ7hW0W15t1ApKTB, 4rsEVNO1tGTY0beCnsnHi6","Lindstrøm, Prins Thomas",0wjx77A92ow66hxXmwapcM,Lindstrom & Prins Thomas,328573,spotify:track:1YlNKjLjg5BaCba259pNgI
2019-11-01T18:13:47Z,7AKSz1SF2KX4SL4Rs8GiC2,Glad Tidings - Remix 3; 2013 Remaster,44NX2ffIYHr6D4n7RaZF7A,Van Morrison,7diHYi0CglGJekoM3KaWBK,Moondance (Deluxe Edition),232693,spotify:track:7AKSz1SF2KX4SL4Rs8GiC2
2019-10-30T06:44:54Z,3AdRyFKtMLaADp6iQeHb0V,"La cambiale di matrimonio, Act I Scene 16: Qual ira, oh ciel, v'accende (Fanny, Mill, Clarina, Slook) - Last Scene. Vi prego [Edoardo, Mill, Slook, Clarina, Fanny, Norton]","0roWUeP7Ac4yK4VN6L2gF4, 1tLKpSwhS6CdoN5Ycuwq71, 2hQbt74NjZpdgYZmZxMFso, 0wMIUV3XculVjK2ROEcujQ, 2UJtjEpwcWob5RW4OM01NX, 7zNWgvz6NJLE1aK4hRtwdw, 0ndpRY6vqBoQCWym4RYHMI, 0pKTv1c0MbSkm4VXklWhVX, 5N4ytBFOdcz2y3SmZkaBu9","Gioachino Rossini, Paolo Bordogna, Desirée Rancatore, Saimir Pirgu, Fabio Maria Capitanucci, Enrico Maria Marabelli, Maria Gortsevskaya, Orchestra Haydn di Bolzano e Trento, Umberto Benedetti Michelangeli",1ep8k6yvKVDtwZvrfzdsVp,Rossini: Cambiale Di Matrimonio (La),419306,spotify:track:3AdRyFKtMLaADp6iQeHb0V
2019-10-29T21:40:05Z,07coioQpK9jzK3LIGNlwkh,Cinema Paradiso [Love Theme],"3t58jfUhoMLYVO14XaUFLA, 5Pqc0ZFA20Y9zGJZ3ojUin","Pat Metheny, Charlie Haden",6PrwIDWc5ODPwqqzAlzEMg,Beyond The Missoury Sky,214933,spotify:track:07coioQpK9jzK3LIGNlwkh
2019-10-29T21:26:28Z,2rvSk5CPxSbAEAnyIZmh6M,The Birds and the Bees - Live Recording,"5pMmqpG3HsoJ6EDDoXGXEr, 3t58jfUhoMLYVO14XaUFLA","Jim Hall, Pat Metheny",3uJFgpotxo4fzcZzaIjNUZ,Jim Hall & Pat Metheny,308706,spotify:track:2rvSk5CPxSbAEAnyIZmh6M
2019-10-29T06:55:09Z,30fTKTaeKYiGre72oCwngg,Die Meistersinger von Nürnberg (The Mastersingers of Nuremberg) : Overtüre,"1C1x4MVkql8AiABuTw6DgE, 3XjbX7JSPiVV9Wyxd5n0mZ","Richard Wagner, St. Petersburg Symphony Orchestra",4QB4cCsvEU0Qa61eWIDrqW,Great Overtures,618333,spotify:track:30fTKTaeKYiGre72oCwngg
2019-10-27T20:07:12Z,5xhfAEvmVXgWdZnfjaf9IT,Bendiciones,5OS4lYwhADoPDmQ2jZsZu7,Worldwide Harmonics,0n03FLIbxKHFzrDcTUuGt6,Latin Instrumental Favorites,191128,spotify:track:5xhfAEvmVXgWdZnfjaf9IT
2019-10-20T19:44:45Z,25MNMuaD4EfXeEPqzJ236F,Ain't Got No - I Got Life - Single Version,7G1GBhoKtEPnP86X2PvEYO,Nina Simone,1ZRMX4V4gDAJzRmwUfjMYg,'Nuff Said (Expanded Edition),176080,spotify:track:25MNMuaD4EfXeEPqzJ236F
2019-10-17T17:13:28Z,4KrsGAgv8b2982iqaokrO0,View from My Window,1DGpHnPOpMYY780hcQHmPB,Hiroshi Yoshimura,4h5av08hHhOyyINApKfnEE,Music for Nine Post Cards,375600,spotify:track:4KrsGAgv8b2982iqaokrO0
2019-10-16T10:18:45Z,2Ish3I4QZj4XZoDRy4mMhV,ラプソディー・イン・ブルー,"23fzfUayxS8tAIFMZcv3vh, 1HKZwgPRyDBoXcLGc2BfOB, 1wVV2P0TRW6FbllST2A0NE, 1JxFd26nmddRGPPQ8XUzoH, 3y4x5RQpq9SESShCxCXzMP","中村均一, アルモ・サクソフォン・クァルテット, 遠藤朱実, 松雪明, Katsuki Tochio",37oetBszD5acpWZBdBBlQ3,ラプソディ・イン・ブルー 〜ガーシュウィン名曲集〜,712454,spotify:track:2Ish3I4QZj4XZoDRy4mMhV
2019-10-04T12:21:07Z,4H4p1B3GrZHnh71vgPtHQW,Daughter,7Eu1txygG6nJttLHbZdQOh,Four Tet,74r6JJ97ipO0CREXP9PMqZ,New Energy,295131,spotify:track:4H4p1B3GrZHnh71vgPtHQW
2019-09-28T17:56:00Z,5QTxFnGygVM4jFQiBovmRo,(Don't Fear) The Reaper,00tVTdpEhQQw1bqdu8RCx2,Blue Öyster Cult,6C9WzlQANeoD0GW5B41YJt,Agents Of Fortune,308123,spotify:track:5QTxFnGygVM4jFQiBovmRo
2019-09-27T19:54:12Z,55PsqAIdJcOHUTBNwlXMXs,Appalachian Spring: VII. Doppio movimento,"0nJvyjVTb8sAULPYyA1bqU, 3gacryguGmpmCvgPGt2CBI, 2LmyJyCF5V1eQyvHgJNbTn","Aaron Copland, New York Philharmonic, Leonard Bernstein",2A9S3n0xQigXAcxzZQe2Ue,Bernstein Conducts Copland,406026,spotify:track:55PsqAIdJcOHUTBNwlXMXs
2019-09-27T11:37:14Z,06T10fEzN8ZCcqzQZYA184,Gotta Be Somebody,6deZN1bslXzeGvOLaLMOIF,Nickelback,0GQ9AZBJSj109gmSdSrviC,Dark Horse,252653,spotify:track:06T10fEzN8ZCcqzQZYA184
2019-09-27T07:27:49Z,5LKA3yXXYhggT5XPUbkPEB,"Eduardo e Cristina, Act I: Signor, deh! Moviti (Live)","0roWUeP7Ac4yK4VN6L2gF4, 6pXRaBKVjCe71VJWArEH06, 26jlAWXHy9INaSR4boq9fI, 1IqfDiFCKHNgJUR8Q4S0YT, 7fgZBLvQLmswMShhA9sHoK, 6MOQfPMbH6RYHo5JkE5qnU, 2olt0S9YOQHeRKyQEvc13f, 2431DzejNRA0GjilEHsz8b, 3tN4Uect3lCEKPeeCunkaK","Gioachino Rossini, Kenneth Tarver, Silvia Dalla Benetta, Laura Polverelli, Baurzhan Anderzhanov, Xiang Xu, Camerata Bach Choir Poznań, Virtuosi Brunensis, Gianluigi Gelmetti",7xg4tLGa9rGU7LmGkyUIhe,Rossini: Eduardo e Cristina (Live),233666,spotify:track:5LKA3yXXYhggT5XPUbkPEB
2019-09-09T19:09:56Z,31DvHUCSioX0JD7B4kZMJ9,Money For Nothing,0WwSkZ7LtFUFjGjMZBMt6T,Dire Straits,15J400U0rEpgE64UQgtvLs,Brothers In Arms,510933,spotify:track:31DvHUCSioX0JD7B4kZMJ9
2019-09-06T19:47:35Z,6Ov3McMGsvMu9eYZzAiprZ,Uptown Up,4RAQZfFgR7NPAWjKwUpEeC,Maceo Parker,6ri8sO9GRxLXhmlGgYWZNj,Funk Overload,256959,spotify:track:6Ov3McMGsvMu9eYZzAiprZ
2019-09-01T16:16:35Z,4JfsE2m5zz3Z9ZynkcjlpT,The Sheriff - 2015 Remaster,0nCiidE5GgDrc5kWN3NZgZ,"Emerson, Lake & Palmer",4Swf9iftTTaoEPbPXyxxUQ,Trilogy (Deluxe),200199,spotify:track:4JfsE2m5zz3Z9ZynkcjlpT
2019-09-01T15:42:34Z,5zgkQJ5Cp1qP62GavO6ehw,Vivaldi,3UtSTTCQ0EMUQxmsfZ3Px1,Curved Air,5v2PoL6Kap75WFWvIni3bB,The Best of Curved Air,449812,spotify:track:5zgkQJ5Cp1qP62GavO6ehw
2019-09-01T14:38:01Z,0SG5dG7sBNwmlro4DB1oMW,Photos Of Ghosts,1MD5pgVzlusqGyuSTcTxvu,Premiata Forneria Marconi,4sGttqZGNiwEn39ACrODLR,Photos Of Ghosts,323000,spotify:track:0SG5dG7sBNwmlro4DB1oMW
2019-09-01T12:21:11Z,4r5M7k2tWM6PuESO4AgMh4,Altamira,"0FI0kxP0BWurTz8cB8BBug, 6MYiQGy8MIcBps6Ez0IQA8","Mark Knopfler, Evelyn Glennie",2p4P5RIVN3tDGci4MFWw48,Altamira (Original Motion Picture Soundtrack),179213,spotify:track:4r5M7k2tWM6PuESO4AgMh4
2019-08-12T16:02:58Z,1jji1sWxZOo7eWnXifT7yP,Spain - Composite Alternative Take,5olDKSsFhhmwh8UCWwKtpq,Chick Corea,2wkmxijYToqAr0ATgcNSsn,Light As A Feather (Deluxe Edition),333666,spotify:track:1jji1sWxZOo7eWnXifT7yP
2019-08-12T16:02:37Z,2Daor9xhmx0OeYHFX69FTa,Seven Minute Mind,5qOfTfMzTj2dvvpWKzIFk6,The Bad Plus,2KACSClTW3V11lbuxDmEGs,Made Possible,337533,spotify:track:2Daor9xhmx0OeYHFX69FTa
2019-08-10T22:11:33Z,0ieWWdaVN3uT0SaqmRl5j3,Avila - Original,59O4pHlANHYrHM5HGz6JbM,Nuuro,5j3wF8jxugN1NbPhTk3aZs,You Will Know Us By The Trail Of Avant Pop,270604,spotify:track:0ieWWdaVN3uT0SaqmRl5j3
2019-08-10T16:54:10Z,3Duz1BIMbO3DVtQRreROBw,"Peer Gynt Suite No. 2, Op. 55: IV. Solveigs Song","5ihY290YPGc3aY2xTyx7Gy, 2ZlnmA7uEUfYTPAmkVkqKT, 1mkVDPJaoiG514VLvjb1Q2","Edvard Grieg, Christian Ehwald, Kosice Philharmonic Orchestra",1mVjUHK9GrewOJ90NkDBtU,Grieg Light Classical,309133,spotify:track:3Duz1BIMbO3DVtQRreROBw
2019-07-27T21:40:57Z,1cqihsJGklT8sBop6DGuCa,Epos,2qxJFvFYMEDqd7ui6kSAcq,Zedd,7iC7iQaeRrG33H6VInfl00,Clarity (Deluxe),335733,spotify:track:1cqihsJGklT8sBop6DGuCa
2019-07-22T13:49:23Z,3qiyyUfYe7CRYLucrPmulD,Baba O'Riley,67ea9eGLXYMsO2eYQRui3w,The Who,5MqyhhHbT13zsloD3uHhlQ,Who's Next (Deluxe Edition),300400,spotify:track:3qiyyUfYe7CRYLucrPmulD
2019-07-12T03:27:31Z,7gXJuyClz9rIDWvnWnTvJ1,"Souvenir de Florence in D Minor, Op. 70 TH 118: III. Allegretto moderato","3MKCzCnpzw3TjUYs2v7vDA, 4M2YY6zw27x6qVTV9QruIT, 50hiYMhi0g77BOkkQ4zebB, 1PsknnitlKhm7SOszdGWB1","Pyotr Ilyich Tchaikovsky, Genrikh Talalyan, Mstislav Rostropovich, Borodin Quartet",2yPFZ9eKVCE3RCsAbyyhFv,Tchaikovsky: Complete String Quartets / Souvenir De Florence,380160,spotify:track:7gXJuyClz9rIDWvnWnTvJ1
2019-07-04T20:27:29Z,7HCUnUFKw3TmYowjaYfawy,The Age Of Vulture Culture,2cbWJP4X5b9sKEDW80uc5r,Diablo Swing Orchestra,6VesKYf187PLb4kZSaVIZ8,Pacifisticuffs,300080,spotify:track:7HCUnUFKw3TmYowjaYfawy
2019-07-01T19:54:05Z,65RptVLH4KdgCeEAuPS8WY,Balrog Boogie,2cbWJP4X5b9sKEDW80uc5r,Diablo Swing Orchestra,0vrDphLWoDi4PNk5s4xiN4,The Butcher's Ballroom,233133,spotify:track:65RptVLH4KdgCeEAuPS8WY
2019-06-30T13:57:58Z,4yugZvBYaoREkJKtbG08Qr,Take It Easy - 2013 Remaster,0ECwFtbIWEVNwjlrfc6xoL,Eagles,51B7LbLWgYLKBVSpkan8Z7,Eagles (2013 Remaster),211577,spotify:track:4yugZvBYaoREkJKtbG08Qr
2019-06-30T13:51:48Z,5UEWQ5Zh27nmKnSb2eJhll,Too Old to Rock 'n' Roll: Too Young to Die! - Steven Wilson Stereo Remix,6w6z8m4WXX7Tub4Rb6Lu7R,Jethro Tull,7gxj1tHEgbRRpDbFzMF6RL,Too Old to Rock 'n' Roll: Too Young to Die! (The TV Special Edition),334026,spotify:track:5UEWQ5Zh27nmKnSb2eJhll
2019-06-22T17:49:15Z,74QGsM2vqZrQD3h4dcgmyE,Mellow My Mind - Live,6v8FB84lnmJs434UJf2Mrm,Neil Young,6NYc3Yc0ChuyYWLlOoTT6n,ROXY: Tonight's the Night Live,190626,spotify:track:74QGsM2vqZrQD3h4dcgmyE
2019-06-16T22:18:56Z,3DvRroBEEVVLOEUeVuDNjx,The Summer,1U0FaHAc4fcwQcYEJFgkm9,Balmorhea,2MnlxwxcXya3lJnvPCBcCn,Rivers Arms,236893,spotify:track:3DvRroBEEVVLOEUeVuDNjx
2019-06-10T13:11:16Z,4vZHqa3gnjNqY3AY8GOfEn,Lunapark,4Extuk13JWlHLgxlz5DBIl,Semiramis,0BWTfsFWL3TuBXZ2dBA7GV,Dedicato A Frazz,269533,spotify:track:4vZHqa3gnjNqY3AY8GOfEn
2019-06-07T15:28:42Z,5K8hsK21BinXBIqrSeEC2L,"It's Raining on the Moon, Pt. 1",2JEmeK4NqHMXdtSMxCcWad,StarSystems,50wgSGPzuqsQqkNRHLpl9s,StarSystems III,256026,spotify:track:5K8hsK21BinXBIqrSeEC2L
2019-06-04T17:03:29Z,3D1HszFErNi4XiUNn57BmX,"Africa, Fantasy for Piano & Orchestra, Op. 89","436sYg6CZhNefQJogaXeK0, 0QlZBuR50e2W3So6QF2hWv, 3PxVHnLJg0RwOEkKQVrs2F, 5CikHclvyP2lfS3chGYTei","Camille Saint-Saëns, Orchestra Of Radio Luxembourg, Louis de Froment, Gabriel Tacchino",2cQ2g5pVnKMDvQXhW827Yj,Camille Saint-Saëns: Essential Works,660282,spotify:track:3D1HszFErNi4XiUNn57BmX
2019-05-26T01:44:02Z,5vZ9gxlf4KjJS1kMZps57N,"Nocturne in Eb Major, FP. 56 No. 7",7Ihfoi68laeuxOhTJLCa4l,Belle Chen,60JXmnIa0Ms7sSV9sZlKsj,Mediterranean Sounds,124996,spotify:track:5vZ9gxlf4KjJS1kMZps57N
2019-05-24T15:33:08Z,6ggb1oagTPRkdtVbIKktEk,Rättvikarnas Gånglåt,3pIi2neKji6b1PJoNc2DM1,Kebnekajse,7Ifz9TjI2pWWlKKpKvQNr4,Kebnekaise,307600,spotify:track:6ggb1oagTPRkdtVbIKktEk
2019-05-24T15:33:08Z,3ar2jLlccbrtHF4vWV5XKB,Horgalåten,3pIi2neKji6b1PJoNc2DM1,Kebnekajse,7Ifz9TjI2pWWlKKpKvQNr4,Kebnekaise,378813,spotify:track:3ar2jLlccbrtHF4vWV5XKB
2019-05-24T15:33:08Z,2y5xIDwUgWyi63EfbAFcJd,Skänklåt från Rättvik,3pIi2neKji6b1PJoNc2DM1,Kebnekajse,7Ifz9TjI2pWWlKKpKvQNr4,Kebnekaise,511826,spotify:track:2y5xIDwUgWyi63EfbAFcJd
2019-05-24T15:33:08Z,1LSxdrJu5hlFwOSNjami3I,Barkbrödslåten,3pIi2neKji6b1PJoNc2DM1,Kebnekajse,7Ifz9TjI2pWWlKKpKvQNr4,Kebnekaise,276973,spotify:track:1LSxdrJu5hlFwOSNjami3I
2019-05-24T15:33:08Z,6i2SYlnm82LLsGCFxjb8tf,Comanche Spring,3pIi2neKji6b1PJoNc2DM1,Kebnekajse,7Ifz9TjI2pWWlKKpKvQNr4,Kebnekaise,961666,spotify:track:6i2SYlnm82LLsGCFxjb8tf
2019-05-24T15:33:08Z,4AWFekDhI2JgfamUvh2342,Horgalåten - Bonus Track,3pIi2neKji6b1PJoNc2DM1,Kebnekajse,7Ifz9TjI2pWWlKKpKvQNr4,Kebnekaise,858946,spotify:track:4AWFekDhI2JgfamUvh2342
2019-05-20T06:19:21Z,3XSgMh3uOxetzQaNeUXuMW,A Three-Legged Workhorse,0MG4LXIw7n4x0wjDc6WYXk,This Will Destroy You,2TO918M2yCcBrSAsFsX4E5,S / T (10th Anniversary Edition),552693,spotify:track:3XSgMh3uOxetzQaNeUXuMW
2019-05-20T06:19:21Z,2Ti92OEzVWYc3OwB70V0m5,Villa Del Refugio,0MG4LXIw7n4x0wjDc6WYXk,This Will Destroy You,2TO918M2yCcBrSAsFsX4E5,S / T (10th Anniversary Edition),426186,spotify:track:2Ti92OEzVWYc3OwB70V0m5
2019-05-20T06:19:21Z,7o9Q9skkGv8epi6rFfR8aD,Threads,0MG4LXIw7n4x0wjDc6WYXk,This Will Destroy You,2TO918M2yCcBrSAsFsX4E5,S / T (10th Anniversary Edition),341640,spotify:track:7o9Q9skkGv8epi6rFfR8aD
2019-05-20T06:19:21Z,1EOtYFK5zpoY72pzEQZhsF,Leather Wings,0MG4LXIw7n4x0wjDc6WYXk,This Will Destroy You,2TO918M2yCcBrSAsFsX4E5,S / T (10th Anniversary Edition),210706,spotify:track:1EOtYFK5zpoY72pzEQZhsF
2019-05-20T06:19:21Z,79HWaGBKqZhXgRkze4twbZ,The Mighty Rio Grande,0MG4LXIw7n4x0wjDc6WYXk,This Will Destroy You,2TO918M2yCcBrSAsFsX4E5,S / T (10th Anniversary Edition),678013,spotify:track:79HWaGBKqZhXgRkze4twbZ
2019-05-20T06:19:21Z,44VKXnwtpDFcEPNEZzFsFn,They Move on Tracks of Never - Ending Light,0MG4LXIw7n4x0wjDc6WYXk,This Will Destroy You,2TO918M2yCcBrSAsFsX4E5,S / T (10th Anniversary Edition),419386,spotify:track:44VKXnwtpDFcEPNEZzFsFn
2019-05-20T06:19:21Z,2LMXHXNqtXOz3JDtH5HkWC,Burial on the Presidio Banks,0MG4LXIw7n4x0wjDc6WYXk,This Will Destroy You,2TO918M2yCcBrSAsFsX4E5,S / T (10th Anniversary Edition),463440,spotify:track:2LMXHXNqtXOz3JDtH5HkWC
2019-05-20T06:19:21Z,1UxfT2rULhRo3FmmTK56Sn,Language of Memory,0MG4LXIw7n4x0wjDc6WYXk,This Will Destroy You,2TO918M2yCcBrSAsFsX4E5,S / T (10th Anniversary Edition),264373,spotify:track:1UxfT2rULhRo3FmmTK56Sn
2019-05-17T14:19:43Z,6R7fAiIfgopeIEciX25lun,Odyssey,16Uqo1jjtPiKI4zU1Ficgb,Scale The Summit,2oL78CzVNt1WXsa0Etvpo7,The Migration,312520,spotify:track:6R7fAiIfgopeIEciX25lun
2019-05-17T14:19:43Z,02v81HQA1yS0DSZ4dw3YzF,Atlas Novus,16Uqo1jjtPiKI4zU1Ficgb,Scale The Summit,2oL78CzVNt1WXsa0Etvpo7,The Migration,307106,spotify:track:02v81HQA1yS0DSZ4dw3YzF
2019-05-17T14:19:43Z,5kwwpKxdH9Jp211Q7yDHVT,The Olive Tree,16Uqo1jjtPiKI4zU1Ficgb,Scale The Summit,2oL78CzVNt1WXsa0Etvpo7,The Migration,307813,spotify:track:5kwwpKxdH9Jp211Q7yDHVT
2019-05-17T14:19:43Z,3wHplNWGpH6JOmFjmyxMJP,Narrow Salient,16Uqo1jjtPiKI4zU1Ficgb,Scale The Summit,2oL78CzVNt1WXsa0Etvpo7,The Migration,214773,spotify:track:3wHplNWGpH6JOmFjmyxMJP
2019-05-17T14:19:43Z,6qMhSCfd0SfSClvQhu0LpG,Oracle,16Uqo1jjtPiKI4zU1Ficgb,Scale The Summit,2oL78CzVNt1WXsa0Etvpo7,The Migration,330960,spotify:track:6qMhSCfd0SfSClvQhu0LpG
2019-05-17T14:19:43Z,0JGJjPh3inXInUIxv44uqL,Evergreen,16Uqo1jjtPiKI4zU1Ficgb,Scale The Summit,2oL78CzVNt1WXsa0Etvpo7,The Migration,101240,spotify:track:0JGJjPh3inXInUIxv44uqL
2019-05-17T14:19:43Z,17wrGS0QmHc5MOGNm3FrpW,The Dark Horse,16Uqo1jjtPiKI4zU1Ficgb,Scale The Summit,2oL78CzVNt1WXsa0Etvpo7,The Migration,252253,spotify:track:17wrGS0QmHc5MOGNm3FrpW
2019-05-17T14:19:43Z,3i5kcNoGMr2OBBv1UVwVsS,Willow,16Uqo1jjtPiKI4zU1Ficgb,Scale The Summit,2oL78CzVNt1WXsa0Etvpo7,The Migration,306826,spotify:track:3i5kcNoGMr2OBBv1UVwVsS
2019-05-17T14:19:43Z,1kLskB4cAFZeKgGVVn36MD,Sabrosa,16Uqo1jjtPiKI4zU1Ficgb,Scale The Summit,2oL78CzVNt1WXsa0Etvpo7,The Migration,31440,spotify:track:1kLskB4cAFZeKgGVVn36MD
2019-05-17T14:19:43Z,5cMLp4AneL7d5k3b1Z9AmJ,The Traveler,16Uqo1jjtPiKI4zU1Ficgb,Scale The Summit,2oL78CzVNt1WXsa0Etvpo7,The Migration,364840,spotify:track:5cMLp4AneL7d5k3b1Z9AmJ
2019-05-15T16:59:09Z,0qxYx4F3vm1AOnfux6dDxP,You Can Call Me Al,2CvCyf1gEVhI0mX6aFXmVI,Paul Simon,6WgGWYw6XXQyLTsWt7tXky,Graceland (25th Anniversary Deluxe Edition),280586,spotify:track:0qxYx4F3vm1AOnfux6dDxP
2019-05-14T21:43:45Z,4mDcxkwCP16A9HCWgpeKEE,Bunny: The Trip To Pakistan/Da Sneck O' Da Smaalie/The Bunny's H,2aSciQve2zNJERGB9yLluB,Steampacket,6hIUJlcTh8leWf14YTPrPm,Homecoming,233480,spotify:track:4mDcxkwCP16A9HCWgpeKEE
2019-05-14T21:43:45Z,5Vc6ab3v5s7lSaBvwCh8J1,Mickey's: Winnie Hayes'/Brian O'lynn's/Mickey Dan's ' Jigs,2aSciQve2zNJERGB9yLluB,Steampacket,6hIUJlcTh8leWf14YTPrPm,Homecoming,287773,spotify:track:5Vc6ab3v5s7lSaBvwCh8J1
2019-05-14T21:43:45Z,0lOu3UzdAwELIzewftTxvJ,Anna's Song,2aSciQve2zNJERGB9yLluB,Steampacket,6hIUJlcTh8leWf14YTPrPm,Homecoming,194093,spotify:track:0lOu3UzdAwELIzewftTxvJ
2019-05-14T21:43:45Z,2bXJTuYIUBIpE1YYxhwlgj,Santiago,2aSciQve2zNJERGB9yLluB,Steampacket,6hIUJlcTh8leWf14YTPrPm,Homecoming,254853,spotify:track:2bXJTuYIUBIpE1YYxhwlgj
2019-05-14T21:43:45Z,3kwJMW6GGDKcLf02SzRWkT,Till's: Breton Tune/Quarter Waltz ' Gavotte/Waltz,2aSciQve2zNJERGB9yLluB,Steampacket,6hIUJlcTh8leWf14YTPrPm,Homecoming,198680,spotify:track:3kwJMW6GGDKcLf02SzRWkT
2019-05-14T21:43:45Z,7rEGEipCIzHzlUt6W9Ibp7,Fiach's: Fahy'/The Umbilical Cord/Farewell To Phillip Lane ' R,2aSciQve2zNJERGB9yLluB,Steampacket,6hIUJlcTh8leWf14YTPrPm,Homecoming,284720,spotify:track:7rEGEipCIzHzlUt6W9Ibp7
2019-05-14T21:43:45Z,6B9aIYpVQUEnmg9Xw7a9T5,High Noon: The Stage/The High Noon Killer/The Kerry Lasses ' H,2aSciQve2zNJERGB9yLluB,Steampacket,6hIUJlcTh8leWf14YTPrPm,Homecoming,310106,spotify:track:6B9aIYpVQUEnmg9Xw7a9T5
2019-05-14T21:43:45Z,3NZz8ZUBiA3YZTUQstk9CP,Brian's,2aSciQve2zNJERGB9yLluB,Steampacket,6hIUJlcTh8leWf14YTPrPm,Homecoming,206440,spotify:track:3NZz8ZUBiA3YZTUQstk9CP
2019-05-14T21:43:45Z,2cbSNi8fU67dJaA8aTErOH,Eilis: Eilis' Bones/Charlie Lennon's/The Doon Reel/The Curlew ',2aSciQve2zNJERGB9yLluB,Steampacket,6hIUJlcTh8leWf14YTPrPm,Homecoming,276866,spotify:track:2cbSNi8fU67dJaA8aTErOH
2019-05-14T21:43:45Z,0rlD3USygv8DArTT4PRFnT,Finland: Laihhian Polkka/Kuortaneen Polkka ' Finnish Polkkas,2aSciQve2zNJERGB9yLluB,Steampacket,6hIUJlcTh8leWf14YTPrPm,Homecoming,220640,spotify:track:0rlD3USygv8DArTT4PRFnT
2019-05-14T21:43:45Z,5r0m7fnmUjMpwZOIgsiilM,Cloverfield: Cloverfield Corner/George White's Favourite/The Coc,2aSciQve2zNJERGB9yLluB,Steampacket,6hIUJlcTh8leWf14YTPrPm,Homecoming,304040,spotify:track:5r0m7fnmUjMpwZOIgsiilM
2019-05-14T21:43:45Z,44H31iPdGo2hzy0cGyO05D,Waltz For Pelle,2aSciQve2zNJERGB9yLluB,Steampacket,6hIUJlcTh8leWf14YTPrPm,Homecoming,562946,spotify:track:44H31iPdGo2hzy0cGyO05D
2019-05-14T08:02:14Z,39C5FuZ8C8M0QI8CrMsPkR,Foreplay / Long Time,29kkCKKGXheHuoO829FxWK,Boston,2QLp07RO6anZHmtcKTEvSC,Boston,467640,spotify:track:39C5FuZ8C8M0QI8CrMsPkR
2019-05-13T15:21:49Z,10Zbcuxvlig5qUDmuGgEcL,Also Sprach Zarathustra,0hE3uA2w3guHeKvuc7BpRr,Deodato,61UptfdHkRU4XLENPYQcSv,Prelude (CTI Records 40th Anniversary Edition),541173,spotify:track:10Zbcuxvlig5qUDmuGgEcL
2019-05-09T22:22:04Z,2xUccaFCvLxQtFk3zcohLr,Take Me Back to My Boots and Saddle (Arr. A. Tatum),3DtSOCXYU6o4EV0K1NgIKq,Art Tatum,4h0XhI0cwiCvbByLFeAV2m,Art Tatum - The Standard Transcriptions,143066,spotify:track:2xUccaFCvLxQtFk3zcohLr
2019-05-09T22:22:04Z,6LjVCqkoweoGBlgIOs9ogc,Tiger Rag (Arr. A. Tatum),3DtSOCXYU6o4EV0K1NgIKq,Art Tatum,4h0XhI0cwiCvbByLFeAV2m,Art Tatum - The Standard Transcriptions,154266,spotify:track:6LjVCqkoweoGBlgIOs9ogc
2019-05-09T22:22:04Z,7fMkvsNiVz1oQqDpetrC6y,Dixieland Band (Arr. A. Tatum),3DtSOCXYU6o4EV0K1NgIKq,Art Tatum,4h0XhI0cwiCvbByLFeAV2m,Art Tatum - The Standard Transcriptions,97066,spotify:track:7fMkvsNiVz1oQqDpetrC6y
2019-05-09T22:22:04Z,0JTDuAGrwGH0n9mJuiTVpq,The Shout,3DtSOCXYU6o4EV0K1NgIKq,Art Tatum,4h0XhI0cwiCvbByLFeAV2m,Art Tatum - The Standard Transcriptions,133400,spotify:track:0JTDuAGrwGH0n9mJuiTVpq
2019-05-09T22:22:04Z,61JFhGRsRxuffqFtbwRbWW,Monday in Manhattan (Arr. A. Tatum),3DtSOCXYU6o4EV0K1NgIKq,Art Tatum,4h0XhI0cwiCvbByLFeAV2m,Art Tatum - The Standard Transcriptions,139533,spotify:track:61JFhGRsRxuffqFtbwRbWW
2019-05-09T22:22:04Z,2faqHvyh1PHGGmhStLMMJ7,(I Would Do) Anything for You [arr. A. Tatum],3DtSOCXYU6o4EV0K1NgIKq,Art Tatum,4h0XhI0cwiCvbByLFeAV2m,Art Tatum - The Standard Transcriptions,135400,spotify:track:2faqHvyh1PHGGmhStLMMJ7
2019-05-09T22:22:04Z,2n2avTxDfAMciWr1vK56nY,Theme for Piano,3DtSOCXYU6o4EV0K1NgIKq,Art Tatum,4h0XhI0cwiCvbByLFeAV2m,Art Tatum - The Standard Transcriptions,62333,spotify:track:2n2avTxDfAMciWr1vK56nY
2019-05-09T22:22:04Z,3o9RH2Ww9U0QR6j2RqwdNd,In the Middle of a Kiss (Arr. A. Tatum),3DtSOCXYU6o4EV0K1NgIKq,Art Tatum,4h0XhI0cwiCvbByLFeAV2m,Art Tatum - The Standard Transcriptions,157266,spotify:track:3o9RH2Ww9U0QR6j2RqwdNd
2019-05-09T22:22:04Z,1iemRk7nyqVuLNzmjly5gP,I Wish I Were Twins (Arr. A. Tatum),3DtSOCXYU6o4EV0K1NgIKq,Art Tatum,4h0XhI0cwiCvbByLFeAV2m,Art Tatum - The Standard Transcriptions,133800,spotify:track:1iemRk7nyqVuLNzmjly5gP
2019-05-09T22:22:04Z,1KAWl8N5e6IKVe6EujDFlc,Devil In the Moon (Arr. A. Tatum),3DtSOCXYU6o4EV0K1NgIKq,Art Tatum,4h0XhI0cwiCvbByLFeAV2m,Art Tatum - The Standard Transcriptions,197426,spotify:track:1KAWl8N5e6IKVe6EujDFlc
2019-05-09T22:22:04Z,3q0l7niRoU5uqTTMpCb7ai,Happy Feet (Arr. A. Tatum),3DtSOCXYU6o4EV0K1NgIKq,Art Tatum,4h0XhI0cwiCvbByLFeAV2m,Art Tatum - The Standard Transcriptions,106106,spotify:track:3q0l7niRoU5uqTTMpCb7ai
2019-05-09T22:22:04Z,64fN5JJxube2arGA3OZeZF,Royal Garden Blues (Arr. A. Tatum),3DtSOCXYU6o4EV0K1NgIKq,Art Tatum,4h0XhI0cwiCvbByLFeAV2m,Art Tatum - The Standard Transcriptions,147000,spotify:track:64fN5JJxube2arGA3OZeZF
2019-05-09T22:22:04Z,3cAklv1w7BDGRnE1O8UH7K,Ain't Misbehavin' (Arr. A. Tatum),3DtSOCXYU6o4EV0K1NgIKq,Art Tatum,4h0XhI0cwiCvbByLFeAV2m,Art Tatum - The Standard Transcriptions,159400,spotify:track:3cAklv1w7BDGRnE1O8UH7K
2019-05-09T22:22:04Z,78myGjVDtZpfhi50dgYPUo,Star Dust (Arr. A. Tatum),3DtSOCXYU6o4EV0K1NgIKq,Art Tatum,4h0XhI0cwiCvbByLFeAV2m,Art Tatum - The Standard Transcriptions,156666,spotify:track:78myGjVDtZpfhi50dgYPUo
2019-05-09T22:22:04Z,4qIMmx0XNfT2L5eHfG26tG,Sweet Lorraine (Arr. A. Tatum),3DtSOCXYU6o4EV0K1NgIKq,Art Tatum,4h0XhI0cwiCvbByLFeAV2m,Art Tatum - The Standard Transcriptions,155333,spotify:track:4qIMmx0XNfT2L5eHfG26tG
2019-05-09T22:22:04Z,5YQS1DqIyONf2RWGgokQFr,I'll Never Be the Same (Arr. A. Tatum),3DtSOCXYU6o4EV0K1NgIKq,Art Tatum,4h0XhI0cwiCvbByLFeAV2m,Art Tatum - The Standard Transcriptions,155133,spotify:track:5YQS1DqIyONf2RWGgokQFr
2019-05-09T22:22:04Z,4eW52pX6lUXOed5CgYgFsZ,Judy (arr. A. Tatum) [Arr a. Tatum],3DtSOCXYU6o4EV0K1NgIKq,Art Tatum,4h0XhI0cwiCvbByLFeAV2m,Art Tatum - The Standard Transcriptions,140866,spotify:track:4eW52pX6lUXOed5CgYgFsZ
2019-05-09T22:22:04Z,74nuGE9G7W7TvCdyg8XSZD,Elegie (Arr. A. Tatum),3DtSOCXYU6o4EV0K1NgIKq,Art Tatum,4h0XhI0cwiCvbByLFeAV2m,Art Tatum - The Standard Transcriptions,148506,spotify:track:74nuGE9G7W7TvCdyg8XSZD
2019-05-09T22:22:04Z,15GUO3HSqhsalgcG5sHr4F,Make Believe (Arr. A. Tatum),3DtSOCXYU6o4EV0K1NgIKq,Art Tatum,4h0XhI0cwiCvbByLFeAV2m,Art Tatum - The Standard Transcriptions,134000,spotify:track:15GUO3HSqhsalgcG5sHr4F
2019-05-09T22:22:04Z,1OTOZqbc15wuVmrKovKOTL,Begin the Beguine (Arr. A. Tatum),3DtSOCXYU6o4EV0K1NgIKq,Art Tatum,4h0XhI0cwiCvbByLFeAV2m,Art Tatum - The Standard Transcriptions,167133,spotify:track:1OTOZqbc15wuVmrKovKOTL
2019-05-09T22:22:04Z,51gj42VreBcC9ANuOAgEvT,It Had to Be You (Arr. A. Tatum),3DtSOCXYU6o4EV0K1NgIKq,Art Tatum,4h0XhI0cwiCvbByLFeAV2m,Art Tatum - The Standard Transcriptions,148893,spotify:track:51gj42VreBcC9ANuOAgEvT
2019-05-09T22:22:04Z,4iKWIToTuo61tpdJjEgz27,"8 Humoresques, Op. 101, B. 187, No. 7. Poco lento e grazioso in G-Flat Major: 8 Humoresques, Op. 101, B. 187: No. 7, Poco lento e grazioso in G-Flat Major (Arr. A. Tatum)",3DtSOCXYU6o4EV0K1NgIKq,Art Tatum,4h0XhI0cwiCvbByLFeAV2m,Art Tatum - The Standard Transcriptions,139533,spotify:track:4iKWIToTuo61tpdJjEgz27
2019-05-09T22:22:04Z,6DmNiwSBk8lh7YrbIKcA0N,Lullaby in Rhythm (Arr. A. Tatum),3DtSOCXYU6o4EV0K1NgIKq,Art Tatum,4h0XhI0cwiCvbByLFeAV2m,Art Tatum - The Standard Transcriptions,119693,spotify:track:6DmNiwSBk8lh7YrbIKcA0N
2019-05-09T22:22:04Z,0Lb7YRNX5mA3ZVw18yx581,Over the Rainbow (Arr. A. Tatum),3DtSOCXYU6o4EV0K1NgIKq,Art Tatum,4h0XhI0cwiCvbByLFeAV2m,Art Tatum - The Standard Transcriptions,227960,spotify:track:0Lb7YRNX5mA3ZVw18yx581
2019-05-09T22:22:04Z,1MCIqLIyehTOXI32eVJZ1d,All God's Chillun Got Rhythm (Arr. A. Tatum),3DtSOCXYU6o4EV0K1NgIKq,Art Tatum,4h0XhI0cwiCvbByLFeAV2m,Art Tatum - The Standard Transcriptions,115333,spotify:track:1MCIqLIyehTOXI32eVJZ1d
2019-05-09T22:22:04Z,1Yhy8LBVVJZfJhAnmneblM,Indiana (Back Home Again in Indiana) [arr. A. Tatum],3DtSOCXYU6o4EV0K1NgIKq,Art Tatum,4h0XhI0cwiCvbByLFeAV2m,Art Tatum - The Standard Transcriptions,124306,spotify:track:1Yhy8LBVVJZfJhAnmneblM
2019-05-09T22:22:04Z,5IuBhrjhG8DRhZDijVdbIp,"Day In, Day Out (Arr. A. Tatum)",3DtSOCXYU6o4EV0K1NgIKq,Art Tatum,4h0XhI0cwiCvbByLFeAV2m,Art Tatum - The Standard Transcriptions,207760,spotify:track:5IuBhrjhG8DRhZDijVdbIp
2019-05-09T22:22:04Z,7iShDVE1Vgl42EtvxfwkSP,Fine and Dandy (Arr. A. Tatum),3DtSOCXYU6o4EV0K1NgIKq,Art Tatum,4h0XhI0cwiCvbByLFeAV2m,Art Tatum - The Standard Transcriptions,108506,spotify:track:7iShDVE1Vgl42EtvxfwkSP
2019-05-09T22:22:04Z,3a4SdbY9hWmv7mDCNt1C8R,I'm Coming Virginia (Arr. A. Tatum),3DtSOCXYU6o4EV0K1NgIKq,Art Tatum,4h0XhI0cwiCvbByLFeAV2m,Art Tatum - The Standard Transcriptions,156266,spotify:track:3a4SdbY9hWmv7mDCNt1C8R
2019-05-09T22:22:04Z,1ilVEcZtCeFaV745TnVhA2,Body and Soul (Arr. A. Tatum),3DtSOCXYU6o4EV0K1NgIKq,Art Tatum,4h0XhI0cwiCvbByLFeAV2m,Art Tatum - The Standard Transcriptions,173333,spotify:track:1ilVEcZtCeFaV745TnVhA2
2019-05-09T22:22:04Z,4qUdNhS25k8AkOtwtAdh6l,What Is This Thing Called Love? (Arr. A. Tatum),3DtSOCXYU6o4EV0K1NgIKq,Art Tatum,4h0XhI0cwiCvbByLFeAV2m,Art Tatum - The Standard Transcriptions,156706,spotify:track:4qUdNhS25k8AkOtwtAdh6l
2019-05-09T22:22:04Z,5Hy8G5MAqkS0PPMhqGLKnF,Crazy Rhythm (Arr. A. Tatum),3DtSOCXYU6o4EV0K1NgIKq,Art Tatum,4h0XhI0cwiCvbByLFeAV2m,Art Tatum - The Standard Transcriptions,137000,spotify:track:5Hy8G5MAqkS0PPMhqGLKnF
2019-05-09T22:22:04Z,7kRU3hXuawMjN1qnHGlqZh,Can't We Be Friends (Arr. A. Tatum),3DtSOCXYU6o4EV0K1NgIKq,Art Tatum,4h0XhI0cwiCvbByLFeAV2m,Art Tatum - The Standard Transcriptions,151293,spotify:track:7kRU3hXuawMjN1qnHGlqZh
2019-05-09T22:22:04Z,532zeBtUh3eauycM46gbtD,Limehouse Blues (Arr. A. Tatum),3DtSOCXYU6o4EV0K1NgIKq,Art Tatum,4h0XhI0cwiCvbByLFeAV2m,Art Tatum - The Standard Transcriptions,139706,spotify:track:532zeBtUh3eauycM46gbtD
2019-05-09T22:22:04Z,0Zb5SYyarmQ33RFbKpdjOk,I'm Gonna Sit Right Down and Write Myself a Letter (Arr. A. Tatum),3DtSOCXYU6o4EV0K1NgIKq,Art Tatum,4h0XhI0cwiCvbByLFeAV2m,Art Tatum - The Standard Transcriptions,159800,spotify:track:0Zb5SYyarmQ33RFbKpdjOk
2019-05-09T22:22:04Z,1vxwG11slLBb3nzYnoAaRB,"George White's Scandals of 1924, Somebody loves me: Somebody loves me (Arr. A. Tatum)",3DtSOCXYU6o4EV0K1NgIKq,Art Tatum,4h0XhI0cwiCvbByLFeAV2m,Art Tatum - The Standard Transcriptions,143933,spotify:track:1vxwG11slLBb3nzYnoAaRB
2019-05-09T22:22:04Z,5m28q75hDHMUnAYTSFawkM,If I Could Be With You (One Hour Tonight) [arr. A. Tatum],3DtSOCXYU6o4EV0K1NgIKq,Art Tatum,4h0XhI0cwiCvbByLFeAV2m,Art Tatum - The Standard Transcriptions,167133,spotify:track:5m28q75hDHMUnAYTSFawkM
2019-05-09T22:22:04Z,7aQ4iyvqKdruOwDj8FddWy,Tea for Two (Arr. A. Tatum),3DtSOCXYU6o4EV0K1NgIKq,Art Tatum,4h0XhI0cwiCvbByLFeAV2m,Art Tatum - The Standard Transcriptions,155133,spotify:track:7aQ4iyvqKdruOwDj8FddWy
2019-05-09T22:22:04Z,6KHU5OKqz5AI2a4Zz9qI7i,Mean to Me (Arr. A. Tatum),3DtSOCXYU6o4EV0K1NgIKq,Art Tatum,4h0XhI0cwiCvbByLFeAV2m,Art Tatum - The Standard Transcriptions,157133,spotify:track:6KHU5OKqz5AI2a4Zz9qI7i
2019-05-09T22:22:04Z,6HPqij1N6J9ODvCbnHMPBd,It's Only a Paper Moon (Arr. A. Tatum),3DtSOCXYU6o4EV0K1NgIKq,Art Tatum,4h0XhI0cwiCvbByLFeAV2m,Art Tatum - The Standard Transcriptions,166333,spotify:track:6HPqij1N6J9ODvCbnHMPBd
2019-05-09T22:22:04Z,1oon45SzYc9UvES15FJNfn,Just a Gigolo (Arr. A. Tatum),3DtSOCXYU6o4EV0K1NgIKq,Art Tatum,4h0XhI0cwiCvbByLFeAV2m,Art Tatum - The Standard Transcriptions,151866,spotify:track:1oon45SzYc9UvES15FJNfn
2019-05-09T22:22:04Z,4Z9t2peOu3LQQSsqzsbhOp,Three Little Words (Arr. A. Tatum),3DtSOCXYU6o4EV0K1NgIKq,Art Tatum,4h0XhI0cwiCvbByLFeAV2m,Art Tatum - The Standard Transcriptions,145266,spotify:track:4Z9t2peOu3LQQSsqzsbhOp
2019-05-09T22:22:04Z,4KNP6yxnHI35KZIaZM6sFL,I Gotta Right to Sing the Blues (Arr. A. Tatum),3DtSOCXYU6o4EV0K1NgIKq,Art Tatum,4h0XhI0cwiCvbByLFeAV2m,Art Tatum - The Standard Transcriptions,158933,spotify:track:4KNP6yxnHI35KZIaZM6sFL
2019-05-06T10:28:23Z,2pwG1fhFogBEiub9vErZNu,Airbag,"5FWTu1MZdB5fjKif2rZldJ, 2ieAXAuLe6qQ3RJsqCxpoC","Easy Star All-Stars, Horace Andy",775nfRVFPVu7WSsIju6ipJ,Radiodread,300733,spotify:track:2pwG1fhFogBEiub9vErZNu
2019-05-06T10:28:23Z,4JNlOKg1uTY6O4RzvSStaa,Paranoid Android,"5FWTu1MZdB5fjKif2rZldJ, 0YeEqqH8efdDlbXRKH3A7C","Easy Star All-Stars, Kirsty Rock",775nfRVFPVu7WSsIju6ipJ,Radiodread,387853,spotify:track:4JNlOKg1uTY6O4RzvSStaa
2019-05-06T10:28:23Z,0k7Kj4k8vltt8HNihLKZ80,Exit Music - For A Film,"5FWTu1MZdB5fjKif2rZldJ, 6iTD167bhyfYwEd7fd2bGn","Easy Star All-Stars, Sugar Minott",775nfRVFPVu7WSsIju6ipJ,Radiodread,263586,spotify:track:0k7Kj4k8vltt8HNihLKZ80
2019-05-06T10:28:23Z,2nTcHYwkqK6NM54OExjDEi,Karma Police,"5FWTu1MZdB5fjKif2rZldJ, 7enBrBojgBJuPPdqTq4Z5F","Easy Star All-Stars, Citizen Cope",775nfRVFPVu7WSsIju6ipJ,Radiodread,288080,spotify:track:2nTcHYwkqK6NM54OExjDEi
2019-05-06T10:28:23Z,3yM0MhRssXgTB52QPuqNyj,Fitter Happier,"5FWTu1MZdB5fjKif2rZldJ, 3fzpsb8HWWrlHLlbr03UvM","Easy Star All-Stars, Menny Moore",775nfRVFPVu7WSsIju6ipJ,Radiodread,140040,spotify:track:3yM0MhRssXgTB52QPuqNyj
2019-05-06T10:28:23Z,7BifhsYeujLMzl68HNolEY,Electioneering,"5FWTu1MZdB5fjKif2rZldJ, 3VV18HyGcfLTqNjSjbROA1","Easy Star All-Stars, Morgan Heritage",775nfRVFPVu7WSsIju6ipJ,Radiodread,274106,spotify:track:7BifhsYeujLMzl68HNolEY
2019-05-06T10:28:23Z,19BCiU3S6eZL2urn27gqYe,Climbing Up The Walls,"5FWTu1MZdB5fjKif2rZldJ, 7JIvYIoSFTMVO2q7FoWO1e","Easy Star All-Stars, Tamar-Kali",775nfRVFPVu7WSsIju6ipJ,Radiodread,296493,spotify:track:19BCiU3S6eZL2urn27gqYe
2019-05-06T10:28:23Z,1hEKIdoyuci6riVWSIGxRB,The Tourist,"5FWTu1MZdB5fjKif2rZldJ, 1xtjg2cUlPvukxSL4YNsVu, 4d4ZHZBZERLxTwWdyqXPYw","Easy Star All-Stars, Israel Vibration - Skelly Vibe, Skelly Vibe",775nfRVFPVu7WSsIju6ipJ,Radiodread,247373,spotify:track:1hEKIdoyuci6riVWSIGxRB
2019-05-06T10:28:23Z,2gH7dCrgeUJ69rlsyhf5wl,Exit Music - Bonus Track,5FWTu1MZdB5fjKif2rZldJ,Easy Star All-Stars,775nfRVFPVu7WSsIju6ipJ,Radiodread,279693,spotify:track:2gH7dCrgeUJ69rlsyhf5wl
2019-05-06T10:28:23Z,03AVp6XaKAsfCK6jQAvQXQ,An Airbag Saved My Dub - Bonus Track,5FWTu1MZdB5fjKif2rZldJ,Easy Star All-Stars,775nfRVFPVu7WSsIju6ipJ,Radiodread,290813,spotify:track:03AVp6XaKAsfCK6jQAvQXQ
2019-05-03T22:46:03Z,43lqAj6cSXyqp3GE4NuDb6,Volunteered Slavery,1YwfENKEZrowcmtR1nALZn,The Derek Trucks Band,1T6rgbl3cemngWpcLC99MH,Songlines,125226,spotify:track:43lqAj6cSXyqp3GE4NuDb6
2019-05-03T22:46:03Z,450xbRHJA2VelSU3XF51m3,I'll Find My Way - Live,1YwfENKEZrowcmtR1nALZn,The Derek Trucks Band,1T6rgbl3cemngWpcLC99MH,Songlines,263946,spotify:track:450xbRHJA2VelSU3XF51m3
2019-05-03T22:46:03Z,2b0ObO7Xk3qzJdMOhJc5c3,Crow Jane,1YwfENKEZrowcmtR1nALZn,The Derek Trucks Band,1T6rgbl3cemngWpcLC99MH,Songlines,233773,spotify:track:2b0ObO7Xk3qzJdMOhJc5c3
2019-05-03T22:46:03Z,3J7ftHdeBesSHblVt5629o,Sahib Teri Bandi - Maki Madni,1YwfENKEZrowcmtR1nALZn,The Derek Trucks Band,1T6rgbl3cemngWpcLC99MH,Songlines,593546,spotify:track:3J7ftHdeBesSHblVt5629o
2019-05-03T22:46:03Z,4TReILnUPT5f9opz2hvLLG,Chevrolet,1YwfENKEZrowcmtR1nALZn,The Derek Trucks Band,1T6rgbl3cemngWpcLC99MH,Songlines,144000,spotify:track:4TReILnUPT5f9opz2hvLLG
2019-05-03T22:46:03Z,0YqZ7OvzkjADdTx6XsAN0F,Sailing On,1YwfENKEZrowcmtR1nALZn,The Derek Trucks Band,1T6rgbl3cemngWpcLC99MH,Songlines,227853,spotify:track:0YqZ7OvzkjADdTx6XsAN0F
2019-05-03T22:46:03Z,7eHwc2WoWA6nLKxICxLaVe,Revolution,1YwfENKEZrowcmtR1nALZn,The Derek Trucks Band,1T6rgbl3cemngWpcLC99MH,Songlines,188066,spotify:track:7eHwc2WoWA6nLKxICxLaVe
2019-05-03T22:46:03Z,6TH2QNqd4l7TSerz5j9LpA,"I'd Rather Be Blind, Crippled and Crazy",1YwfENKEZrowcmtR1nALZn,The Derek Trucks Band,1T6rgbl3cemngWpcLC99MH,Songlines,273426,spotify:track:6TH2QNqd4l7TSerz5j9LpA
2019-05-03T22:46:03Z,0dGiZ7JMPKfaNYNKlVg832,All I Do,1YwfENKEZrowcmtR1nALZn,The Derek Trucks Band,1T6rgbl3cemngWpcLC99MH,Songlines,391053,spotify:track:0dGiZ7JMPKfaNYNKlVg832
2019-05-03T22:46:03Z,63vHcwKwpTr6v4mtT3IFwH,Mahjoun,1YwfENKEZrowcmtR1nALZn,The Derek Trucks Band,1T6rgbl3cemngWpcLC99MH,Songlines,147813,spotify:track:63vHcwKwpTr6v4mtT3IFwH
2019-05-03T22:46:03Z,6py9IXQ8749CaR3s9C18ce,I Wish I Knew (How It Would Feel To Be Free),1YwfENKEZrowcmtR1nALZn,The Derek Trucks Band,1T6rgbl3cemngWpcLC99MH,Songlines,247000,spotify:track:6py9IXQ8749CaR3s9C18ce
2019-05-03T22:46:03Z,7CF9D6br57ovVM7bo6B1jB,This Sky,1YwfENKEZrowcmtR1nALZn,The Derek Trucks Band,1T6rgbl3cemngWpcLC99MH,Songlines,391986,spotify:track:7CF9D6br57ovVM7bo6B1jB
2019-05-02T18:07:13Z,6Ud16saJTj7RYZolKEENE3,Infinite Mirror,0TF6B1cp2QZXLE0NjhTMT9,LITE,61kijqkLmurIjlNOv65WYJ,Phantasia,279013,spotify:track:6Ud16saJTj7RYZolKEENE3
2019-05-02T18:02:11Z,6wUU6ff7O1jlE4NOrv01gI,re:member,7E3BRXV9ZbCt5lQTCXMTia,Ólafur Arnalds,6JpQGIi2he6iskzR4aLwPG,re:member,364648,spotify:track:6wUU6ff7O1jlE4NOrv01gI
2019-05-02T18:02:11Z,4x4g6v6b54vD1LmjreABrY,unfold,"7E3BRXV9ZbCt5lQTCXMTia, 6XZYAWJLL8UIbxAqjKj3cg","Ólafur Arnalds, SOHN",6JpQGIi2he6iskzR4aLwPG,re:member,238428,spotify:track:4x4g6v6b54vD1LmjreABrY
2019-05-02T18:02:11Z,5RqKo9P4DLA0bVyY70cWkr,saman,7E3BRXV9ZbCt5lQTCXMTia,Ólafur Arnalds,6JpQGIi2he6iskzR4aLwPG,re:member,131923,spotify:track:5RqKo9P4DLA0bVyY70cWkr
2019-05-02T18:02:11Z,1MjgqS0UuDJc0nfwVLKSXy,brot,7E3BRXV9ZbCt5lQTCXMTia,Ólafur Arnalds,6JpQGIi2he6iskzR4aLwPG,re:member,174400,spotify:track:1MjgqS0UuDJc0nfwVLKSXy
2019-05-02T18:02:11Z,4G5JEepKqWXQczsGinBPGY,inconsist,7E3BRXV9ZbCt5lQTCXMTia,Ólafur Arnalds,6JpQGIi2he6iskzR4aLwPG,re:member,271888,spotify:track:4G5JEepKqWXQczsGinBPGY
2019-05-02T18:02:11Z,4tnWEXeAgZWTRULCkJ6IGL,they sink,7E3BRXV9ZbCt5lQTCXMTia,Ólafur Arnalds,6JpQGIi2he6iskzR4aLwPG,re:member,155484,spotify:track:4tnWEXeAgZWTRULCkJ6IGL
2019-05-02T18:02:11Z,7b44iVYyWxXXhxtfIU3NTW,ypsilon,7E3BRXV9ZbCt5lQTCXMTia,Ólafur Arnalds,6JpQGIi2he6iskzR4aLwPG,re:member,235533,spotify:track:7b44iVYyWxXXhxtfIU3NTW
2019-05-02T18:02:11Z,5WwCAJy1ZuiN6Cn8xkSDgG,partial,7E3BRXV9ZbCt5lQTCXMTia,Ólafur Arnalds,6JpQGIi2he6iskzR4aLwPG,re:member,196088,spotify:track:5WwCAJy1ZuiN6Cn8xkSDgG
2019-05-02T18:02:11Z,2vD20Aj8Ru9NAmJl1Ca2qS,momentary,7E3BRXV9ZbCt5lQTCXMTia,Ólafur Arnalds,6JpQGIi2he6iskzR4aLwPG,re:member,125413,spotify:track:2vD20Aj8Ru9NAmJl1Ca2qS
2019-05-02T18:02:11Z,3u2R3fpfSNwvEWDzSVcXVS,undir,7E3BRXV9ZbCt5lQTCXMTia,Ólafur Arnalds,6JpQGIi2he6iskzR4aLwPG,re:member,390690,spotify:track:3u2R3fpfSNwvEWDzSVcXVS
2019-05-02T18:02:11Z,7fRvTEbngyFprSPRvRDyM8,ekki hugsa,7E3BRXV9ZbCt5lQTCXMTia,Ólafur Arnalds,6JpQGIi2he6iskzR4aLwPG,re:member,281500,spotify:track:7fRvTEbngyFprSPRvRDyM8
2019-05-02T18:02:11Z,3YjTarxfHHEBUWqW5532uv,nyepi,7E3BRXV9ZbCt5lQTCXMTia,Ólafur Arnalds,6JpQGIi2he6iskzR4aLwPG,re:member,254297,spotify:track:3YjTarxfHHEBUWqW5532uv
2019-05-02T17:46:56Z,5UuikgHTxSRFRnC0zXx10i,Aqualung,6w6z8m4WXX7Tub4Rb6Lu7R,Jethro Tull,0NGM3Ftwjw0dLNpAowmz3x,Aqualung (Special Edition),396186,spotify:track:5UuikgHTxSRFRnC0zXx10i
2019-05-02T15:13:05Z,3rjSA87foWFMhgSmT4MX3l,Handel / Arr Pluhar: Sinfonia (From Alcina HWV 34),"1QL7yTHrdahRMpvNtn6rI2, 7xB7TQUAeFWgqdkhGiArgZ, 3kC7VaScP8y69rzg0vsswQ","George Frideric Handel, Christina Pluhar, L'Arpeggiata",1O4kkAnaVjGnmXuDp5v8CA,Handel goes Wild,301040,spotify:track:3rjSA87foWFMhgSmT4MX3l
2019-05-01T16:57:03Z,75TSZPdXfUsWn78prOFnuC,A Midsummer Night's Dream: Wedding March and Variations (Arr. V. Horowitz),"6MF58APd3YV72Ln2eVg710, 1REQ0oSheoMNOJTGUcFZNf","Felix Mendelssohn, Valery Kuleshov",2RVfJfebOQ9E4PkADI71iS,Horowitz: Virtuoso Transcriptions for Piano,402360,spotify:track:75TSZPdXfUsWn78prOFnuC
2019-05-01T16:57:03Z,3TPQXtMPfze4Tw2JM2ZY2u,Waltz in F Minor,"4Ws5hSoABAwvGJ4LhHwHgq, 1REQ0oSheoMNOJTGUcFZNf","Vladimir Horowitz, Valery Kuleshov",2RVfJfebOQ9E4PkADI71iS,Horowitz: Virtuoso Transcriptions for Piano,135000,spotify:track:3TPQXtMPfze4Tw2JM2ZY2u
2019-05-01T16:57:03Z,0TYNQRJgecVZheV56hp1aR,Danse excentrique (Moment exotique),"4Ws5hSoABAwvGJ4LhHwHgq, 1REQ0oSheoMNOJTGUcFZNf","Vladimir Horowitz, Valery Kuleshov",2RVfJfebOQ9E4PkADI71iS,Horowitz: Virtuoso Transcriptions for Piano,163666,spotify:track:0TYNQRJgecVZheV56hp1aR
2019-05-01T16:57:03Z,0m8fKbeYGDiXMhWljSQlEA,"Variations on Themes from Carmen: Variations on a Theme from Bizet's ""Carmen""","4Ws5hSoABAwvGJ4LhHwHgq, 1REQ0oSheoMNOJTGUcFZNf","Vladimir Horowitz, Valery Kuleshov",2RVfJfebOQ9E4PkADI71iS,Horowitz: Virtuoso Transcriptions for Piano,259733,spotify:track:0m8fKbeYGDiXMhWljSQlEA
2019-05-01T16:57:03Z,23Pw11Uwcnyf6sJrlaCVvn,"19 Hungarian Rhapsodies, S. 244/R. 106: 19 Hungarian Rhapsodies, S. 244/R. 105: No. 19 in D Minor (Arr. V. Horowitz for piano)","1385hLNbrnbCJGokfH2ac2, 1REQ0oSheoMNOJTGUcFZNf","Franz Liszt, Valery Kuleshov",2RVfJfebOQ9E4PkADI71iS,Horowitz: Virtuoso Transcriptions for Piano,607933,spotify:track:23Pw11Uwcnyf6sJrlaCVvn
2019-05-01T16:57:03Z,2TWAzeKuEE3L8nm28I9KLd,"Annees de pelerinage, 1st year, Switzerland, S. 160/R. 10: VI. Vallee D'Obermann (Arr. V. Horowitz for piano)","1385hLNbrnbCJGokfH2ac2, 1REQ0oSheoMNOJTGUcFZNf","Franz Liszt, Valery Kuleshov",2RVfJfebOQ9E4PkADI71iS,Horowitz: Virtuoso Transcriptions for Piano,744240,spotify:track:2TWAzeKuEE3L8nm28I9KLd
2019-05-01T16:57:03Z,1yhgK5f4IwQnLp3ntgneA6,By the Water (Arr. V. Horowitz),"4Ws5hSoABAwvGJ4LhHwHgq, 284mnx33IWcymQEpMxyfHl, 1REQ0oSheoMNOJTGUcFZNf","Vladimir Horowitz, Modest Mussorgsky, Valery Kuleshov",2RVfJfebOQ9E4PkADI71iS,Horowitz: Virtuoso Transcriptions for Piano,261000,spotify:track:1yhgK5f4IwQnLp3ntgneA6
2019-05-01T16:57:03Z,5IbsXMJPq2CrESCYRHPpUQ,"Saint-Saens - Danse macabre, S. 555/R. 240: Danse macabre (Arr. V. Horowitz for piano)","1385hLNbrnbCJGokfH2ac2, 1REQ0oSheoMNOJTGUcFZNf","Franz Liszt, Valery Kuleshov",2RVfJfebOQ9E4PkADI71iS,Horowitz: Virtuoso Transcriptions for Piano,557093,spotify:track:5IbsXMJPq2CrESCYRHPpUQ
2019-05-01T16:57:03Z,1Zda1I0SUuaj4Ulmc4qCgR,"Etude-fantasie in E-Flat Major, Op. 4, ""Les Vagues""","4Ws5hSoABAwvGJ4LhHwHgq, 1REQ0oSheoMNOJTGUcFZNf","Vladimir Horowitz, Valery Kuleshov",2RVfJfebOQ9E4PkADI71iS,Horowitz: Virtuoso Transcriptions for Piano,165373,spotify:track:1Zda1I0SUuaj4Ulmc4qCgR
2019-05-01T16:57:03Z,58e2dBiqBYqYemtAwtatly,The Stars and Stripes Forever (Arr. V. Horowitz for piano),"6jNyNAMv2gNLnfaP0bzo7y, 1REQ0oSheoMNOJTGUcFZNf","John Philip Sousa, Valery Kuleshov",2RVfJfebOQ9E4PkADI71iS,Horowitz: Virtuoso Transcriptions for Piano,275133,spotify:track:58e2dBiqBYqYemtAwtatly
2019-04-27T16:24:30Z,07GvNcU1WdyZJq3XxP0kZa,Go Your Own Way - 2004 Remaster,08GQAI4eElDnROBrJRGE0X,Fleetwood Mac,1bt6q2SruMsBtcerNVtpZB,Rumours,223613,spotify:track:07GvNcU1WdyZJq3XxP0kZa
2019-04-27T13:28:09Z,0Cq7FAM0nK4xRXL5dSbGIS,Skies the Limit,08GQAI4eElDnROBrJRGE0X,Fleetwood Mac,3aXrkfZW8FzUDOU0RwQ401,Behind the Mask,225306,spotify:track:0Cq7FAM0nK4xRXL5dSbGIS
2019-04-25T13:50:03Z,4aOAzvRdOsZSwZIgwcdeL0,Let Down,4Z8W4fKeB5YxbusRsdQVPb,Radiohead,7dxKtc08dYeRVHt3p9CZJn,OK Computer,299560,spotify:track:4aOAzvRdOsZSwZIgwcdeL0
2019-04-25T12:47:24Z,3YVRR8MkRW0AXc2tHytGf4,Sanatrix,4ABwY5eHGrrwcv13gdDe55,Pop X,4B6qFXzEa4AWI3XjmauQQj,Lesbianitj,222000,spotify:track:3YVRR8MkRW0AXc2tHytGf4
2019-04-24T22:03:44Z,6GKQ8BYoRJxlE4cJJf4xw7,Attesa,1U0FaHAc4fcwQcYEJFgkm9,Balmorhea,5l7M2Pr5LZCAcamcEkaWX8,Balmorhea,194166,spotify:track:6GKQ8BYoRJxlE4cJJf4xw7
2019-04-20T10:38:28Z,6F8oB8ZuTr4PcnINPs9G38,Listen Here,304senzcXGpWqcpssNpmXJ,Brian Auger,5pfK3Tn3AyCOZ5neBh6qL6,Back to the Beginning: The Brian Auger Anthology,568826,spotify:track:6F8oB8ZuTr4PcnINPs9G38
2019-04-20T09:41:03Z,7cmrFR3BkvK4VlKjZqupLt,Country Road,5s4z3mRAE7nxE3jjft8J3h,John Mayall,0OaHKIwDW6eSdnDc5QR4Bu,Jazz Blues Fusion,436533,spotify:track:7cmrFR3BkvK4VlKjZqupLt
2019-04-20T09:41:03Z,4DPWc9lpNoDYR7ZuhkAtrq,Mess Around,5s4z3mRAE7nxE3jjft8J3h,John Mayall,0OaHKIwDW6eSdnDc5QR4Bu,Jazz Blues Fusion,171866,spotify:track:4DPWc9lpNoDYR7ZuhkAtrq
2019-04-20T09:41:03Z,11DuexWcFxZlH9gYHgHFlP,Good Times Boogie,5s4z3mRAE7nxE3jjft8J3h,John Mayall,0OaHKIwDW6eSdnDc5QR4Bu,Jazz Blues Fusion,557600,spotify:track:11DuexWcFxZlH9gYHgHFlP
2019-04-20T09:41:03Z,3OfOkwRIdB9McJaBGAPxqu,Change Your Ways,5s4z3mRAE7nxE3jjft8J3h,John Mayall,0OaHKIwDW6eSdnDc5QR4Bu,Jazz Blues Fusion,225560,spotify:track:3OfOkwRIdB9McJaBGAPxqu
2019-04-20T09:41:03Z,0f749HCbCxlw0QrHvlOwVY,Dry Throat,5s4z3mRAE7nxE3jjft8J3h,John Mayall,0OaHKIwDW6eSdnDc5QR4Bu,Jazz Blues Fusion,399706,spotify:track:0f749HCbCxlw0QrHvlOwVY
2019-04-20T09:41:03Z,2dWzUrbkI0pSzuKmZclgiS,Exercise In C,5s4z3mRAE7nxE3jjft8J3h,John Mayall,0OaHKIwDW6eSdnDc5QR4Bu,Jazz Blues Fusion,512493,spotify:track:2dWzUrbkI0pSzuKmZclgiS
2019-04-20T09:41:03Z,0B7Pr8CSyNjpzixU3MX5Dw,Got To Be This Way,5s4z3mRAE7nxE3jjft8J3h,John Mayall,0OaHKIwDW6eSdnDc5QR4Bu,Jazz Blues Fusion,414240,spotify:track:0B7Pr8CSyNjpzixU3MX5Dw
2019-04-19T15:33:01Z,4IgwGTbGQUd9d5TRewOpNJ,Somebody's actiong like a child,2ScuQMRWThcifBRIvNDFDC,John Mayall & The Bluesbreakers,3YsctTO8VPhxs1FPHuctee,Live in Germany 1988,307520,spotify:track:4IgwGTbGQUd9d5TRewOpNJ
2019-04-19T14:29:19Z,3Gk4y2Ot7uw34nKoreej6I,Riding on the L & N,2ScuQMRWThcifBRIvNDFDC,John Mayall & The Bluesbreakers,3YsctTO8VPhxs1FPHuctee,Live in Germany 1988,306053,spotify:track:3Gk4y2Ot7uw34nKoreej6I
2019-04-18T12:57:19Z,1rHMg7t3LICgfTl2OsDn46,The Wind,08F3Y3SctIlsOEmKd6dnH8,Yusuf / Cat Stevens,2B719vL1xtPTwYs0j5BuAo,Teaser And The Firecat,102200,spotify:track:1rHMg7t3LICgfTl2OsDn46
2019-04-18T12:53:14Z,69l8nFPu0LWmnoJX7YSVYc,You've Got a Friend,0vn7UBvSQECKJm2817Yf1P,James Taylor,0h8hazllDADHsrSpcQCltk,Mud Slide Slim and the Blue Horizon,268706,spotify:track:69l8nFPu0LWmnoJX7YSVYc
2019-04-17T23:42:02Z,22ODzdiNILSs8pXean0xal,Settler - Eluvium Remix,1U0FaHAc4fcwQcYEJFgkm9,Balmorhea,6BAlj8bSDtus5K8qksVkS7,"All Is Wild, All Is Silent Remixes",1044253,spotify:track:22ODzdiNILSs8pXean0xal
2019-04-17T23:42:02Z,5wt0OrcV2rjhFrs9NMc7Lu,Harm & Boon - Rafael Anton Irisarri Remix,1U0FaHAc4fcwQcYEJFgkm9,Balmorhea,6BAlj8bSDtus5K8qksVkS7,"All Is Wild, All Is Silent Remixes",288000,spotify:track:5wt0OrcV2rjhFrs9NMc7Lu
2019-04-17T23:42:02Z,0z9Jo7LBUmgl1J44Wa997z,Harm & Boon - Tiny Vipers Remix,1U0FaHAc4fcwQcYEJFgkm9,Balmorhea,6BAlj8bSDtus5K8qksVkS7,"All Is Wild, All Is Silent Remixes",345466,spotify:track:0z9Jo7LBUmgl1J44Wa997z
2019-04-17T23:42:02Z,3B149phlZVT1eXJ1ELkAcl,Elegy - Bexar Bexar Remix,1U0FaHAc4fcwQcYEJFgkm9,Balmorhea,6BAlj8bSDtus5K8qksVkS7,"All Is Wild, All Is Silent Remixes",181040,spotify:track:3B149phlZVT1eXJ1ELkAcl
2019-04-17T23:42:02Z,6FykpRGGGMjLVf7DKUEhPF,Rememberance - Machinefabriek Remix,1U0FaHAc4fcwQcYEJFgkm9,Balmorhea,6BAlj8bSDtus5K8qksVkS7,"All Is Wild, All Is Silent Remixes",444720,spotify:track:6FykpRGGGMjLVf7DKUEhPF
2019-04-17T23:42:02Z,09d0UGtsuhjSj1HwFH3wRE,Coahuila - The Fun Years Remix,1U0FaHAc4fcwQcYEJFgkm9,Balmorhea,6BAlj8bSDtus5K8qksVkS7,"All Is Wild, All Is Silent Remixes",257680,spotify:track:09d0UGtsuhjSj1HwFH3wRE
2019-04-17T23:42:02Z,5KzgmucvXfaxqEFxq6J6SH,Coahuila - Library Tapes Remix,1U0FaHAc4fcwQcYEJFgkm9,Balmorhea,6BAlj8bSDtus5K8qksVkS7,"All Is Wild, All Is Silent Remixes",233773,spotify:track:5KzgmucvXfaxqEFxq6J6SH
2019-04-17T23:42:02Z,4A8IxbE05m24wHThT8BYgn,Night In the Draw - Jacaszek Remix,1U0FaHAc4fcwQcYEJFgkm9,Balmorhea,6BAlj8bSDtus5K8qksVkS7,"All Is Wild, All Is Silent Remixes",261480,spotify:track:4A8IxbE05m24wHThT8BYgn
2019-04-17T23:42:02Z,0xdPDJMJ5xYByIrSH2aKA4,Truth - Helios Remix,1U0FaHAc4fcwQcYEJFgkm9,Balmorhea,6BAlj8bSDtus5K8qksVkS7,"All Is Wild, All Is Silent Remixes",225480,spotify:track:0xdPDJMJ5xYByIrSH2aKA4
2019-04-17T23:42:02Z,0VH2eGJhe7PEGb67SF6a6z,"November 1, 1832 - Peter Broderick Remix",1U0FaHAc4fcwQcYEJFgkm9,Balmorhea,6BAlj8bSDtus5K8qksVkS7,"All Is Wild, All Is Silent Remixes",201933,spotify:track:0VH2eGJhe7PEGb67SF6a6z
2019-04-17T23:42:02Z,3XE2WL60nD5KxxkMTssdlu,"November 1, 1832 - Xela Remix",1U0FaHAc4fcwQcYEJFgkm9,Balmorhea,6BAlj8bSDtus5K8qksVkS7,"All Is Wild, All Is Silent Remixes",336226,spotify:track:3XE2WL60nD5KxxkMTssdlu
2019-04-15T11:46:28Z,1cSQsJtSffCHmMA3daPAJm,Mäßig Bewegt (feat. S/QU/NC/R),"49TgMBH68KIFiOmLMoUOWY, 14Rg7nX3ORLYdSuY4fQJ8V","Deutsches Symphonie-Orchester Berlin, S/QU/NC/R",6Wxi74NngPTSs6UphHpeyd,Romantic Revolution - Bruckner Unlimited,470656,spotify:track:1cSQsJtSffCHmMA3daPAJm
2019-04-14T22:04:34Z,3bN4tg6rnNPy9GCkGhym4T,Message In A Bottle - Remastered 2003,5NGO30tJxFlKixkPSgXcFE,The Police,4dB2uBf7IEazBMreDVZmB2,Reggatta De Blanc (Remastered),290280,spotify:track:3bN4tg6rnNPy9GCkGhym4T
2019-04-14T15:51:15Z,18nIT109rUq0xNzMXqtlGj,Culture Shock,4vGrte8FDu062Ntj0RsPiZ,Polyphia,1Ki56K82avE7nTkZEyVIE7,Renaissance,282000,spotify:track:18nIT109rUq0xNzMXqtlGj
2019-04-14T15:51:15Z,3YMT7YnliDwUzG3FL4y4kq,Light,4vGrte8FDu062Ntj0RsPiZ,Polyphia,1Ki56K82avE7nTkZEyVIE7,Renaissance,230615,spotify:track:3YMT7YnliDwUzG3FL4y4kq
2019-04-14T15:51:15Z,5mgK1rjkbiWHVWFjyRPHUv,Florence,4vGrte8FDu062Ntj0RsPiZ,Polyphia,1Ki56K82avE7nTkZEyVIE7,Renaissance,189610,spotify:track:5mgK1rjkbiWHVWFjyRPHUv
2019-04-14T15:51:15Z,6DZb3JYHOAV0RR0VTEMCIn,Nightmare,4vGrte8FDu062Ntj0RsPiZ,Polyphia,1Ki56K82avE7nTkZEyVIE7,Renaissance,246935,spotify:track:6DZb3JYHOAV0RR0VTEMCIn
2019-04-14T15:51:15Z,7j5qDqtGGMZ8aFNsOX43A8,Storm,4vGrte8FDu062Ntj0RsPiZ,Polyphia,1Ki56K82avE7nTkZEyVIE7,Renaissance,209333,spotify:track:7j5qDqtGGMZ8aFNsOX43A8
2019-04-14T15:51:15Z,0DmEnqs7njB6pS8s0F6m8z,Bittersweet,4vGrte8FDu062Ntj0RsPiZ,Polyphia,1Ki56K82avE7nTkZEyVIE7,Renaissance,233261,spotify:track:0DmEnqs7njB6pS8s0F6m8z
2019-04-14T15:51:15Z,4VE3be9hPTaqPqu9P8o94t,Symmetry,4vGrte8FDu062Ntj0RsPiZ,Polyphia,1Ki56K82avE7nTkZEyVIE7,Renaissance,116727,spotify:track:4VE3be9hPTaqPqu9P8o94t
2019-04-14T15:51:15Z,6GIJiLJVQumva9G5khVXH6,Ivory,4vGrte8FDu062Ntj0RsPiZ,Polyphia,1Ki56K82avE7nTkZEyVIE7,Renaissance,186480,spotify:track:6GIJiLJVQumva9G5khVXH6
2019-04-14T15:51:15Z,7amPwm52jPo7CKzaxNiqfv,Paradise,4vGrte8FDu062Ntj0RsPiZ,Polyphia,1Ki56K82avE7nTkZEyVIE7,Renaissance,256000,spotify:track:7amPwm52jPo7CKzaxNiqfv
2019-04-14T15:51:15Z,5tSoI3o5ahnQvgKW5shipE,Amour,4vGrte8FDu062Ntj0RsPiZ,Polyphia,1Ki56K82avE7nTkZEyVIE7,Renaissance,221739,spotify:track:5tSoI3o5ahnQvgKW5shipE
2019-04-14T15:51:15Z,71E83jKHQ7MQ7dOsj9WBPT,Crush,4vGrte8FDu062Ntj0RsPiZ,Polyphia,1Ki56K82avE7nTkZEyVIE7,Renaissance,240600,spotify:track:71E83jKHQ7MQ7dOsj9WBPT
2019-04-14T15:51:15Z,0Jf3QiP8WrXEoFsaUsJi0b,Euphoria,4vGrte8FDu062Ntj0RsPiZ,Polyphia,1Ki56K82avE7nTkZEyVIE7,Renaissance,256333,spotify:track:0Jf3QiP8WrXEoFsaUsJi0b
2019-04-14T11:26:25Z,6XhpH1fs9BLFk0IxEGyecw,I Scare Myself,2Uz58cSxlJgefDaSikxYQ7,Thomas Dolby,0H5Yo2A9J1cWggemke95Kp,The Flat Earth,336230,spotify:track:6XhpH1fs9BLFk0IxEGyecw
2019-04-14T11:21:47Z,4OJjI21Yz37nchrNl71kn5,Map of Your Head,12Chz98pHFMPJEknJQMWvI,Muse,5eJTvSeghTKoqN3Ly4TqEf,Hullabaloo Soundtrack (Eastwest Release),263599,spotify:track:4OJjI21Yz37nchrNl71kn5
2019-04-14T11:01:36Z,6WDgN0IgzT40Ae08rCssLi,"He's Simple, He's Dumb, He's The Pilot",3W4xM5XYtUp4ifYYPVKVdk,Grandaddy,6wHbY5ExMciSpMaFNLOifg,The Sophtware Slump,532893,spotify:track:6WDgN0IgzT40Ae08rCssLi
2019-04-14T10:57:33Z,59MHBAZUOo9TyNzkjiY5L4,Looking for Astronauts,2cCUtGK9sDU2EoElnk0GNB,The National,4rwdrCccOqPlRjFZq0H1M1,Alligator,203160,spotify:track:59MHBAZUOo9TyNzkjiY5L4
2019-04-14T10:47:34Z,4Tq2fWpX1nLCkMSOPkYb1Y,Moanin',6ykfXAed2KOLOMI3R0TZdz,Art Blakey & The Jazz Messengers,1UqQnjYh6B04eH4vDhjlJS,The Best Of Art Blakey,576173,spotify:track:4Tq2fWpX1nLCkMSOPkYb1Y
2019-04-11T23:45:37Z,0qcTD9WgGrdYEUJEJZ1P0k,Blockbuster,3JaAGmSTpJK35DqWrDUzBz,Sweet,45W3OrbYpaZUCQeukGfP2U,The Best Year Of My Life: 1973,191946,spotify:track:0qcTD9WgGrdYEUJEJZ1P0k
2019-04-11T23:45:37Z,0gkyZJ6OAsuBKHNhWURSvY,Roll over Beethoven,7jefIIksOi1EazgRTfW2Pk,Electric Light Orchestra,45W3OrbYpaZUCQeukGfP2U,The Best Year Of My Life: 1973,274026,spotify:track:0gkyZJ6OAsuBKHNhWURSvY
2019-04-11T23:45:37Z,3h9ip3heRzYR9mMZwQ6fIc,Roll Away the Stone,6ysQi6NI88X627t2srsWz6,Mott The Hoople,45W3OrbYpaZUCQeukGfP2U,The Best Year Of My Life: 1973,193133,spotify:track:3h9ip3heRzYR9mMZwQ6fIc
2019-04-11T23:45:37Z,5xCRvqOaoU6vrsGnumSJLb,The Free Electric Band,34E3csCxpXunPGEkOVVX2g,Albert Hammond,45W3OrbYpaZUCQeukGfP2U,The Best Year Of My Life: 1973,203800,spotify:track:5xCRvqOaoU6vrsGnumSJLb
2019-04-11T23:45:37Z,1MLGs3xEqJzyEqdMkPzBbH,Tie a Yellow Ribbon Round the Ole Oak Tree (feat. Tony Orlando),"5z348neb55aaKyQhVgqEvS, 6PNZ6ZfwWLiUA2BrranFl3","The Dawn, Tony Orlando",45W3OrbYpaZUCQeukGfP2U,The Best Year Of My Life: 1973,207360,spotify:track:1MLGs3xEqJzyEqdMkPzBbH
2019-04-11T23:45:37Z,0FEeO65veIfwUXeGgS4Lf1,Billy 4,74ASZWbe4lXaubB36ztrGX,Bob Dylan,45W3OrbYpaZUCQeukGfP2U,The Best Year Of My Life: 1973,298560,spotify:track:0FEeO65veIfwUXeGgS4Lf1
2019-04-11T23:45:37Z,0eSTMJeA2e6oYveY2trwyn,If You Don't Know Me by Now (feat. Teddy Pendergrass),"438JBZR1AR0l04AzcYW9gy, 68kACMx6A3D2BYiO056MeQ","Harold Melvin & The Blue Notes, Teddy Pendergrass",45W3OrbYpaZUCQeukGfP2U,The Best Year Of My Life: 1973,205560,spotify:track:0eSTMJeA2e6oYveY2trwyn
2019-04-11T23:45:37Z,7cYwKgW0Q1R9X5yoETGlCK,Me and Mrs. Jones,187xgSpsFH8mMbAcoCW0zE,Billy Paul,45W3OrbYpaZUCQeukGfP2U,The Best Year Of My Life: 1973,285720,spotify:track:7cYwKgW0Q1R9X5yoETGlCK
2019-04-11T23:45:37Z,16KkgWqeS87CcgRPNd3ZJr,Born to Be With You,65Gh3BfK84aTIugiRCgLBA,Dave Edmunds,45W3OrbYpaZUCQeukGfP2U,The Best Year Of My Life: 1973,210813,spotify:track:16KkgWqeS87CcgRPNd3ZJr
2019-04-11T23:45:37Z,5G46LeAjpyvM56Wm3qPb4a,God Gave Rock and Roll to You,46VosWAvtZsBl7rvxufsWG,Argent,45W3OrbYpaZUCQeukGfP2U,The Best Year Of My Life: 1973,402080,spotify:track:5G46LeAjpyvM56Wm3qPb4a
2019-04-11T23:45:37Z,22UWLxm59GymuckbuT1ZHD,"That Lady, Pts. 1 & 2",53QzNeFpzAaXYnrDBbDrIp,The Isley Brothers,45W3OrbYpaZUCQeukGfP2U,The Best Year Of My Life: 1973,334573,spotify:track:22UWLxm59GymuckbuT1ZHD
2019-04-11T23:45:37Z,1tPsPjDVVM1dyqFZRaOoBh,Dirty Ol' Man,2zpFG5cvw00QmrYTUsjApa,The Three Degrees,45W3OrbYpaZUCQeukGfP2U,The Best Year Of My Life: 1973,183360,spotify:track:1tPsPjDVVM1dyqFZRaOoBh
2019-04-11T23:45:37Z,1B7nMZFv9KIwyyAT7k0x5g,Yellow Boomerang,318uZJvyFSaPjaiYGsvjjm,Middle Of The Road,45W3OrbYpaZUCQeukGfP2U,The Best Year Of My Life: 1973,158560,spotify:track:1B7nMZFv9KIwyyAT7k0x5g
2019-04-11T23:45:37Z,6FYQhLel8jWUV3ogbG3bPN,Frankenstein - Single Version,7j9PMegEgVN1fNp8NZXNCI,The Edgar Winter Group,45W3OrbYpaZUCQeukGfP2U,The Best Year Of My Life: 1973,205560,spotify:track:6FYQhLel8jWUV3ogbG3bPN
2019-04-11T23:45:37Z,1Yj3eyCHbur0X6zhu9Jx2D,Search and Destroy - Iggy Mix,4BFMTELQyWJU1SwqcXMBm3,The Stooges,45W3OrbYpaZUCQeukGfP2U,The Best Year Of My Life: 1973,208133,spotify:track:1Yj3eyCHbur0X6zhu9Jx2D
2019-04-11T23:45:37Z,3bRKROx9bcxBCZSYWwEp9a,At the Hop,2SmjZ060s1uBMud6afmImP,Sha Na Na,45W3OrbYpaZUCQeukGfP2U,The Best Year Of My Life: 1973,127693,spotify:track:3bRKROx9bcxBCZSYWwEp9a
2019-04-11T23:45:37Z,264Bjyq0MFWRXKh2hOnCm0,Love Train,38h03gA85YYPeDPd9ER9rT,The O'Jays,45W3OrbYpaZUCQeukGfP2U,The Best Year Of My Life: 1973,179080,spotify:track:264Bjyq0MFWRXKh2hOnCm0
2019-04-10T13:43:11Z,3mnSq0DGKWTZcU3ccymC79,De Cara a la Pared,3IbqRfvnvj5C22pHD38KXI,Lhasa De Sela,7J8k8Y7zfCFKMPWzUPGVuP,La Llorona,255360,spotify:track:3mnSq0DGKWTZcU3ccymC79
2019-04-10T13:43:11Z,33sklOCpzBjFAMSNF8jSE3,La Celestina,3IbqRfvnvj5C22pHD38KXI,Lhasa De Sela,7J8k8Y7zfCFKMPWzUPGVuP,La Llorona,287773,spotify:track:33sklOCpzBjFAMSNF8jSE3
2019-04-10T13:43:11Z,4aTaow76b7IgtlkhpVhCra,El Desierto,3IbqRfvnvj5C22pHD38KXI,Lhasa De Sela,7J8k8Y7zfCFKMPWzUPGVuP,La Llorona,233626,spotify:track:4aTaow76b7IgtlkhpVhCra
2019-04-10T13:43:11Z,3F095rOqSnWJiqDsBPwyB1,Por Eso Me Quedo,3IbqRfvnvj5C22pHD38KXI,Lhasa De Sela,7J8k8Y7zfCFKMPWzUPGVuP,La Llorona,231173,spotify:track:3F095rOqSnWJiqDsBPwyB1
2019-04-10T13:43:11Z,2WTwhqp8jW9tevRmPA4AWw,El Payande,3IbqRfvnvj5C22pHD38KXI,Lhasa De Sela,7J8k8Y7zfCFKMPWzUPGVuP,La Llorona,212000,spotify:track:2WTwhqp8jW9tevRmPA4AWw
2019-04-10T13:43:11Z,0E1jfqTSwFlGFskSYqn3ZM,Floricanto,3IbqRfvnvj5C22pHD38KXI,Lhasa De Sela,7J8k8Y7zfCFKMPWzUPGVuP,La Llorona,250360,spotify:track:0E1jfqTSwFlGFskSYqn3ZM
2019-04-10T13:43:11Z,2h0GGQEyKXobojqv4cuGBK,Desdenosa,3IbqRfvnvj5C22pHD38KXI,Lhasa De Sela,7J8k8Y7zfCFKMPWzUPGVuP,La Llorona,274200,spotify:track:2h0GGQEyKXobojqv4cuGBK
2019-04-10T13:43:11Z,74PJ9RiqWtAYBDUwOAZ1Bk,El Pajaro,3IbqRfvnvj5C22pHD38KXI,Lhasa De Sela,7J8k8Y7zfCFKMPWzUPGVuP,La Llorona,238706,spotify:track:74PJ9RiqWtAYBDUwOAZ1Bk
2019-04-10T13:43:11Z,288ygpZrKWXb9Zz3kMefeM,Mi Vanidad,3IbqRfvnvj5C22pHD38KXI,Lhasa De Sela,7J8k8Y7zfCFKMPWzUPGVuP,La Llorona,253133,spotify:track:288ygpZrKWXb9Zz3kMefeM
2019-04-10T13:43:11Z,1gicuH5xDOUXUOCB89MFc6,El Arbol del Olvido,3IbqRfvnvj5C22pHD38KXI,Lhasa De Sela,7J8k8Y7zfCFKMPWzUPGVuP,La Llorona,191533,spotify:track:1gicuH5xDOUXUOCB89MFc6
2019-04-09T20:59:19Z,3yrSvpt2l1xhsV9Em88Pul,Brown Eyed Girl,44NX2ffIYHr6D4n7RaZF7A,Van Morrison,7dsWupQRlFuhG8FGiQAUjC,Blowin' Your Mind!,183306,spotify:track:3yrSvpt2l1xhsV9Em88Pul
2019-04-09T20:59:19Z,6fKmJdoX9raVdK6GU2BCFt,He Ain't Give You None,44NX2ffIYHr6D4n7RaZF7A,Van Morrison,7dsWupQRlFuhG8FGiQAUjC,Blowin' Your Mind!,313240,spotify:track:6fKmJdoX9raVdK6GU2BCFt
2019-04-09T20:59:19Z,1Uf8V1JOy0ukcsEYpBHHxy,T. B. Sheets,44NX2ffIYHr6D4n7RaZF7A,Van Morrison,7dsWupQRlFuhG8FGiQAUjC,Blowin' Your Mind!,584600,spotify:track:1Uf8V1JOy0ukcsEYpBHHxy
2019-04-09T20:59:19Z,0W2qrzQsuZB98cs1LamomC,Spanish Rose,44NX2ffIYHr6D4n7RaZF7A,Van Morrison,7dsWupQRlFuhG8FGiQAUjC,Blowin' Your Mind!,185693,spotify:track:0W2qrzQsuZB98cs1LamomC
2019-04-09T20:59:19Z,2qZewpYCwr0i6Sr1Jmrf7C,Goodbye Baby (Baby Goodbye),44NX2ffIYHr6D4n7RaZF7A,Van Morrison,7dsWupQRlFuhG8FGiQAUjC,Blowin' Your Mind!,177693,spotify:track:2qZewpYCwr0i6Sr1Jmrf7C
2019-04-09T20:59:19Z,6UesnfRewqGhiwO0Bwg0Cz,Ro Ro Rosey,44NX2ffIYHr6D4n7RaZF7A,Van Morrison,7dsWupQRlFuhG8FGiQAUjC,Blowin' Your Mind!,183666,spotify:track:6UesnfRewqGhiwO0Bwg0Cz
2019-04-09T20:59:19Z,6GkmfvP8rDHqTNMQoElc7I,Who Drove the Red Sports Car,44NX2ffIYHr6D4n7RaZF7A,Van Morrison,7dsWupQRlFuhG8FGiQAUjC,Blowin' Your Mind!,334560,spotify:track:6GkmfvP8rDHqTNMQoElc7I
2019-04-09T20:59:19Z,3gYTkCLPutGr4qF8PMqipB,Midnight Special,44NX2ffIYHr6D4n7RaZF7A,Van Morrison,7dsWupQRlFuhG8FGiQAUjC,Blowin' Your Mind!,171306,spotify:track:3gYTkCLPutGr4qF8PMqipB
2019-04-09T20:57:15Z,3n5iUh2Z6P7cnWins22W0F,And It Stoned Me - 2013 Remaster,44NX2ffIYHr6D4n7RaZF7A,Van Morrison,7diHYi0CglGJekoM3KaWBK,Moondance (Deluxe Edition),272160,spotify:track:3n5iUh2Z6P7cnWins22W0F
2019-04-09T20:57:15Z,683b4ikwa62JevCjwrmfg6,Moondance - 2013 Remaster,44NX2ffIYHr6D4n7RaZF7A,Van Morrison,7diHYi0CglGJekoM3KaWBK,Moondance (Deluxe Edition),274040,spotify:track:683b4ikwa62JevCjwrmfg6
2019-04-09T20:57:15Z,2TEq8wpp3h8FTbjM5zhYKu,Crazy Love - 2013 Remaster,44NX2ffIYHr6D4n7RaZF7A,Van Morrison,7diHYi0CglGJekoM3KaWBK,Moondance (Deluxe Edition),155453,spotify:track:2TEq8wpp3h8FTbjM5zhYKu
2019-04-09T20:57:15Z,1US01PIcb3RFVrcN8mO8CS,Caravan - 2013 Remaster,44NX2ffIYHr6D4n7RaZF7A,Van Morrison,7diHYi0CglGJekoM3KaWBK,Moondance (Deluxe Edition),300800,spotify:track:1US01PIcb3RFVrcN8mO8CS
2019-04-09T20:57:15Z,470muM8LJgSHIBlTRkMuyp,Into the Mystic - 2013 Remaster,44NX2ffIYHr6D4n7RaZF7A,Van Morrison,7diHYi0CglGJekoM3KaWBK,Moondance (Deluxe Edition),207893,spotify:track:470muM8LJgSHIBlTRkMuyp
2019-04-09T20:57:15Z,6yP84gnqno9zd4XeAzE6K4,Come Running - 2013 Remaster,44NX2ffIYHr6D4n7RaZF7A,Van Morrison,7diHYi0CglGJekoM3KaWBK,Moondance (Deluxe Edition),151333,spotify:track:6yP84gnqno9zd4XeAzE6K4
2019-04-09T20:57:15Z,7p4SWJrb766ouHvaAJBMVP,These Dreams of You - 2013 Remaster,44NX2ffIYHr6D4n7RaZF7A,Van Morrison,7diHYi0CglGJekoM3KaWBK,Moondance (Deluxe Edition),231666,spotify:track:7p4SWJrb766ouHvaAJBMVP
2019-04-09T20:57:15Z,60SLSq9MlkbRunJKh0QZpa,Brand New Day - 2013 Remaster,44NX2ffIYHr6D4n7RaZF7A,Van Morrison,7diHYi0CglGJekoM3KaWBK,Moondance (Deluxe Edition),310680,spotify:track:60SLSq9MlkbRunJKh0QZpa
2019-04-09T20:57:15Z,528kEbmXBOuMbxdn7YQAXx,Everyone - 2013 Remaster,44NX2ffIYHr6D4n7RaZF7A,Van Morrison,7diHYi0CglGJekoM3KaWBK,Moondance (Deluxe Edition),212253,spotify:track:528kEbmXBOuMbxdn7YQAXx
2019-04-09T20:57:15Z,6EZUcu7GHI1sS0UPQivz7e,Glad Tidings - 2013 Remaster,44NX2ffIYHr6D4n7RaZF7A,Van Morrison,7diHYi0CglGJekoM3KaWBK,Moondance (Deluxe Edition),220066,spotify:track:6EZUcu7GHI1sS0UPQivz7e
2019-04-09T20:57:15Z,2Jq8mmOqBh1Raf6vi3nQZk,What Do We Call This Van? - 2013 Remaster,44NX2ffIYHr6D4n7RaZF7A,Van Morrison,7diHYi0CglGJekoM3KaWBK,Moondance (Deluxe Edition),109800,spotify:track:2Jq8mmOqBh1Raf6vi3nQZk
2019-04-09T20:57:15Z,11RTqOn7Mm0LDQHiqi4EFD,Caravan - Take 1,44NX2ffIYHr6D4n7RaZF7A,Van Morrison,7diHYi0CglGJekoM3KaWBK,Moondance (Deluxe Edition),353920,spotify:track:11RTqOn7Mm0LDQHiqi4EFD
2019-04-09T20:57:15Z,4bhIIFbihd3bL4rCZqe9Hy,Caravan - Takes 2-3,44NX2ffIYHr6D4n7RaZF7A,Van Morrison,7diHYi0CglGJekoM3KaWBK,Moondance (Deluxe Edition),61973,spotify:track:4bhIIFbihd3bL4rCZqe9Hy
2019-04-09T20:57:15Z,6ceZweQjiFvj00P1DN2Oa8,Caravan - Takes 5-6,44NX2ffIYHr6D4n7RaZF7A,Van Morrison,7diHYi0CglGJekoM3KaWBK,Moondance (Deluxe Edition),226986,spotify:track:6ceZweQjiFvj00P1DN2Oa8
2019-04-09T20:57:15Z,3Ba7qnoriFVzrlGfS7VrpR,Caravan - Take 7,44NX2ffIYHr6D4n7RaZF7A,Van Morrison,7diHYi0CglGJekoM3KaWBK,Moondance (Deluxe Edition),151000,spotify:track:3Ba7qnoriFVzrlGfS7VrpR
2019-04-09T20:57:15Z,3JDvKwKMgXKYLa81BMogJG,Caravan - Take 8,44NX2ffIYHr6D4n7RaZF7A,Van Morrison,7diHYi0CglGJekoM3KaWBK,Moondance (Deluxe Edition),341053,spotify:track:3JDvKwKMgXKYLa81BMogJG
2019-04-09T20:57:15Z,5Z3QOfxJsm5JTAmqcknMX7,I've Been Working - Early Version; Take 1,44NX2ffIYHr6D4n7RaZF7A,Van Morrison,7diHYi0CglGJekoM3KaWBK,Moondance (Deluxe Edition),663466,spotify:track:5Z3QOfxJsm5JTAmqcknMX7
2019-04-09T20:57:15Z,70iV1z8831yglbSfZrR0yK,I've Been Working - Early Version; Take 2,44NX2ffIYHr6D4n7RaZF7A,Van Morrison,7diHYi0CglGJekoM3KaWBK,Moondance (Deluxe Edition),171000,spotify:track:70iV1z8831yglbSfZrR0yK
2019-04-09T20:57:15Z,09Ajs0UgBsHZXvYtugdhdf,I've Been Working - Early Version; Take 5,44NX2ffIYHr6D4n7RaZF7A,Van Morrison,7diHYi0CglGJekoM3KaWBK,Moondance (Deluxe Edition),625373,spotify:track:09Ajs0UgBsHZXvYtugdhdf
2019-04-09T20:57:15Z,3EzI4SDnYV5LsD0yUVGfGe,Nobody Knows You When You're Down and Out - Outtake,44NX2ffIYHr6D4n7RaZF7A,Van Morrison,7diHYi0CglGJekoM3KaWBK,Moondance (Deluxe Edition),207493,spotify:track:3EzI4SDnYV5LsD0yUVGfGe
2019-04-09T20:57:15Z,1EOyd0lNN48aueFKlILB2g,I Shall Sing - Take 1,44NX2ffIYHr6D4n7RaZF7A,Van Morrison,7diHYi0CglGJekoM3KaWBK,Moondance (Deluxe Edition),102306,spotify:track:1EOyd0lNN48aueFKlILB2g
2019-04-09T20:57:15Z,4Nga1z44kERpduMFGnxP3t,I Shall Sing - Takes 2-3,44NX2ffIYHr6D4n7RaZF7A,Van Morrison,7diHYi0CglGJekoM3KaWBK,Moondance (Deluxe Edition),288200,spotify:track:4Nga1z44kERpduMFGnxP3t
2019-04-09T20:57:15Z,4wnUxyDSY0pGnfmPRqP2Xf,I Shall Sing - Takes 4-6,44NX2ffIYHr6D4n7RaZF7A,Van Morrison,7diHYi0CglGJekoM3KaWBK,Moondance (Deluxe Edition),219986,spotify:track:4wnUxyDSY0pGnfmPRqP2Xf
2019-04-09T20:57:15Z,551gsgYsnQHrt7fSgWDXNR,I Shall Sing - Take 7,44NX2ffIYHr6D4n7RaZF7A,Van Morrison,7diHYi0CglGJekoM3KaWBK,Moondance (Deluxe Edition),238280,spotify:track:551gsgYsnQHrt7fSgWDXNR
2019-04-09T20:57:15Z,7KuOoQG1ZuPCjgiZ4Uf0vT,I Shall Sing - Takes 8-12,44NX2ffIYHr6D4n7RaZF7A,Van Morrison,7diHYi0CglGJekoM3KaWBK,Moondance (Deluxe Edition),288373,spotify:track:7KuOoQG1ZuPCjgiZ4Uf0vT
2019-04-09T20:57:15Z,2jdlEIChGzKxT04niNzHeH,I Shall Sing - Take 13,44NX2ffIYHr6D4n7RaZF7A,Van Morrison,7diHYi0CglGJekoM3KaWBK,Moondance (Deluxe Edition),218386,spotify:track:2jdlEIChGzKxT04niNzHeH
2019-04-09T20:57:15Z,2vSMMArnjx2erIKo6EiUd7,Into the Mystic - Take 10,44NX2ffIYHr6D4n7RaZF7A,Van Morrison,7diHYi0CglGJekoM3KaWBK,Moondance (Deluxe Edition),230013,spotify:track:2vSMMArnjx2erIKo6EiUd7
2019-04-09T20:57:15Z,1XPhQhAAPqcLUwDn3kPNnl,Into the Mystic - Take 11,44NX2ffIYHr6D4n7RaZF7A,Van Morrison,7diHYi0CglGJekoM3KaWBK,Moondance (Deluxe Edition),244760,spotify:track:1XPhQhAAPqcLUwDn3kPNnl
2019-04-09T20:57:15Z,5Z836DAwuVKN3mEKGKQSlN,Into the Mystic - Takes 12-13,44NX2ffIYHr6D4n7RaZF7A,Van Morrison,7diHYi0CglGJekoM3KaWBK,Moondance (Deluxe Edition),238906,spotify:track:5Z836DAwuVKN3mEKGKQSlN
2019-04-09T20:57:15Z,5IxFBPaenfBbrqNarsNPfn,Into the Mystic - Takes 14-16,44NX2ffIYHr6D4n7RaZF7A,Van Morrison,7diHYi0CglGJekoM3KaWBK,Moondance (Deluxe Edition),278040,spotify:track:5IxFBPaenfBbrqNarsNPfn
2019-04-09T20:57:15Z,4Dp0SYl7nx24RFNlP4YKtN,Caravan - Redo: Takes 1-2,44NX2ffIYHr6D4n7RaZF7A,Van Morrison,7diHYi0CglGJekoM3KaWBK,Moondance (Deluxe Edition),50453,spotify:track:4Dp0SYl7nx24RFNlP4YKtN
2019-04-09T20:57:15Z,09X4gMquH4VJG9rcV1dRnA,Caravan - Redo: Take 3,44NX2ffIYHr6D4n7RaZF7A,Van Morrison,7diHYi0CglGJekoM3KaWBK,Moondance (Deluxe Edition),297613,spotify:track:09X4gMquH4VJG9rcV1dRnA
2019-04-09T20:57:15Z,0yCdmta9syLy7XQsb6qSQt,Brand New Day - Take 1,44NX2ffIYHr6D4n7RaZF7A,Van Morrison,7diHYi0CglGJekoM3KaWBK,Moondance (Deluxe Edition),323520,spotify:track:0yCdmta9syLy7XQsb6qSQt
2019-04-09T20:57:15Z,167J6tm2IUuN6yBc1ezECi,Brand New Day - Take 2,44NX2ffIYHr6D4n7RaZF7A,Van Morrison,7diHYi0CglGJekoM3KaWBK,Moondance (Deluxe Edition),330413,spotify:track:167J6tm2IUuN6yBc1ezECi
2019-04-09T20:57:15Z,7zyNX2dQfVqNPnf9YaRWY9,Brand New Day - Take 3,44NX2ffIYHr6D4n7RaZF7A,Van Morrison,7diHYi0CglGJekoM3KaWBK,Moondance (Deluxe Edition),324546,spotify:track:7zyNX2dQfVqNPnf9YaRWY9
2019-04-09T20:57:15Z,2Zi1kk6bXnb3bbMe7vog3s,Brand New Day - Take 4,44NX2ffIYHr6D4n7RaZF7A,Van Morrison,7diHYi0CglGJekoM3KaWBK,Moondance (Deluxe Edition),336093,spotify:track:2Zi1kk6bXnb3bbMe7vog3s
2019-04-09T20:57:15Z,6gsPMRLgdGJ4eRVdZp7s5m,Brand New Day - Takes 5-6,44NX2ffIYHr6D4n7RaZF7A,Van Morrison,7diHYi0CglGJekoM3KaWBK,Moondance (Deluxe Edition),68733,spotify:track:6gsPMRLgdGJ4eRVdZp7s5m
2019-04-09T20:57:15Z,7qnjN6qFl1h2DVPSPiSPiU,Brand New Day - Take 7,44NX2ffIYHr6D4n7RaZF7A,Van Morrison,7diHYi0CglGJekoM3KaWBK,Moondance (Deluxe Edition),324866,spotify:track:7qnjN6qFl1h2DVPSPiSPiU
2019-04-09T20:57:15Z,7AzFr1r8nErgEVWXQ4jPJV,Glad Tidings - Fast Version; Take 1,44NX2ffIYHr6D4n7RaZF7A,Van Morrison,7diHYi0CglGJekoM3KaWBK,Moondance (Deluxe Edition),222306,spotify:track:7AzFr1r8nErgEVWXQ4jPJV
2019-04-09T20:57:15Z,3Mr2qaKFFVIKNFyqC7mERJ,Glad Tidings - Takes 2-4,44NX2ffIYHr6D4n7RaZF7A,Van Morrison,7diHYi0CglGJekoM3KaWBK,Moondance (Deluxe Edition),311480,spotify:track:3Mr2qaKFFVIKNFyqC7mERJ
2019-04-09T20:57:15Z,7HHIYmWDDlROVWCV0tMflS,Glad Tidings - Takes 7-8,44NX2ffIYHr6D4n7RaZF7A,Van Morrison,7diHYi0CglGJekoM3KaWBK,Moondance (Deluxe Edition),312133,spotify:track:7HHIYmWDDlROVWCV0tMflS
2019-04-09T20:57:15Z,5prNfXiPCFyL63u6Orcqeh,Glad Tidings - Take 9,44NX2ffIYHr6D4n7RaZF7A,Van Morrison,7diHYi0CglGJekoM3KaWBK,Moondance (Deluxe Edition),238786,spotify:track:5prNfXiPCFyL63u6Orcqeh
2019-04-09T20:57:15Z,0dQgn1JnCG6MB2vTuJvvQY,Come Running - Take 1,44NX2ffIYHr6D4n7RaZF7A,Van Morrison,7diHYi0CglGJekoM3KaWBK,Moondance (Deluxe Edition),240000,spotify:track:0dQgn1JnCG6MB2vTuJvvQY
2019-04-09T20:57:15Z,6wyHhxV3nFhnea6550i9MI,Come Running - Take 2,44NX2ffIYHr6D4n7RaZF7A,Van Morrison,7diHYi0CglGJekoM3KaWBK,Moondance (Deluxe Edition),278493,spotify:track:6wyHhxV3nFhnea6550i9MI
2019-04-09T20:57:15Z,2f7VA0ehH9IN4zDKUKqgQC,Come Running - Takes 3-4,44NX2ffIYHr6D4n7RaZF7A,Van Morrison,7diHYi0CglGJekoM3KaWBK,Moondance (Deluxe Edition),287560,spotify:track:2f7VA0ehH9IN4zDKUKqgQC
2019-04-09T20:57:15Z,01KbD3gTJC5Pfq1pEzFh5a,"Come Running - ""Rolling on 4""",44NX2ffIYHr6D4n7RaZF7A,Van Morrison,7diHYi0CglGJekoM3KaWBK,Moondance (Deluxe Edition),237893,spotify:track:01KbD3gTJC5Pfq1pEzFh5a
2019-04-09T20:57:15Z,1UlN6v2rKm1uiIb0NVcnNL,Moondance - Take 21,44NX2ffIYHr6D4n7RaZF7A,Van Morrison,7diHYi0CglGJekoM3KaWBK,Moondance (Deluxe Edition),63906,spotify:track:1UlN6v2rKm1uiIb0NVcnNL
2019-04-09T20:57:15Z,4fZHRZSAzE73jI75Jy8aOE,Moondance - Take 22,44NX2ffIYHr6D4n7RaZF7A,Van Morrison,7diHYi0CglGJekoM3KaWBK,Moondance (Deluxe Edition),290560,spotify:track:4fZHRZSAzE73jI75Jy8aOE
2019-04-09T20:57:15Z,4hFlVvmndvWcWrFutM3DV0,Glad Tidings - Alternate Version,44NX2ffIYHr6D4n7RaZF7A,Van Morrison,7diHYi0CglGJekoM3KaWBK,Moondance (Deluxe Edition),221960,spotify:track:4hFlVvmndvWcWrFutM3DV0
2019-04-09T20:57:15Z,3pvy0pAcANH4VzxmnhmyO0,These Dreams of You - Alternate Version,44NX2ffIYHr6D4n7RaZF7A,Van Morrison,7diHYi0CglGJekoM3KaWBK,Moondance (Deluxe Edition),242213,spotify:track:3pvy0pAcANH4VzxmnhmyO0
2019-04-09T20:57:15Z,5pVRXu8y8Pq4nkMPSEiZG8,Crazy Love - Alternate Mix; 2013 Remaster,44NX2ffIYHr6D4n7RaZF7A,Van Morrison,7diHYi0CglGJekoM3KaWBK,Moondance (Deluxe Edition),176720,spotify:track:5pVRXu8y8Pq4nkMPSEiZG8
2019-04-09T20:57:15Z,3Mm4kuOfi5JFan0H8dlhkk,Glad Tidings - Remix 1; 2013 Remaster,44NX2ffIYHr6D4n7RaZF7A,Van Morrison,7diHYi0CglGJekoM3KaWBK,Moondance (Deluxe Edition),233440,spotify:track:3Mm4kuOfi5JFan0H8dlhkk
2019-04-09T20:57:15Z,1C6lEfOESKqQYkAISucXTO,Glad Tidings - Remix 2; 2013 Remaster,44NX2ffIYHr6D4n7RaZF7A,Van Morrison,7diHYi0CglGJekoM3KaWBK,Moondance (Deluxe Edition),233120,spotify:track:1C6lEfOESKqQYkAISucXTO
2019-04-09T20:57:15Z,0Y9T4Pp9D3Og1xQqkO4NTM,Caravan - Remix 1; 2013 Remaster,44NX2ffIYHr6D4n7RaZF7A,Van Morrison,7diHYi0CglGJekoM3KaWBK,Moondance (Deluxe Edition),333200,spotify:track:0Y9T4Pp9D3Og1xQqkO4NTM
2019-04-09T20:57:15Z,5OcPOTLlGkO8DUSKgG9nUL,These Dreams of You - Remix,44NX2ffIYHr6D4n7RaZF7A,Van Morrison,7diHYi0CglGJekoM3KaWBK,Moondance (Deluxe Edition),270693,spotify:track:5OcPOTLlGkO8DUSKgG9nUL
2019-04-09T20:57:15Z,39ZfuP2D7hILd791SyvKl7,I Shall Sing - Alternate Mix; 2013 Remaster,44NX2ffIYHr6D4n7RaZF7A,Van Morrison,7diHYi0CglGJekoM3KaWBK,Moondance (Deluxe Edition),191106,spotify:track:39ZfuP2D7hILd791SyvKl7
2019-04-09T14:40:37Z,33PRp4nzDMjYmqzNoG1hOe,One of These Days - 2017 Remaster,7nkLRaWHImCvWGHdNGnhVE,Ten Years After,6TKv2M4AT7qmA2H2QGJbZD,A Space in Time (2017 Remaster),358826,spotify:track:33PRp4nzDMjYmqzNoG1hOe
2019-04-09T14:40:37Z,73Re82zVDILJBCsIwYiPxA,Here They Come - 2017 Remaster,7nkLRaWHImCvWGHdNGnhVE,Ten Years After,6TKv2M4AT7qmA2H2QGJbZD,A Space in Time (2017 Remaster),275733,spotify:track:73Re82zVDILJBCsIwYiPxA
2019-04-09T14:40:37Z,5GtF5rmzgGxaqTQJn6dPIN,I'd Love to Change the World - 2017 Remaster,7nkLRaWHImCvWGHdNGnhVE,Ten Years After,6TKv2M4AT7qmA2H2QGJbZD,A Space in Time (2017 Remaster),224720,spotify:track:5GtF5rmzgGxaqTQJn6dPIN
2019-04-09T14:40:37Z,6CZmtu29P2tGyfUL6VYdHv,Over the Hill - 2017 Remaster,7nkLRaWHImCvWGHdNGnhVE,Ten Years After,6TKv2M4AT7qmA2H2QGJbZD,A Space in Time (2017 Remaster),148733,spotify:track:6CZmtu29P2tGyfUL6VYdHv
2019-04-09T14:40:37Z,3CS8ahsQh9SG9j8Uu0UsXJ,Baby Won't You Let Me Rock n' Roll You - 2017 Remaster,7nkLRaWHImCvWGHdNGnhVE,Ten Years After,6TKv2M4AT7qmA2H2QGJbZD,A Space in Time (2017 Remaster),136733,spotify:track:3CS8ahsQh9SG9j8Uu0UsXJ
2019-04-09T14:40:37Z,5ATer2CvLBV7Qhc7ZIKIre,Once There Was a Time - 2017 Remaster,7nkLRaWHImCvWGHdNGnhVE,Ten Years After,6TKv2M4AT7qmA2H2QGJbZD,A Space in Time (2017 Remaster),203293,spotify:track:5ATer2CvLBV7Qhc7ZIKIre
2019-04-09T14:40:37Z,2MMIEQpqnzl8eF3Qw0IZKK,Let the Sky Fall - 2017 Remaster,7nkLRaWHImCvWGHdNGnhVE,Ten Years After,6TKv2M4AT7qmA2H2QGJbZD,A Space in Time (2017 Remaster),260279,spotify:track:2MMIEQpqnzl8eF3Qw0IZKK
2019-04-09T14:40:37Z,7MP25KTWcfgB6uuV4hBEOM,Hard Monkeys - 2017 Remaster,7nkLRaWHImCvWGHdNGnhVE,Ten Years After,6TKv2M4AT7qmA2H2QGJbZD,A Space in Time (2017 Remaster),192186,spotify:track:7MP25KTWcfgB6uuV4hBEOM
2019-04-09T14:40:37Z,52rggCaIWeYEs9AHhJJlDd,I've Been There Too - 2017 Remaster,7nkLRaWHImCvWGHdNGnhVE,Ten Years After,6TKv2M4AT7qmA2H2QGJbZD,A Space in Time (2017 Remaster),345413,spotify:track:52rggCaIWeYEs9AHhJJlDd
2019-04-09T14:40:37Z,6LYwgIeuPYnyP5ree2KiBe,Uncle Jam - 2017 Remaster,7nkLRaWHImCvWGHdNGnhVE,Ten Years After,6TKv2M4AT7qmA2H2QGJbZD,A Space in Time (2017 Remaster),119693,spotify:track:6LYwgIeuPYnyP5ree2KiBe
2019-04-09T13:09:07Z,0nN2D5xwVtLrgUw0TIQ5CI,Winelight,05YVYeV4HxYp5rrWalvuE1,"Grover Washington, Jr.",50gtvo0hufJj06ipbOjAiU,Winelight,452573,spotify:track:0nN2D5xwVtLrgUw0TIQ5CI
2019-04-09T13:09:07Z,6jY7UcNWda03nyJ5XiqlYt,"Let It Flow (For ""DR. J"")",05YVYeV4HxYp5rrWalvuE1,"Grover Washington, Jr.",50gtvo0hufJj06ipbOjAiU,Winelight,350600,spotify:track:6jY7UcNWda03nyJ5XiqlYt
2019-04-09T13:09:07Z,6P5qgQNPHQdknn3tA7bmsN,In the Name of Love,05YVYeV4HxYp5rrWalvuE1,"Grover Washington, Jr.",50gtvo0hufJj06ipbOjAiU,Winelight,326773,spotify:track:6P5qgQNPHQdknn3tA7bmsN
2019-04-09T13:09:07Z,1DfFZ6xnxO4GHPK3wCWERi,Take Me There,05YVYeV4HxYp5rrWalvuE1,"Grover Washington, Jr.",50gtvo0hufJj06ipbOjAiU,Winelight,374106,spotify:track:1DfFZ6xnxO4GHPK3wCWERi
2019-04-09T13:09:07Z,5fdNHVZHbWB1AaXk4RBGVD,Just the Two of Us,"05YVYeV4HxYp5rrWalvuE1, 1ThoqLcyIYvZn7iWbj8fsj","Grover Washington, Jr., Bill Withers",50gtvo0hufJj06ipbOjAiU,Winelight,443773,spotify:track:5fdNHVZHbWB1AaXk4RBGVD
2019-04-09T13:09:07Z,21qeCg7VQMQ6nVBCVFeoKD,Make Me a Memory,05YVYeV4HxYp5rrWalvuE1,"Grover Washington, Jr.",50gtvo0hufJj06ipbOjAiU,Winelight,392026,spotify:track:21qeCg7VQMQ6nVBCVFeoKD
2019-04-06T09:41:05Z,2ejE2gfRrab0FUNtkWOgfs,Ivanhoé: Overture,"0roWUeP7Ac4yK4VN6L2gF4, 4LQazpKOuAyEC0G57DKVGu, 2eXSvJU5kYxBOCUuAEDKuY, 4t7dtFIrojpKqZ8o7KB9jv, 4nkCTRBF1BpXQ9r0fyyVUU, 3gW64mjoqJkhMkKOfmBCkU, 1s0lxTPeC6poYzG6OrRSLK, 1qPMbbWs2MLRdhbsBx0ptp, 6sXzD3HxveP4dkxZxOIb3q, 6dXRQkPIDWuuvUBmRIpYkt","Gioachino Rossini, Simon Edwards, Inga Balabanova, Soon-Won Kang, Filippo Morace, Massimiliano Chiarolla, Volodymyr Deyneka, Salvatore Cordella, Cosimo D'Amato, Bratislava Chamber Choir",16dhLdAm6nMvaeLWzQ6WO4,"Rossini, G.: Ivanhoe [Opera] (Festival Della Valle D'Itria Di Martina Franca, 2001)",710613,spotify:track:2ejE2gfRrab0FUNtkWOgfs
2019-04-06T09:41:05Z,6ohbCYCUH7qkd0h4O9xDgw,"Ivanhoé, Act I Scene 1: Quel temps affreux! (Chorus, Cedric)","0roWUeP7Ac4yK4VN6L2gF4, 4LQazpKOuAyEC0G57DKVGu, 2eXSvJU5kYxBOCUuAEDKuY, 4t7dtFIrojpKqZ8o7KB9jv, 4nkCTRBF1BpXQ9r0fyyVUU, 3gW64mjoqJkhMkKOfmBCkU, 1s0lxTPeC6poYzG6OrRSLK, 1qPMbbWs2MLRdhbsBx0ptp, 6sXzD3HxveP4dkxZxOIb3q, 6dXRQkPIDWuuvUBmRIpYkt","Gioachino Rossini, Simon Edwards, Inga Balabanova, Soon-Won Kang, Filippo Morace, Massimiliano Chiarolla, Volodymyr Deyneka, Salvatore Cordella, Cosimo D'Amato, Bratislava Chamber Choir",16dhLdAm6nMvaeLWzQ6WO4,"Rossini, G.: Ivanhoe [Opera] (Festival Della Valle D'Itria Di Martina Franca, 2001)",122880,spotify:track:6ohbCYCUH7qkd0h4O9xDgw
2019-04-06T09:41:05Z,3ZZDioD31DCzkvkqxqfyHh,"Ivanhoé, Act I Scene 2: Vaine priere! (Chorus, Cedric, Pilgrim, Leila, Ismael)","0roWUeP7Ac4yK4VN6L2gF4, 4LQazpKOuAyEC0G57DKVGu, 2eXSvJU5kYxBOCUuAEDKuY, 4t7dtFIrojpKqZ8o7KB9jv, 4nkCTRBF1BpXQ9r0fyyVUU, 3gW64mjoqJkhMkKOfmBCkU, 1s0lxTPeC6poYzG6OrRSLK, 1qPMbbWs2MLRdhbsBx0ptp, 6sXzD3HxveP4dkxZxOIb3q, 6dXRQkPIDWuuvUBmRIpYkt","Gioachino Rossini, Simon Edwards, Inga Balabanova, Soon-Won Kang, Filippo Morace, Massimiliano Chiarolla, Volodymyr Deyneka, Salvatore Cordella, Cosimo D'Amato, Bratislava Chamber Choir",16dhLdAm6nMvaeLWzQ6WO4,"Rossini, G.: Ivanhoe [Opera] (Festival Della Valle D'Itria Di Martina Franca, 2001)",134120,spotify:track:3ZZDioD31DCzkvkqxqfyHh
2019-04-06T09:41:05Z,6nKC1ur8GRR1oap8yKu3DV,"Ivanhoé, Act I Scene 2: Paix! Mes dignes hotes (Cedric, Ismael)","0roWUeP7Ac4yK4VN6L2gF4, 4LQazpKOuAyEC0G57DKVGu, 2eXSvJU5kYxBOCUuAEDKuY, 4t7dtFIrojpKqZ8o7KB9jv, 4nkCTRBF1BpXQ9r0fyyVUU, 3gW64mjoqJkhMkKOfmBCkU, 1s0lxTPeC6poYzG6OrRSLK, 1qPMbbWs2MLRdhbsBx0ptp, 6sXzD3HxveP4dkxZxOIb3q, 6dXRQkPIDWuuvUBmRIpYkt","Gioachino Rossini, Simon Edwards, Inga Balabanova, Soon-Won Kang, Filippo Morace, Massimiliano Chiarolla, Volodymyr Deyneka, Salvatore Cordella, Cosimo D'Amato, Bratislava Chamber Choir",16dhLdAm6nMvaeLWzQ6WO4,"Rossini, G.: Ivanhoe [Opera] (Festival Della Valle D'Itria Di Martina Franca, 2001)",63653,spotify:track:6nKC1ur8GRR1oap8yKu3DV
2019-04-06T09:41:05Z,4WiJztcCQ6vQok2aqHXcJB,"Ivanhoé, Act I Scene 2: Boisguilbert, dont la vengeance (Ismael, Chorus)","0roWUeP7Ac4yK4VN6L2gF4, 4LQazpKOuAyEC0G57DKVGu, 2eXSvJU5kYxBOCUuAEDKuY, 4t7dtFIrojpKqZ8o7KB9jv, 4nkCTRBF1BpXQ9r0fyyVUU, 3gW64mjoqJkhMkKOfmBCkU, 1s0lxTPeC6poYzG6OrRSLK, 1qPMbbWs2MLRdhbsBx0ptp, 6sXzD3HxveP4dkxZxOIb3q, 6dXRQkPIDWuuvUBmRIpYkt","Gioachino Rossini, Simon Edwards, Inga Balabanova, Soon-Won Kang, Filippo Morace, Massimiliano Chiarolla, Volodymyr Deyneka, Salvatore Cordella, Cosimo D'Amato, Bratislava Chamber Choir",16dhLdAm6nMvaeLWzQ6WO4,"Rossini, G.: Ivanhoe [Opera] (Festival Della Valle D'Itria Di Martina Franca, 2001)",287386,spotify:track:4WiJztcCQ6vQok2aqHXcJB
2019-04-06T09:41:05Z,3mPi24FUC3mfwD4jVHzf8W,"Ivanhoé, Act I Scene 3: Ismael! (Pilgrim, Ismael)","0roWUeP7Ac4yK4VN6L2gF4, 4LQazpKOuAyEC0G57DKVGu, 2eXSvJU5kYxBOCUuAEDKuY, 4t7dtFIrojpKqZ8o7KB9jv, 4nkCTRBF1BpXQ9r0fyyVUU, 3gW64mjoqJkhMkKOfmBCkU, 1s0lxTPeC6poYzG6OrRSLK, 1qPMbbWs2MLRdhbsBx0ptp, 6sXzD3HxveP4dkxZxOIb3q, 6dXRQkPIDWuuvUBmRIpYkt","Gioachino Rossini, Simon Edwards, Inga Balabanova, Soon-Won Kang, Filippo Morace, Massimiliano Chiarolla, Volodymyr Deyneka, Salvatore Cordella, Cosimo D'Amato, Bratislava Chamber Choir",16dhLdAm6nMvaeLWzQ6WO4,"Rossini, G.: Ivanhoe [Opera] (Festival Della Valle D'Itria Di Martina Franca, 2001)",45613,spotify:track:3mPi24FUC3mfwD4jVHzf8W
2019-04-06T09:41:05Z,4Es5Nor9hbrvRrfU413W7Y,"Ivanhoé, Act I Scene 4: Blesse sur la terre etrangere (Pilgrim)","0roWUeP7Ac4yK4VN6L2gF4, 4LQazpKOuAyEC0G57DKVGu, 2eXSvJU5kYxBOCUuAEDKuY, 4t7dtFIrojpKqZ8o7KB9jv, 4nkCTRBF1BpXQ9r0fyyVUU, 3gW64mjoqJkhMkKOfmBCkU, 1s0lxTPeC6poYzG6OrRSLK, 1qPMbbWs2MLRdhbsBx0ptp, 6sXzD3HxveP4dkxZxOIb3q, 6dXRQkPIDWuuvUBmRIpYkt","Gioachino Rossini, Simon Edwards, Inga Balabanova, Soon-Won Kang, Filippo Morace, Massimiliano Chiarolla, Volodymyr Deyneka, Salvatore Cordella, Cosimo D'Amato, Bratislava Chamber Choir",16dhLdAm6nMvaeLWzQ6WO4,"Rossini, G.: Ivanhoe [Opera] (Festival Della Valle D'Itria Di Martina Franca, 2001)",196826,spotify:track:4Es5Nor9hbrvRrfU413W7Y
2019-04-06T09:41:05Z,3ky17tkFGjitC19pSJonY4,"Ivanhoé, Act I Scene 4: Mais quel transport nait dans mon ame … (Pilgrims)","0roWUeP7Ac4yK4VN6L2gF4, 4LQazpKOuAyEC0G57DKVGu, 2eXSvJU5kYxBOCUuAEDKuY, 4t7dtFIrojpKqZ8o7KB9jv, 4nkCTRBF1BpXQ9r0fyyVUU, 3gW64mjoqJkhMkKOfmBCkU, 1s0lxTPeC6poYzG6OrRSLK, 1qPMbbWs2MLRdhbsBx0ptp, 6sXzD3HxveP4dkxZxOIb3q, 6dXRQkPIDWuuvUBmRIpYkt","Gioachino Rossini, Simon Edwards, Inga Balabanova, Soon-Won Kang, Filippo Morace, Massimiliano Chiarolla, Volodymyr Deyneka, Salvatore Cordella, Cosimo D'Amato, Bratislava Chamber Choir",16dhLdAm6nMvaeLWzQ6WO4,"Rossini, G.: Ivanhoe [Opera] (Festival Della Valle D'Itria Di Martina Franca, 2001)",140373,spotify:track:3ky17tkFGjitC19pSJonY4
2019-04-06T09:41:05Z,1TX3ingrL0ZmuxeAm2mnrV,"Ivanhoé, Act I Scene 6: Ah! Point d'alarmes (Pilgrim, Leila, Cedric, Ismael)","0roWUeP7Ac4yK4VN6L2gF4, 4LQazpKOuAyEC0G57DKVGu, 2eXSvJU5kYxBOCUuAEDKuY, 4t7dtFIrojpKqZ8o7KB9jv, 4nkCTRBF1BpXQ9r0fyyVUU, 3gW64mjoqJkhMkKOfmBCkU, 1s0lxTPeC6poYzG6OrRSLK, 1qPMbbWs2MLRdhbsBx0ptp, 6sXzD3HxveP4dkxZxOIb3q, 6dXRQkPIDWuuvUBmRIpYkt","Gioachino Rossini, Simon Edwards, Inga Balabanova, Soon-Won Kang, Filippo Morace, Massimiliano Chiarolla, Volodymyr Deyneka, Salvatore Cordella, Cosimo D'Amato, Bratislava Chamber Choir",16dhLdAm6nMvaeLWzQ6WO4,"Rossini, G.: Ivanhoe [Opera] (Festival Della Valle D'Itria Di Martina Franca, 2001)",117760,spotify:track:1TX3ingrL0ZmuxeAm2mnrV
2019-04-06T09:41:05Z,7g9zjKntLpZpB3qHIRvSah,"Ivanhoé, Act I Scene 7: Boisguilbert vous propose ou la (Heraut)","0roWUeP7Ac4yK4VN6L2gF4, 4LQazpKOuAyEC0G57DKVGu, 2eXSvJU5kYxBOCUuAEDKuY, 4t7dtFIrojpKqZ8o7KB9jv, 4nkCTRBF1BpXQ9r0fyyVUU, 3gW64mjoqJkhMkKOfmBCkU, 1s0lxTPeC6poYzG6OrRSLK, 1qPMbbWs2MLRdhbsBx0ptp, 6sXzD3HxveP4dkxZxOIb3q, 6dXRQkPIDWuuvUBmRIpYkt","Gioachino Rossini, Simon Edwards, Inga Balabanova, Soon-Won Kang, Filippo Morace, Massimiliano Chiarolla, Volodymyr Deyneka, Salvatore Cordella, Cosimo D'Amato, Bratislava Chamber Choir",16dhLdAm6nMvaeLWzQ6WO4,"Rossini, G.: Ivanhoe [Opera] (Festival Della Valle D'Itria Di Martina Franca, 2001)",29746,spotify:track:7g9zjKntLpZpB3qHIRvSah
2019-04-06T09:41:05Z,6fQljFTRLKrc8bAvw62gO3,"Ivanhoé, Act I Scene 7: Va-t-en; dis a ton maitre (Pilgrim, Cedric, Chorus, Leila)","0roWUeP7Ac4yK4VN6L2gF4, 4LQazpKOuAyEC0G57DKVGu, 2eXSvJU5kYxBOCUuAEDKuY, 4t7dtFIrojpKqZ8o7KB9jv, 4nkCTRBF1BpXQ9r0fyyVUU, 3gW64mjoqJkhMkKOfmBCkU, 1s0lxTPeC6poYzG6OrRSLK, 1qPMbbWs2MLRdhbsBx0ptp, 6sXzD3HxveP4dkxZxOIb3q, 6dXRQkPIDWuuvUBmRIpYkt","Gioachino Rossini, Simon Edwards, Inga Balabanova, Soon-Won Kang, Filippo Morace, Massimiliano Chiarolla, Volodymyr Deyneka, Salvatore Cordella, Cosimo D'Amato, Bratislava Chamber Choir",16dhLdAm6nMvaeLWzQ6WO4,"Rossini, G.: Ivanhoe [Opera] (Festival Della Valle D'Itria Di Martina Franca, 2001)",79000,spotify:track:6fQljFTRLKrc8bAvw62gO3
2019-04-06T09:41:05Z,2fcMQDjbnp314lUnq9S2YC,"Ivanhoé, Act I Scene 7: Volez a ma defense (Leila, Chorus, Ivanhoe)","0roWUeP7Ac4yK4VN6L2gF4, 4LQazpKOuAyEC0G57DKVGu, 2eXSvJU5kYxBOCUuAEDKuY, 4t7dtFIrojpKqZ8o7KB9jv, 4nkCTRBF1BpXQ9r0fyyVUU, 3gW64mjoqJkhMkKOfmBCkU, 1s0lxTPeC6poYzG6OrRSLK, 1qPMbbWs2MLRdhbsBx0ptp, 6sXzD3HxveP4dkxZxOIb3q, 6dXRQkPIDWuuvUBmRIpYkt","Gioachino Rossini, Simon Edwards, Inga Balabanova, Soon-Won Kang, Filippo Morace, Massimiliano Chiarolla, Volodymyr Deyneka, Salvatore Cordella, Cosimo D'Amato, Bratislava Chamber Choir",16dhLdAm6nMvaeLWzQ6WO4,"Rossini, G.: Ivanhoe [Opera] (Festival Della Valle D'Itria Di Martina Franca, 2001)",168506,spotify:track:2fcMQDjbnp314lUnq9S2YC
2019-04-06T09:41:05Z,0vQTn9Cajt9k6k2Zm0o1DY,"Ivanhoé, Act I Scene 8: Ma fille, ou fuir, ou nous cacher? (Ismael, Leila)","0roWUeP7Ac4yK4VN6L2gF4, 4LQazpKOuAyEC0G57DKVGu, 2eXSvJU5kYxBOCUuAEDKuY, 4t7dtFIrojpKqZ8o7KB9jv, 4nkCTRBF1BpXQ9r0fyyVUU, 3gW64mjoqJkhMkKOfmBCkU, 1s0lxTPeC6poYzG6OrRSLK, 1qPMbbWs2MLRdhbsBx0ptp, 6sXzD3HxveP4dkxZxOIb3q, 6dXRQkPIDWuuvUBmRIpYkt","Gioachino Rossini, Simon Edwards, Inga Balabanova, Soon-Won Kang, Filippo Morace, Massimiliano Chiarolla, Volodymyr Deyneka, Salvatore Cordella, Cosimo D'Amato, Bratislava Chamber Choir",16dhLdAm6nMvaeLWzQ6WO4,"Rossini, G.: Ivanhoe [Opera] (Festival Della Valle D'Itria Di Martina Franca, 2001)",20386,spotify:track:0vQTn9Cajt9k6k2Zm0o1DY
2019-04-06T09:41:05Z,2qa3RMdr4ju3BeXDxO2pD0,"Ivanhoé, Act I Scene 8: Quel tumulte! (Leila, Ismael, Chorus)","0roWUeP7Ac4yK4VN6L2gF4, 4LQazpKOuAyEC0G57DKVGu, 2eXSvJU5kYxBOCUuAEDKuY, 4t7dtFIrojpKqZ8o7KB9jv, 4nkCTRBF1BpXQ9r0fyyVUU, 3gW64mjoqJkhMkKOfmBCkU, 1s0lxTPeC6poYzG6OrRSLK, 1qPMbbWs2MLRdhbsBx0ptp, 6sXzD3HxveP4dkxZxOIb3q, 6dXRQkPIDWuuvUBmRIpYkt","Gioachino Rossini, Simon Edwards, Inga Balabanova, Soon-Won Kang, Filippo Morace, Massimiliano Chiarolla, Volodymyr Deyneka, Salvatore Cordella, Cosimo D'Amato, Bratislava Chamber Choir",16dhLdAm6nMvaeLWzQ6WO4,"Rossini, G.: Ivanhoe [Opera] (Festival Della Valle D'Itria Di Martina Franca, 2001)",103173,spotify:track:2qa3RMdr4ju3BeXDxO2pD0
2019-04-06T09:41:05Z,1ThT1Hi7UPdaMt8JPuGPJE,"Ivanhoé, Act I Scene 9: Que vois-je? (Leila, Ivanhoe, Chorus)","0roWUeP7Ac4yK4VN6L2gF4, 4LQazpKOuAyEC0G57DKVGu, 2eXSvJU5kYxBOCUuAEDKuY, 4t7dtFIrojpKqZ8o7KB9jv, 4nkCTRBF1BpXQ9r0fyyVUU, 3gW64mjoqJkhMkKOfmBCkU, 1s0lxTPeC6poYzG6OrRSLK, 1qPMbbWs2MLRdhbsBx0ptp, 6sXzD3HxveP4dkxZxOIb3q, 6dXRQkPIDWuuvUBmRIpYkt","Gioachino Rossini, Simon Edwards, Inga Balabanova, Soon-Won Kang, Filippo Morace, Massimiliano Chiarolla, Volodymyr Deyneka, Salvatore Cordella, Cosimo D'Amato, Bratislava Chamber Choir",16dhLdAm6nMvaeLWzQ6WO4,"Rossini, G.: Ivanhoe [Opera] (Festival Della Valle D'Itria Di Martina Franca, 2001)",69266,spotify:track:1ThT1Hi7UPdaMt8JPuGPJE
2019-04-06T09:41:05Z,2JfHhAiQKFQsNWG6oAlsRD,"Ivanhoé, Act I Scene 10: O sort infidele (Leila, Ivanhoe, Ismael)","0roWUeP7Ac4yK4VN6L2gF4, 4LQazpKOuAyEC0G57DKVGu, 2eXSvJU5kYxBOCUuAEDKuY, 4t7dtFIrojpKqZ8o7KB9jv, 4nkCTRBF1BpXQ9r0fyyVUU, 3gW64mjoqJkhMkKOfmBCkU, 1s0lxTPeC6poYzG6OrRSLK, 1qPMbbWs2MLRdhbsBx0ptp, 6sXzD3HxveP4dkxZxOIb3q, 6dXRQkPIDWuuvUBmRIpYkt","Gioachino Rossini, Simon Edwards, Inga Balabanova, Soon-Won Kang, Filippo Morace, Massimiliano Chiarolla, Volodymyr Deyneka, Salvatore Cordella, Cosimo D'Amato, Bratislava Chamber Choir",16dhLdAm6nMvaeLWzQ6WO4,"Rossini, G.: Ivanhoe [Opera] (Festival Della Valle D'Itria Di Martina Franca, 2001)",133360,spotify:track:2JfHhAiQKFQsNWG6oAlsRD
2019-04-06T09:41:05Z,17DhyDyFmTTBChopJ5GAJA,"Ivanhoé, Act I Scene 10: Mon pere, craignez sa colere (Leila, Ivanhoe, Ismael, Boisguilbert, Chorus)","0roWUeP7Ac4yK4VN6L2gF4, 4LQazpKOuAyEC0G57DKVGu, 2eXSvJU5kYxBOCUuAEDKuY, 4t7dtFIrojpKqZ8o7KB9jv, 4nkCTRBF1BpXQ9r0fyyVUU, 3gW64mjoqJkhMkKOfmBCkU, 1s0lxTPeC6poYzG6OrRSLK, 1qPMbbWs2MLRdhbsBx0ptp, 6sXzD3HxveP4dkxZxOIb3q, 6dXRQkPIDWuuvUBmRIpYkt","Gioachino Rossini, Simon Edwards, Inga Balabanova, Soon-Won Kang, Filippo Morace, Massimiliano Chiarolla, Volodymyr Deyneka, Salvatore Cordella, Cosimo D'Amato, Bratislava Chamber Choir",16dhLdAm6nMvaeLWzQ6WO4,"Rossini, G.: Ivanhoe [Opera] (Festival Della Valle D'Itria Di Martina Franca, 2001)",165320,spotify:track:17DhyDyFmTTBChopJ5GAJA
2019-04-06T09:41:05Z,08dm6XELeP9wMJANByX3JN,"Ivanhoé, Act II Scene 1: En vain mon ame espere (Leila)","0roWUeP7Ac4yK4VN6L2gF4, 4LQazpKOuAyEC0G57DKVGu, 2eXSvJU5kYxBOCUuAEDKuY, 4t7dtFIrojpKqZ8o7KB9jv, 4nkCTRBF1BpXQ9r0fyyVUU, 3gW64mjoqJkhMkKOfmBCkU, 1s0lxTPeC6poYzG6OrRSLK, 1qPMbbWs2MLRdhbsBx0ptp, 6sXzD3HxveP4dkxZxOIb3q, 6dXRQkPIDWuuvUBmRIpYkt","Gioachino Rossini, Simon Edwards, Inga Balabanova, Soon-Won Kang, Filippo Morace, Massimiliano Chiarolla, Volodymyr Deyneka, Salvatore Cordella, Cosimo D'Amato, Bratislava Chamber Choir",16dhLdAm6nMvaeLWzQ6WO4,"Rossini, G.: Ivanhoe [Opera] (Festival Della Valle D'Itria Di Martina Franca, 2001)",144666,spotify:track:08dm6XELeP9wMJANByX3JN
2019-04-06T09:41:05Z,5NFBwIHXl5AL28LpNX2yxz,"Ivanhoé, Act II Scene 1: Mais l'amour regne en mon ame (Leila)","0roWUeP7Ac4yK4VN6L2gF4, 4LQazpKOuAyEC0G57DKVGu, 2eXSvJU5kYxBOCUuAEDKuY, 4t7dtFIrojpKqZ8o7KB9jv, 4nkCTRBF1BpXQ9r0fyyVUU, 3gW64mjoqJkhMkKOfmBCkU, 1s0lxTPeC6poYzG6OrRSLK, 1qPMbbWs2MLRdhbsBx0ptp, 6sXzD3HxveP4dkxZxOIb3q, 6dXRQkPIDWuuvUBmRIpYkt","Gioachino Rossini, Simon Edwards, Inga Balabanova, Soon-Won Kang, Filippo Morace, Massimiliano Chiarolla, Volodymyr Deyneka, Salvatore Cordella, Cosimo D'Amato, Bratislava Chamber Choir",16dhLdAm6nMvaeLWzQ6WO4,"Rossini, G.: Ivanhoe [Opera] (Festival Della Valle D'Itria Di Martina Franca, 2001)",189746,spotify:track:5NFBwIHXl5AL28LpNX2yxz
2019-04-06T09:41:05Z,2qFz8hpiVwkP87ks1kE9j1,"Ivanhoé, Act II Scene 2: Que vois-je? (Boisguilbert, Leila)","0roWUeP7Ac4yK4VN6L2gF4, 4LQazpKOuAyEC0G57DKVGu, 2eXSvJU5kYxBOCUuAEDKuY, 4t7dtFIrojpKqZ8o7KB9jv, 4nkCTRBF1BpXQ9r0fyyVUU, 3gW64mjoqJkhMkKOfmBCkU, 1s0lxTPeC6poYzG6OrRSLK, 1qPMbbWs2MLRdhbsBx0ptp, 6sXzD3HxveP4dkxZxOIb3q, 6dXRQkPIDWuuvUBmRIpYkt","Gioachino Rossini, Simon Edwards, Inga Balabanova, Soon-Won Kang, Filippo Morace, Massimiliano Chiarolla, Volodymyr Deyneka, Salvatore Cordella, Cosimo D'Amato, Bratislava Chamber Choir",16dhLdAm6nMvaeLWzQ6WO4,"Rossini, G.: Ivanhoe [Opera] (Festival Della Valle D'Itria Di Martina Franca, 2001)",79720,spotify:track:2qFz8hpiVwkP87ks1kE9j1
2019-04-06T09:41:05Z,7ycGaqzNl4AnR2OIjgiU2u,"Ivanhoé, Act II Scene 2: La crainte me guide (Boisguilbert, Leila)","0roWUeP7Ac4yK4VN6L2gF4, 4LQazpKOuAyEC0G57DKVGu, 2eXSvJU5kYxBOCUuAEDKuY, 4t7dtFIrojpKqZ8o7KB9jv, 4nkCTRBF1BpXQ9r0fyyVUU, 3gW64mjoqJkhMkKOfmBCkU, 1s0lxTPeC6poYzG6OrRSLK, 1qPMbbWs2MLRdhbsBx0ptp, 6sXzD3HxveP4dkxZxOIb3q, 6dXRQkPIDWuuvUBmRIpYkt","Gioachino Rossini, Simon Edwards, Inga Balabanova, Soon-Won Kang, Filippo Morace, Massimiliano Chiarolla, Volodymyr Deyneka, Salvatore Cordella, Cosimo D'Amato, Bratislava Chamber Choir",16dhLdAm6nMvaeLWzQ6WO4,"Rossini, G.: Ivanhoe [Opera] (Festival Della Valle D'Itria Di Martina Franca, 2001)",100386,spotify:track:7ycGaqzNl4AnR2OIjgiU2u
2019-04-06T09:41:05Z,6aUKfdPKNyK7Ak8Eb6NCQR,"Ivanhoé, Act II Scene 2: Par la foi que j'ai juree … (Boisguilbert, Leila)","0roWUeP7Ac4yK4VN6L2gF4, 4LQazpKOuAyEC0G57DKVGu, 2eXSvJU5kYxBOCUuAEDKuY, 4t7dtFIrojpKqZ8o7KB9jv, 4nkCTRBF1BpXQ9r0fyyVUU, 3gW64mjoqJkhMkKOfmBCkU, 1s0lxTPeC6poYzG6OrRSLK, 1qPMbbWs2MLRdhbsBx0ptp, 6sXzD3HxveP4dkxZxOIb3q, 6dXRQkPIDWuuvUBmRIpYkt","Gioachino Rossini, Simon Edwards, Inga Balabanova, Soon-Won Kang, Filippo Morace, Massimiliano Chiarolla, Volodymyr Deyneka, Salvatore Cordella, Cosimo D'Amato, Bratislava Chamber Choir",16dhLdAm6nMvaeLWzQ6WO4,"Rossini, G.: Ivanhoe [Opera] (Festival Della Valle D'Itria Di Martina Franca, 2001)",198560,spotify:track:6aUKfdPKNyK7Ak8Eb6NCQR
2019-04-06T09:41:05Z,4eSBpZ72cYJMiquA729W2O,"Ivanhoé, Act II Scene 2: Mais qu'entends … (Boisguilbert) - Scene 3: Que venez-vous [Boisguilbert, Malvoisin] - Scene 4: Leila! [Boisguilbert, Leila]","0roWUeP7Ac4yK4VN6L2gF4, 4LQazpKOuAyEC0G57DKVGu, 2eXSvJU5kYxBOCUuAEDKuY, 4t7dtFIrojpKqZ8o7KB9jv, 4nkCTRBF1BpXQ9r0fyyVUU, 3gW64mjoqJkhMkKOfmBCkU, 1s0lxTPeC6poYzG6OrRSLK, 1qPMbbWs2MLRdhbsBx0ptp, 6sXzD3HxveP4dkxZxOIb3q, 6dXRQkPIDWuuvUBmRIpYkt","Gioachino Rossini, Simon Edwards, Inga Balabanova, Soon-Won Kang, Filippo Morace, Massimiliano Chiarolla, Volodymyr Deyneka, Salvatore Cordella, Cosimo D'Amato, Bratislava Chamber Choir",16dhLdAm6nMvaeLWzQ6WO4,"Rossini, G.: Ivanhoe [Opera] (Festival Della Valle D'Itria Di Martina Franca, 2001)",90480,spotify:track:4eSBpZ72cYJMiquA729W2O
2019-04-06T09:41:05Z,3UJeZxIb8uC1y883qPlUay,"Ivanhoé, Act II Scene 5: Souffrance cruelle (Leila, Boisguilbert, Malvoisin)","0roWUeP7Ac4yK4VN6L2gF4, 4LQazpKOuAyEC0G57DKVGu, 2eXSvJU5kYxBOCUuAEDKuY, 4t7dtFIrojpKqZ8o7KB9jv, 4nkCTRBF1BpXQ9r0fyyVUU, 3gW64mjoqJkhMkKOfmBCkU, 1s0lxTPeC6poYzG6OrRSLK, 1qPMbbWs2MLRdhbsBx0ptp, 6sXzD3HxveP4dkxZxOIb3q, 6dXRQkPIDWuuvUBmRIpYkt","Gioachino Rossini, Simon Edwards, Inga Balabanova, Soon-Won Kang, Filippo Morace, Massimiliano Chiarolla, Volodymyr Deyneka, Salvatore Cordella, Cosimo D'Amato, Bratislava Chamber Choir",16dhLdAm6nMvaeLWzQ6WO4,"Rossini, G.: Ivanhoe [Opera] (Festival Della Valle D'Itria Di Martina Franca, 2001)",145173,spotify:track:3UJeZxIb8uC1y883qPlUay
2019-04-06T09:41:05Z,6i6aIa8kfiS3B3BVEN1xtl,"Ivanhoé, Act II Scene 5: Suivez-nous (Knights, Leila, Malvoisin, Boisguilbert, Chorus)","0roWUeP7Ac4yK4VN6L2gF4, 4LQazpKOuAyEC0G57DKVGu, 2eXSvJU5kYxBOCUuAEDKuY, 4t7dtFIrojpKqZ8o7KB9jv, 4nkCTRBF1BpXQ9r0fyyVUU, 3gW64mjoqJkhMkKOfmBCkU, 1s0lxTPeC6poYzG6OrRSLK, 1qPMbbWs2MLRdhbsBx0ptp, 6sXzD3HxveP4dkxZxOIb3q, 6dXRQkPIDWuuvUBmRIpYkt","Gioachino Rossini, Simon Edwards, Inga Balabanova, Soon-Won Kang, Filippo Morace, Massimiliano Chiarolla, Volodymyr Deyneka, Salvatore Cordella, Cosimo D'Amato, Bratislava Chamber Choir",16dhLdAm6nMvaeLWzQ6WO4,"Rossini, G.: Ivanhoe [Opera] (Festival Della Valle D'Itria Di Martina Franca, 2001)",130160,spotify:track:6i6aIa8kfiS3B3BVEN1xtl
2019-04-06T09:41:05Z,40VGxQcjr3DqXps8BaRDBT,"Ivanhoé, Act II Scene 8: Race infidele (Chorus of Knights)","0roWUeP7Ac4yK4VN6L2gF4, 4LQazpKOuAyEC0G57DKVGu, 2eXSvJU5kYxBOCUuAEDKuY, 4t7dtFIrojpKqZ8o7KB9jv, 4nkCTRBF1BpXQ9r0fyyVUU, 3gW64mjoqJkhMkKOfmBCkU, 1s0lxTPeC6poYzG6OrRSLK, 1qPMbbWs2MLRdhbsBx0ptp, 6sXzD3HxveP4dkxZxOIb3q, 6dXRQkPIDWuuvUBmRIpYkt","Gioachino Rossini, Simon Edwards, Inga Balabanova, Soon-Won Kang, Filippo Morace, Massimiliano Chiarolla, Volodymyr Deyneka, Salvatore Cordella, Cosimo D'Amato, Bratislava Chamber Choir",16dhLdAm6nMvaeLWzQ6WO4,"Rossini, G.: Ivanhoe [Opera] (Festival Della Valle D'Itria Di Martina Franca, 2001)",189946,spotify:track:40VGxQcjr3DqXps8BaRDBT
2019-04-06T09:41:05Z,6tTt6hP6O0H3ZC7PSmvZLG,"Ivanhoé, Act II Scene 9: Leila, musulmane (Beaumanoir)","0roWUeP7Ac4yK4VN6L2gF4, 4LQazpKOuAyEC0G57DKVGu, 2eXSvJU5kYxBOCUuAEDKuY, 4t7dtFIrojpKqZ8o7KB9jv, 4nkCTRBF1BpXQ9r0fyyVUU, 3gW64mjoqJkhMkKOfmBCkU, 1s0lxTPeC6poYzG6OrRSLK, 1qPMbbWs2MLRdhbsBx0ptp, 6sXzD3HxveP4dkxZxOIb3q, 6dXRQkPIDWuuvUBmRIpYkt","Gioachino Rossini, Simon Edwards, Inga Balabanova, Soon-Won Kang, Filippo Morace, Massimiliano Chiarolla, Volodymyr Deyneka, Salvatore Cordella, Cosimo D'Amato, Bratislava Chamber Choir",16dhLdAm6nMvaeLWzQ6WO4,"Rossini, G.: Ivanhoe [Opera] (Festival Della Valle D'Itria Di Martina Franca, 2001)",41800,spotify:track:6tTt6hP6O0H3ZC7PSmvZLG
2019-04-06T09:41:05Z,6NXw88qPLX180Wze5KDZat,"Ivanhoé, Act II Scene 9: Quel coup m'accable (Leila, Malvoisin, Chorus, Boisguilbert)","0roWUeP7Ac4yK4VN6L2gF4, 4LQazpKOuAyEC0G57DKVGu, 2eXSvJU5kYxBOCUuAEDKuY, 4t7dtFIrojpKqZ8o7KB9jv, 4nkCTRBF1BpXQ9r0fyyVUU, 3gW64mjoqJkhMkKOfmBCkU, 1s0lxTPeC6poYzG6OrRSLK, 1qPMbbWs2MLRdhbsBx0ptp, 6sXzD3HxveP4dkxZxOIb3q, 6dXRQkPIDWuuvUBmRIpYkt","Gioachino Rossini, Simon Edwards, Inga Balabanova, Soon-Won Kang, Filippo Morace, Massimiliano Chiarolla, Volodymyr Deyneka, Salvatore Cordella, Cosimo D'Amato, Bratislava Chamber Choir",16dhLdAm6nMvaeLWzQ6WO4,"Rossini, G.: Ivanhoe [Opera] (Festival Della Valle D'Itria Di Martina Franca, 2001)",265213,spotify:track:6NXw88qPLX180Wze5KDZat
2019-04-06T09:41:05Z,1WIyyRDDwXh9a5YsaP9Kqp,"Ivanhoé, Act II Scene 10: Que vois-je? (Malvoisin, Ismael, Boisguilbert, Leila, Beaumanoir, Chorus)","0roWUeP7Ac4yK4VN6L2gF4, 4LQazpKOuAyEC0G57DKVGu, 2eXSvJU5kYxBOCUuAEDKuY, 4t7dtFIrojpKqZ8o7KB9jv, 4nkCTRBF1BpXQ9r0fyyVUU, 3gW64mjoqJkhMkKOfmBCkU, 1s0lxTPeC6poYzG6OrRSLK, 1qPMbbWs2MLRdhbsBx0ptp, 6sXzD3HxveP4dkxZxOIb3q, 6dXRQkPIDWuuvUBmRIpYkt","Gioachino Rossini, Simon Edwards, Inga Balabanova, Soon-Won Kang, Filippo Morace, Massimiliano Chiarolla, Volodymyr Deyneka, Salvatore Cordella, Cosimo D'Amato, Bratislava Chamber Choir",16dhLdAm6nMvaeLWzQ6WO4,"Rossini, G.: Ivanhoe [Opera] (Festival Della Valle D'Itria Di Martina Franca, 2001)",225066,spotify:track:1WIyyRDDwXh9a5YsaP9Kqp
2019-04-06T09:41:05Z,7hAhcDKTyCs96B1pyN2yJl,Ivanhoé: Introduction,"0roWUeP7Ac4yK4VN6L2gF4, 4LQazpKOuAyEC0G57DKVGu, 2eXSvJU5kYxBOCUuAEDKuY, 4t7dtFIrojpKqZ8o7KB9jv, 4nkCTRBF1BpXQ9r0fyyVUU, 3gW64mjoqJkhMkKOfmBCkU, 1s0lxTPeC6poYzG6OrRSLK, 1qPMbbWs2MLRdhbsBx0ptp, 6sXzD3HxveP4dkxZxOIb3q, 6dXRQkPIDWuuvUBmRIpYkt","Gioachino Rossini, Simon Edwards, Inga Balabanova, Soon-Won Kang, Filippo Morace, Massimiliano Chiarolla, Volodymyr Deyneka, Salvatore Cordella, Cosimo D'Amato, Bratislava Chamber Choir",16dhLdAm6nMvaeLWzQ6WO4,"Rossini, G.: Ivanhoe [Opera] (Festival Della Valle D'Itria Di Martina Franca, 2001)",175320,spotify:track:7hAhcDKTyCs96B1pyN2yJl
2019-04-06T09:41:05Z,2onyjSUlKfRJaoE0mVfpeS,"Ivanhoé, Act III Scene 2: Faisons silence (Chorus of Knights)","0roWUeP7Ac4yK4VN6L2gF4, 4LQazpKOuAyEC0G57DKVGu, 2eXSvJU5kYxBOCUuAEDKuY, 4t7dtFIrojpKqZ8o7KB9jv, 4nkCTRBF1BpXQ9r0fyyVUU, 3gW64mjoqJkhMkKOfmBCkU, 1s0lxTPeC6poYzG6OrRSLK, 1qPMbbWs2MLRdhbsBx0ptp, 6sXzD3HxveP4dkxZxOIb3q, 6dXRQkPIDWuuvUBmRIpYkt","Gioachino Rossini, Simon Edwards, Inga Balabanova, Soon-Won Kang, Filippo Morace, Massimiliano Chiarolla, Volodymyr Deyneka, Salvatore Cordella, Cosimo D'Amato, Bratislava Chamber Choir",16dhLdAm6nMvaeLWzQ6WO4,"Rossini, G.: Ivanhoe [Opera] (Festival Della Valle D'Itria Di Martina Franca, 2001)",171400,spotify:track:2onyjSUlKfRJaoE0mVfpeS
2019-04-06T09:41:05Z,3CR7umB6n3SNFClRnrjRq4,"Ivanhoé, Act III Scene 7: Mon amour te plongea dans l'abime (Boisguilbert, Chorus)","0roWUeP7Ac4yK4VN6L2gF4, 4LQazpKOuAyEC0G57DKVGu, 2eXSvJU5kYxBOCUuAEDKuY, 4t7dtFIrojpKqZ8o7KB9jv, 4nkCTRBF1BpXQ9r0fyyVUU, 3gW64mjoqJkhMkKOfmBCkU, 1s0lxTPeC6poYzG6OrRSLK, 1qPMbbWs2MLRdhbsBx0ptp, 6sXzD3HxveP4dkxZxOIb3q, 6dXRQkPIDWuuvUBmRIpYkt","Gioachino Rossini, Simon Edwards, Inga Balabanova, Soon-Won Kang, Filippo Morace, Massimiliano Chiarolla, Volodymyr Deyneka, Salvatore Cordella, Cosimo D'Amato, Bratislava Chamber Choir",16dhLdAm6nMvaeLWzQ6WO4,"Rossini, G.: Ivanhoe [Opera] (Festival Della Valle D'Itria Di Martina Franca, 2001)",160706,spotify:track:3CR7umB6n3SNFClRnrjRq4
2019-04-06T09:41:05Z,2u1rAFnvCPygYfBOmwma25,"Ivanhoé, Act III Scene 7: Venez commandeur (Chorus, Boisguilbert)","0roWUeP7Ac4yK4VN6L2gF4, 4LQazpKOuAyEC0G57DKVGu, 2eXSvJU5kYxBOCUuAEDKuY, 4t7dtFIrojpKqZ8o7KB9jv, 4nkCTRBF1BpXQ9r0fyyVUU, 3gW64mjoqJkhMkKOfmBCkU, 1s0lxTPeC6poYzG6OrRSLK, 1qPMbbWs2MLRdhbsBx0ptp, 6sXzD3HxveP4dkxZxOIb3q, 6dXRQkPIDWuuvUBmRIpYkt","Gioachino Rossini, Simon Edwards, Inga Balabanova, Soon-Won Kang, Filippo Morace, Massimiliano Chiarolla, Volodymyr Deyneka, Salvatore Cordella, Cosimo D'Amato, Bratislava Chamber Choir",16dhLdAm6nMvaeLWzQ6WO4,"Rossini, G.: Ivanhoe [Opera] (Festival Della Valle D'Itria Di Martina Franca, 2001)",48786,spotify:track:2u1rAFnvCPygYfBOmwma25
2019-04-06T09:41:05Z,431Qt0FKboBwP4CuDFjziB,"Ivanhoé, Act III Scene 7: A l'heure supreme (Boisguilbert, Chorus)","0roWUeP7Ac4yK4VN6L2gF4, 4LQazpKOuAyEC0G57DKVGu, 2eXSvJU5kYxBOCUuAEDKuY, 4t7dtFIrojpKqZ8o7KB9jv, 4nkCTRBF1BpXQ9r0fyyVUU, 3gW64mjoqJkhMkKOfmBCkU, 1s0lxTPeC6poYzG6OrRSLK, 1qPMbbWs2MLRdhbsBx0ptp, 6sXzD3HxveP4dkxZxOIb3q, 6dXRQkPIDWuuvUBmRIpYkt","Gioachino Rossini, Simon Edwards, Inga Balabanova, Soon-Won Kang, Filippo Morace, Massimiliano Chiarolla, Volodymyr Deyneka, Salvatore Cordella, Cosimo D'Amato, Bratislava Chamber Choir",16dhLdAm6nMvaeLWzQ6WO4,"Rossini, G.: Ivanhoe [Opera] (Festival Della Valle D'Itria Di Martina Franca, 2001)",103933,spotify:track:431Qt0FKboBwP4CuDFjziB
2019-04-06T09:41:05Z,7wUBNgzowDqW7shTGiwUas,"Ivanhoé, Act III Scene 9: Dieu! Signale ta clemence (Female Chorus, Male Chorus)","0roWUeP7Ac4yK4VN6L2gF4, 4LQazpKOuAyEC0G57DKVGu, 2eXSvJU5kYxBOCUuAEDKuY, 4t7dtFIrojpKqZ8o7KB9jv, 4nkCTRBF1BpXQ9r0fyyVUU, 3gW64mjoqJkhMkKOfmBCkU, 1s0lxTPeC6poYzG6OrRSLK, 1qPMbbWs2MLRdhbsBx0ptp, 6sXzD3HxveP4dkxZxOIb3q, 6dXRQkPIDWuuvUBmRIpYkt","Gioachino Rossini, Simon Edwards, Inga Balabanova, Soon-Won Kang, Filippo Morace, Massimiliano Chiarolla, Volodymyr Deyneka, Salvatore Cordella, Cosimo D'Amato, Bratislava Chamber Choir",16dhLdAm6nMvaeLWzQ6WO4,"Rossini, G.: Ivanhoe [Opera] (Festival Della Valle D'Itria Di Martina Franca, 2001)",213866,spotify:track:7wUBNgzowDqW7shTGiwUas
2019-04-06T09:41:05Z,56irUtfJ5iEjlydgpomcLZ,"Ivanhoé, Act III Scene 10: Arretez! (Knights, Malvoisin, Boisguilbert, Ivanhoe) - Scene 11: Les barbares! [Ismael] - Scene 12: Amis, mon fils doit [Cedric, Ismael]","0roWUeP7Ac4yK4VN6L2gF4, 4LQazpKOuAyEC0G57DKVGu, 2eXSvJU5kYxBOCUuAEDKuY, 4t7dtFIrojpKqZ8o7KB9jv, 4nkCTRBF1BpXQ9r0fyyVUU, 3gW64mjoqJkhMkKOfmBCkU, 1s0lxTPeC6poYzG6OrRSLK, 1qPMbbWs2MLRdhbsBx0ptp, 6sXzD3HxveP4dkxZxOIb3q, 6dXRQkPIDWuuvUBmRIpYkt","Gioachino Rossini, Simon Edwards, Inga Balabanova, Soon-Won Kang, Filippo Morace, Massimiliano Chiarolla, Volodymyr Deyneka, Salvatore Cordella, Cosimo D'Amato, Bratislava Chamber Choir",16dhLdAm6nMvaeLWzQ6WO4,"Rossini, G.: Ivanhoe [Opera] (Festival Della Valle D'Itria Di Martina Franca, 2001)",160893,spotify:track:56irUtfJ5iEjlydgpomcLZ
2019-04-06T09:41:05Z,0GHF9wXAJrAErWtS13zLy7,"Ivanhoé, Act III Scene 12: Finale. Victoire - Scene 13: Final. Benis le … (Ivanhoe, Leila, Ismael, Cedric) [Chorus Behind the Scenes, Cedric, Ismael]","0roWUeP7Ac4yK4VN6L2gF4, 4LQazpKOuAyEC0G57DKVGu, 2eXSvJU5kYxBOCUuAEDKuY, 4t7dtFIrojpKqZ8o7KB9jv, 4nkCTRBF1BpXQ9r0fyyVUU, 3gW64mjoqJkhMkKOfmBCkU, 1s0lxTPeC6poYzG6OrRSLK, 1qPMbbWs2MLRdhbsBx0ptp, 6sXzD3HxveP4dkxZxOIb3q, 6dXRQkPIDWuuvUBmRIpYkt","Gioachino Rossini, Simon Edwards, Inga Balabanova, Soon-Won Kang, Filippo Morace, Massimiliano Chiarolla, Volodymyr Deyneka, Salvatore Cordella, Cosimo D'Amato, Bratislava Chamber Choir",16dhLdAm6nMvaeLWzQ6WO4,"Rossini, G.: Ivanhoe [Opera] (Festival Della Valle D'Itria Di Martina Franca, 2001)",155920,spotify:track:0GHF9wXAJrAErWtS13zLy7
2019-04-06T09:41:05Z,5Xu4Esk6pyO4J8U4bcKzSP,"Ivanhoé, Act III Scene 14: Le ciel se declare! (Beaumanoir, Chorus, Ivanhoe) - Scene 15: Final Scene. Notre ennemi s'avance! [Malvoisin, Ismael, Cedric]","0roWUeP7Ac4yK4VN6L2gF4, 4LQazpKOuAyEC0G57DKVGu, 2eXSvJU5kYxBOCUuAEDKuY, 4t7dtFIrojpKqZ8o7KB9jv, 4nkCTRBF1BpXQ9r0fyyVUU, 3gW64mjoqJkhMkKOfmBCkU, 1s0lxTPeC6poYzG6OrRSLK, 1qPMbbWs2MLRdhbsBx0ptp, 6sXzD3HxveP4dkxZxOIb3q, 6dXRQkPIDWuuvUBmRIpYkt","Gioachino Rossini, Simon Edwards, Inga Balabanova, Soon-Won Kang, Filippo Morace, Massimiliano Chiarolla, Volodymyr Deyneka, Salvatore Cordella, Cosimo D'Amato, Bratislava Chamber Choir",16dhLdAm6nMvaeLWzQ6WO4,"Rossini, G.: Ivanhoe [Opera] (Festival Della Valle D'Itria Di Martina Franca, 2001)",146026,spotify:track:5Xu4Esk6pyO4J8U4bcKzSP
2019-04-05T14:07:06Z,2LAfKLDOAHk4OXnz3Dn5tb,The Fallen,0XNa1vTidXlvJ2gHSsRi4A,Franz Ferdinand,5ESRMcTy8mXMA7sHhlXM40,You Could Have It So Much Better,222400,spotify:track:2LAfKLDOAHk4OXnz3Dn5tb
2019-04-05T10:43:03Z,1FEdEeL3LVSw0upgUChKAB,Tears Of Rage - Remastered 2000,4vpDg7Y7fU982Ds30zawDA,The Band,0ky5kdvfPxSmSpj03hpSAE,Music From Big Pink (Remastered),319950,spotify:track:1FEdEeL3LVSw0upgUChKAB
2019-04-05T10:43:03Z,4pWS0d4pcn0lDnp8jzjjY2,To Kingdom Come - Remastered 2000,4vpDg7Y7fU982Ds30zawDA,The Band,0ky5kdvfPxSmSpj03hpSAE,Music From Big Pink (Remastered),198522,spotify:track:4pWS0d4pcn0lDnp8jzjjY2
2019-04-05T10:43:03Z,5FTZvGKtwhz430WKnA8ik1,In A Station - Remastered 2000,4vpDg7Y7fU982Ds30zawDA,The Band,0ky5kdvfPxSmSpj03hpSAE,Music From Big Pink (Remastered),210244,spotify:track:5FTZvGKtwhz430WKnA8ik1
2019-04-05T10:43:03Z,4BdNQTF3bQXghWvkuqtCxP,Caledonia Mission - Remastered 2000,4vpDg7Y7fU982Ds30zawDA,The Band,0ky5kdvfPxSmSpj03hpSAE,Music From Big Pink (Remastered),174021,spotify:track:4BdNQTF3bQXghWvkuqtCxP
2019-04-05T10:43:03Z,0P7DoyGrr4Wp9w5TotEtUC,The Weight - Remastered 2000,4vpDg7Y7fU982Ds30zawDA,The Band,0ky5kdvfPxSmSpj03hpSAE,Music From Big Pink (Remastered),274493,spotify:track:0P7DoyGrr4Wp9w5TotEtUC
2019-04-05T10:43:03Z,0sd32LeL99Lb374IyDOYJd,We Can Talk - Remastered 2000,4vpDg7Y7fU982Ds30zawDA,The Band,0ky5kdvfPxSmSpj03hpSAE,Music From Big Pink (Remastered),182803,spotify:track:0sd32LeL99Lb374IyDOYJd
2019-04-05T10:43:03Z,2mkz7LrEqofmv0PvcihXW7,Long Black Veil - Remastered 2000,4vpDg7Y7fU982Ds30zawDA,The Band,0ky5kdvfPxSmSpj03hpSAE,Music From Big Pink (Remastered),181038,spotify:track:2mkz7LrEqofmv0PvcihXW7
2019-04-05T10:43:03Z,2uMbDaPM5knVhHlDXqCc2c,Chest Fever - Remastered 2000,4vpDg7Y7fU982Ds30zawDA,The Band,0ky5kdvfPxSmSpj03hpSAE,Music From Big Pink (Remastered),313554,spotify:track:2uMbDaPM5knVhHlDXqCc2c
2019-04-05T10:43:03Z,4OvUUqKuWjkTE22P8SLvnd,Lonesome Suzie - Remastered 2000,4vpDg7Y7fU982Ds30zawDA,The Band,0ky5kdvfPxSmSpj03hpSAE,Music From Big Pink (Remastered),240926,spotify:track:4OvUUqKuWjkTE22P8SLvnd
2019-04-05T10:43:03Z,5VsQz4TODuGxnHrFD6MLtx,This Wheel's On Fire - Remastered 2000,4vpDg7Y7fU982Ds30zawDA,The Band,0ky5kdvfPxSmSpj03hpSAE,Music From Big Pink (Remastered),189900,spotify:track:5VsQz4TODuGxnHrFD6MLtx
2019-04-05T10:43:03Z,1IoRkyadylakMOukD7uN67,I Shall Be Released - Remastered 2000,4vpDg7Y7fU982Ds30zawDA,The Band,0ky5kdvfPxSmSpj03hpSAE,Music From Big Pink (Remastered),192104,spotify:track:1IoRkyadylakMOukD7uN67
2019-04-04T18:24:01Z,42ArbGb8xKg4I6IqirMy57,La Canzone Dell Amore Perduto,4lianjyuR1tqf6oUX8kjrZ,Franco Battiato,1Kn7Ds2UpJTdpBj7oweUh7,Fleurs,205946,spotify:track:42ArbGb8xKg4I6IqirMy57
2019-04-04T18:24:01Z,2lwoXj2wsOPCtW1O7EVRev,Ruby Tuesday,4lianjyuR1tqf6oUX8kjrZ,Franco Battiato,1Kn7Ds2UpJTdpBj7oweUh7,Fleurs,216013,spotify:track:2lwoXj2wsOPCtW1O7EVRev
2019-04-04T18:24:01Z,3j1PZLFjNgvMq3eDwbSm3S,J'Entends Siffler Le Train,4lianjyuR1tqf6oUX8kjrZ,Franco Battiato,1Kn7Ds2UpJTdpBj7oweUh7,Fleurs,189493,spotify:track:3j1PZLFjNgvMq3eDwbSm3S
2019-04-04T18:24:01Z,5lZ3iFXivl8m9O2tcpxQpr,Aria Di Neve,4lianjyuR1tqf6oUX8kjrZ,Franco Battiato,1Kn7Ds2UpJTdpBj7oweUh7,Fleurs,172813,spotify:track:5lZ3iFXivl8m9O2tcpxQpr
2019-04-04T18:24:01Z,5In5TczTsrUCjjqsto0gbw,Ed Io Tra Di Voi,4lianjyuR1tqf6oUX8kjrZ,Franco Battiato,1Kn7Ds2UpJTdpBj7oweUh7,Fleurs,174680,spotify:track:5In5TczTsrUCjjqsto0gbw
2019-04-04T18:24:01Z,40LYHoLTm9yzoM0T3hBKVp,La Canzone Dei Vecchi Amanti,4lianjyuR1tqf6oUX8kjrZ,Franco Battiato,1Kn7Ds2UpJTdpBj7oweUh7,Fleurs,205146,spotify:track:40LYHoLTm9yzoM0T3hBKVp
2019-04-04T18:24:01Z,1twTeDbpvru5ptXgFQCYSF,Era De Maggio,4lianjyuR1tqf6oUX8kjrZ,Franco Battiato,1Kn7Ds2UpJTdpBj7oweUh7,Fleurs,206746,spotify:track:1twTeDbpvru5ptXgFQCYSF
2019-04-04T18:24:01Z,0HBx1foAYjsBy9AFtHjDkJ,Che Cosa Resta,4lianjyuR1tqf6oUX8kjrZ,Franco Battiato,1Kn7Ds2UpJTdpBj7oweUh7,Fleurs,206493,spotify:track:0HBx1foAYjsBy9AFtHjDkJ
2019-04-04T18:24:01Z,4QeEhsFQOJZye2FlRQcf7j,"Amore Che Vieni, Amore Che Val",4lianjyuR1tqf6oUX8kjrZ,Franco Battiato,1Kn7Ds2UpJTdpBj7oweUh7,Fleurs,147680,spotify:track:4QeEhsFQOJZye2FlRQcf7j
2019-04-04T18:24:01Z,2N19eHMGsCOioyvH9nBrog,Medievale,4lianjyuR1tqf6oUX8kjrZ,Franco Battiato,1Kn7Ds2UpJTdpBj7oweUh7,Fleurs,157266,spotify:track:2N19eHMGsCOioyvH9nBrog
2019-04-04T18:24:01Z,5wB4efDeVv88jqfuGD6aNb,Invito Al Viaggio,4lianjyuR1tqf6oUX8kjrZ,Franco Battiato,1Kn7Ds2UpJTdpBj7oweUh7,Fleurs,446480,spotify:track:5wB4efDeVv88jqfuGD6aNb
2019-03-30T19:54:07Z,6wGn8xdhJXW5j30n5v20Av,Vostok,0LGX3mkYo7ckQz4JyZrifu,Jardín de la Croix,2CWiyYZfozIPH2f1zCyhff,Ocean Cosmonauts,331400,spotify:track:6wGn8xdhJXW5j30n5v20Av
2019-03-30T19:54:07Z,7JkHgtjMzeTnAIlVpuQFQg,Island Of Atlas,0LGX3mkYo7ckQz4JyZrifu,Jardín de la Croix,2CWiyYZfozIPH2f1zCyhff,Ocean Cosmonauts,597573,spotify:track:7JkHgtjMzeTnAIlVpuQFQg
2019-03-30T19:54:07Z,4RsKjpVbwmZTwWKNB0O8gj,Maelstrom,0LGX3mkYo7ckQz4JyZrifu,Jardín de la Croix,2CWiyYZfozIPH2f1zCyhff,Ocean Cosmonauts,419546,spotify:track:4RsKjpVbwmZTwWKNB0O8gj
2019-03-30T19:54:07Z,6qPGPWpTn9gHKoW0nBcERX,Math Of Vortex,0LGX3mkYo7ckQz4JyZrifu,Jardín de la Croix,2CWiyYZfozIPH2f1zCyhff,Ocean Cosmonauts,506133,spotify:track:6qPGPWpTn9gHKoW0nBcERX
2019-03-28T20:53:45Z,3STlNWa5f5P4XDh3LGFG0u,Voice,7DeuppKQdCVhuWrzzCBBpc,Hiromi,1LeBjxguhl0sNpmJSc4aKu,Voice,553466,spotify:track:3STlNWa5f5P4XDh3LGFG0u
2019-03-28T20:53:45Z,7hdbfMdjsdclkZONmT7lD6,"Beethoven's Piano Sonata No. 8, Pathetique",7DeuppKQdCVhuWrzzCBBpc,Hiromi,1LeBjxguhl0sNpmJSc4aKu,Voice,313026,spotify:track:7hdbfMdjsdclkZONmT7lD6
2019-03-28T17:12:45Z,506QVgytjv6wUVCSVF4Ewe,I Want You (She's so Heavy),3JVF9a4IJrL7sTSdjXxIqJ,Eddie Hazel,5uUtn3Fkr4qWQUpJAmrLEf,"Game, Dames And Guitar Thangs",566560,spotify:track:506QVgytjv6wUVCSVF4Ewe
2019-03-25T14:06:15Z,3wOX9DeKWek6OtwcxNnj3x,Helicon 1,34UhPkLbtFKRq3nmfFgejG,Mogwai,4rbWJkt4gXZI2UYvpNR0mD,Beautiful Boy (Original Motion Picture Soundtrack),357817,spotify:track:3wOX9DeKWek6OtwcxNnj3x
2019-03-24T20:48:15Z,4aCsgwFhbZ8CmYAotK7W2B,Let Down,"5FWTu1MZdB5fjKif2rZldJ, 6ZFv3wQwwWPiVDWhv0mjQK","Easy Star All-Stars, Toots & The Maytals",775nfRVFPVu7WSsIju6ipJ,Radiodread,284386,spotify:track:4aCsgwFhbZ8CmYAotK7W2B
2019-03-20T18:44:38Z,0rLXkcnB2kwwptc94cd41W,The Profane,2F9WG9ugzneeesOZfmQ18V,Shubh Saran,3NjUkJlwRzjI7dj6t1aEkB,Hmayra,86380,spotify:track:0rLXkcnB2kwwptc94cd41W
2019-03-20T18:44:38Z,5Ua0UoYF8qxUCwBY0WOjRl,Slip,2F9WG9ugzneeesOZfmQ18V,Shubh Saran,3NjUkJlwRzjI7dj6t1aEkB,Hmayra,199763,spotify:track:5Ua0UoYF8qxUCwBY0WOjRl
2019-03-20T18:44:38Z,6nlfmUB5Af60yyOHAl5QeI,It Was You,2F9WG9ugzneeesOZfmQ18V,Shubh Saran,3NjUkJlwRzjI7dj6t1aEkB,Hmayra,232157,spotify:track:6nlfmUB5Af60yyOHAl5QeI
2019-03-20T18:44:38Z,5YyvEYkHNWetktKGC9a5sQ,Blank Stare,2F9WG9ugzneeesOZfmQ18V,Shubh Saran,3NjUkJlwRzjI7dj6t1aEkB,Hmayra,274145,spotify:track:5YyvEYkHNWetktKGC9a5sQ
2019-03-20T18:44:38Z,5BTSprVXxjXVwjXYcrnkwl,Haze,2F9WG9ugzneeesOZfmQ18V,Shubh Saran,3NjUkJlwRzjI7dj6t1aEkB,Hmayra,364114,spotify:track:5BTSprVXxjXVwjXYcrnkwl
2019-03-20T18:44:38Z,5mWxt4B4LewcfZyqKrdeF3,Tyaga,2F9WG9ugzneeesOZfmQ18V,Shubh Saran,3NjUkJlwRzjI7dj6t1aEkB,Hmayra,238992,spotify:track:5mWxt4B4LewcfZyqKrdeF3
2019-03-20T18:44:38Z,6QAE1vvj6BCFW4VH6jPiMX,The Sacred,2F9WG9ugzneeesOZfmQ18V,Shubh Saran,3NjUkJlwRzjI7dj6t1aEkB,Hmayra,113882,spotify:track:6QAE1vvj6BCFW4VH6jPiMX
2019-03-20T18:44:38Z,1OMxqjdtKu1z2DfvkZku4z,The Impostor,2F9WG9ugzneeesOZfmQ18V,Shubh Saran,3NjUkJlwRzjI7dj6t1aEkB,Hmayra,322426,spotify:track:1OMxqjdtKu1z2DfvkZku4z
2019-03-20T18:44:38Z,3PMh3JBYse7HDUU5iGktXw,Ascent,2F9WG9ugzneeesOZfmQ18V,Shubh Saran,3NjUkJlwRzjI7dj6t1aEkB,Hmayra,265724,spotify:track:3PMh3JBYse7HDUU5iGktXw
2019-03-19T15:14:35Z,4FAWzguG0airPX5Fueyf8b,Fat Old Sun - Live in Gdańsk,2FcC4sDMXme2ziI7tGKMK8,David Gilmour,21k7KOzml8aOToa1d3r5Gm,Live in Gdansk,400360,spotify:track:4FAWzguG0airPX5Fueyf8b
2019-03-12T23:59:08Z,0ofHAoxe9vBkTCp2UQIavz,Dreams - 2004 Remaster,08GQAI4eElDnROBrJRGE0X,Fleetwood Mac,0BwWUstDMUbgq2NYONRqlu,Rumours (Super Deluxe),257800,spotify:track:0ofHAoxe9vBkTCp2UQIavz
2019-03-12T23:59:08Z,3CPeWqqaHR0hmyfsWhMJQs,Don't Stop - 2004 Remaster,08GQAI4eElDnROBrJRGE0X,Fleetwood Mac,0BwWUstDMUbgq2NYONRqlu,Rumours (Super Deluxe),193346,spotify:track:3CPeWqqaHR0hmyfsWhMJQs
2019-03-12T23:59:08Z,4xh7W7tlNMIczFhupCPniY,Go Your Own Way - 2004 Remaster,08GQAI4eElDnROBrJRGE0X,Fleetwood Mac,0BwWUstDMUbgq2NYONRqlu,Rumours (Super Deluxe),223613,spotify:track:4xh7W7tlNMIczFhupCPniY
2019-03-12T23:59:08Z,5e9TFTbltYBg2xThimr0rU,The Chain - 2004 Remaster,08GQAI4eElDnROBrJRGE0X,Fleetwood Mac,0BwWUstDMUbgq2NYONRqlu,Rumours (Super Deluxe),270213,spotify:track:5e9TFTbltYBg2xThimr0rU
2019-03-11T12:39:03Z,4UluFGXeIzL3SGLrX7qwuy,Bal de Bamako,"7DxGG5hXfOSgepxXa7UqRF, 6soPpJHlCtN6SY8pWlfbC6, 2nCACYdIndYchzX4bxLcTW, 0ShXtJGjzmboEPVOvIdbQA, 4G5ZJny3HvX6Il7eHVfnNC, 44bvfFf9VeGwVjK0QDqQ7O","Lamomali, -M-, Toumani Diabaté, Sidiki Diabaté, Fatoumata Diawara, Oxmo Puccino",6CpkXCkmHAQ9JTV9ypbG5N,Bal de Bamako,229138,spotify:track:4UluFGXeIzL3SGLrX7qwuy
2019-03-09T09:59:40Z,0tjMuYYZ3wPCW5temP74Qd,Gray Pianos Flying,1nneqrnKWHyupZKKJELQ5u,Shawn Lane,1q3SiaDIR0nIDbHQ1I7Ukg,Powers Of Ten; Live!,189400,spotify:track:0tjMuYYZ3wPCW5temP74Qd
2019-02-22T17:59:03Z,0Hqhn8gaB7SBrg1LFTd1S0,...Baby One More Time - Davidson Ospina Radio Mix,"26dSoYclwsYLMAKD3tpOr4, 4pIoJsv1jTj73rhpAkSH0s","Britney Spears, Davidson Ospina",3WNxdumkSMGMJRhEgK80qx,...Baby One More Time (Digital Deluxe Version),204560,spotify:track:0Hqhn8gaB7SBrg1LFTd1S0
2019-02-22T07:04:00Z,7BxQJTzBjhfpx8PVT1qASg,Hyper Music,12Chz98pHFMPJEknJQMWvI,Muse,1Dh27pjT3IEdiRG9Se5uQn,Origin of Symmetry,201506,spotify:track:7BxQJTzBjhfpx8PVT1qASg
2019-02-20T11:04:33Z,7jeSFewaQLq8t2x8OZFQxZ,All I Want,5hW4L92KnC6dX9t7tYM4Ve,Joni Mitchell,1vz94WpXDVYIEGja8cjFNa,Blue,214240,spotify:track:7jeSFewaQLq8t2x8OZFQxZ
2019-02-20T11:04:33Z,1yWIsH3TC51gmzvQxZNCQC,Blue,5hW4L92KnC6dX9t7tYM4Ve,Joni Mitchell,1vz94WpXDVYIEGja8cjFNa,Blue,177253,spotify:track:1yWIsH3TC51gmzvQxZNCQC
2019-02-15T21:06:32Z,4xtuYNdQyVWgVS7AQBGbSP,Voodoo mon amour,2cbWJP4X5b9sKEDW80uc5r,Diablo Swing Orchestra,0pRLYXwvvYYqMZPV9qLihC,Pandora's Piñata,271520,spotify:track:4xtuYNdQyVWgVS7AQBGbSP
2019-02-15T21:06:32Z,3yMWbVxovgG6A7Pl0DvSlF,Guerrilla Laments,2cbWJP4X5b9sKEDW80uc5r,Diablo Swing Orchestra,0pRLYXwvvYYqMZPV9qLihC,Pandora's Piñata,295053,spotify:track:3yMWbVxovgG6A7Pl0DvSlF
2019-02-15T21:06:32Z,2ErjwKHQ5WijLaTEvM7Yo5,Kevlar Sweethearts,2cbWJP4X5b9sKEDW80uc5r,Diablo Swing Orchestra,0pRLYXwvvYYqMZPV9qLihC,Pandora's Piñata,264906,spotify:track:2ErjwKHQ5WijLaTEvM7Yo5
2019-02-15T21:06:32Z,1UJIgIvJ2ZNa96jmKOGnzS,How To Organize A Lynch Mob,2cbWJP4X5b9sKEDW80uc5r,Diablo Swing Orchestra,0pRLYXwvvYYqMZPV9qLihC,Pandora's Piñata,53160,spotify:track:1UJIgIvJ2ZNa96jmKOGnzS
2019-02-15T21:06:32Z,4z4lmHZnpBsfmc5Bgg7pGN,Black Box Messiah,2cbWJP4X5b9sKEDW80uc5r,Diablo Swing Orchestra,0pRLYXwvvYYqMZPV9qLihC,Pandora's Piñata,177280,spotify:track:4z4lmHZnpBsfmc5Bgg7pGN
2019-02-15T21:06:32Z,47rQvKTp8yBGozDFTZ8yFL,Exit Strategy Of A Wrecking Ball,2cbWJP4X5b9sKEDW80uc5r,Diablo Swing Orchestra,0pRLYXwvvYYqMZPV9qLihC,Pandora's Piñata,361573,spotify:track:47rQvKTp8yBGozDFTZ8yFL
2019-02-15T21:06:32Z,5jqBYZ8XlZPJdx1uNA0kW4,Aurora,2cbWJP4X5b9sKEDW80uc5r,Diablo Swing Orchestra,0pRLYXwvvYYqMZPV9qLihC,Pandora's Piñata,305093,spotify:track:5jqBYZ8XlZPJdx1uNA0kW4
2019-02-15T21:06:32Z,1UZbimIQ3bvEmgVtb6xFWA,Mass Rapture,2cbWJP4X5b9sKEDW80uc5r,Diablo Swing Orchestra,0pRLYXwvvYYqMZPV9qLihC,Pandora's Piñata,363280,spotify:track:1UZbimIQ3bvEmgVtb6xFWA
2019-02-15T21:06:32Z,7e4Gs5gGCYxn6zDdyNwErn,Honey Trap Aftermath,2cbWJP4X5b9sKEDW80uc5r,Diablo Swing Orchestra,0pRLYXwvvYYqMZPV9qLihC,Pandora's Piñata,255200,spotify:track:7e4Gs5gGCYxn6zDdyNwErn
2019-02-15T21:06:32Z,718bClZmBl2Nul32U20mfJ,Of Kali Ma Calibre,2cbWJP4X5b9sKEDW80uc5r,Diablo Swing Orchestra,0pRLYXwvvYYqMZPV9qLihC,Pandora's Piñata,265066,spotify:track:718bClZmBl2Nul32U20mfJ
2019-02-15T21:06:32Z,7adBRGDsGBM8JXpb929y98,Justice For Saint Mary,2cbWJP4X5b9sKEDW80uc5r,Diablo Swing Orchestra,0pRLYXwvvYYqMZPV9qLihC,Pandora's Piñata,497253,spotify:track:7adBRGDsGBM8JXpb929y98
2019-02-14T14:55:07Z,64r9LJmUTSFxiK2Semj3ph,Live Forever,4RwbDag6jWIYJnEGH6Wte9,Drew Holcomb & The Neighbors,3WequSBxJjxLL24Nvf3u0i,The Collection,273120,spotify:track:64r9LJmUTSFxiK2Semj3ph
2019-02-11T22:49:20Z,5CT60xZhYemMqp4Hkbbxy1,Pattern of the North,05lIUgmmsmTX2N9dCKc8rC,Rival Consoles,5MOeV0ljTAaQx7J8DtLp9N,Night Melody,349980,spotify:track:5CT60xZhYemMqp4Hkbbxy1
2019-02-11T22:49:20Z,07z7wVy25Za77zUs6Evzby,Johannesburg,05lIUgmmsmTX2N9dCKc8rC,Rival Consoles,5MOeV0ljTAaQx7J8DtLp9N,Night Melody,442321,spotify:track:07z7wVy25Za77zUs6Evzby
2019-02-11T22:49:20Z,1dqkSZhnVPUYsPO2meovFa,Slow Song,05lIUgmmsmTX2N9dCKc8rC,Rival Consoles,5MOeV0ljTAaQx7J8DtLp9N,Night Melody,232334,spotify:track:1dqkSZhnVPUYsPO2meovFa
2019-02-11T22:49:20Z,1uOlp7qMwSa0hADQdgHWF8,Lone,05lIUgmmsmTX2N9dCKc8rC,Rival Consoles,5MOeV0ljTAaQx7J8DtLp9N,Night Melody,355214,spotify:track:1uOlp7qMwSa0hADQdgHWF8
2019-02-11T22:49:20Z,1R5bgwDAqj3XKvxgUX2Tay,Night Melody,05lIUgmmsmTX2N9dCKc8rC,Rival Consoles,5MOeV0ljTAaQx7J8DtLp9N,Night Melody,322374,spotify:track:1R5bgwDAqj3XKvxgUX2Tay
2019-02-11T22:49:20Z,4bog9NfxLrBjC6YONEsKJ1,What Sorrow,05lIUgmmsmTX2N9dCKc8rC,Rival Consoles,5MOeV0ljTAaQx7J8DtLp9N,Night Melody,322847,spotify:track:4bog9NfxLrBjC6YONEsKJ1
2019-02-11T19:32:37Z,03c6s6VTKDsCU1R5bclNii,Walk On the Wild Side,42TFhl7WlMRXiNqzSrnzPL,Lou Reed,45W3OrbYpaZUCQeukGfP2U,The Best Year Of My Life: 1973,253293,spotify:track:03c6s6VTKDsCU1R5bclNii
2019-02-10T15:09:45Z,7HRjSx7PybiGp8HxIjHEPx,Wanderer,"4TbQ2MpPMZfOWTcm6c5RaA, 6scGwi6HVcRp71p6t9zSU3","Ilya Beshevli, Ilya Beshevli & The Imperalis Orchestra",6fDIFX10OMyNuO4UUXQHKm,Wanderer (Deluxe Edition),207186,spotify:track:7HRjSx7PybiGp8HxIjHEPx
2019-02-10T15:09:45Z,0eVlpyxsChVDmDC1p27BtH,Embers,4TbQ2MpPMZfOWTcm6c5RaA,Ilya Beshevli,6fDIFX10OMyNuO4UUXQHKm,Wanderer (Deluxe Edition),232080,spotify:track:0eVlpyxsChVDmDC1p27BtH
2019-02-10T15:09:45Z,1fqUa8JmQoMhmnyXfbj3bC,To Solitude,4TbQ2MpPMZfOWTcm6c5RaA,Ilya Beshevli,6fDIFX10OMyNuO4UUXQHKm,Wanderer (Deluxe Edition),244120,spotify:track:1fqUa8JmQoMhmnyXfbj3bC
2019-02-10T15:09:45Z,4CFAzZmvef0gyTIwaxdoQO,Covenant,4TbQ2MpPMZfOWTcm6c5RaA,Ilya Beshevli,6fDIFX10OMyNuO4UUXQHKm,Wanderer (Deluxe Edition),273013,spotify:track:4CFAzZmvef0gyTIwaxdoQO
2019-02-10T15:09:45Z,11AuXTjl6gWxhlzOdyebHN,The Traveller's Night Song,"4TbQ2MpPMZfOWTcm6c5RaA, 6scGwi6HVcRp71p6t9zSU3","Ilya Beshevli, Ilya Beshevli & The Imperalis Orchestra",6fDIFX10OMyNuO4UUXQHKm,Wanderer (Deluxe Edition),221400,spotify:track:11AuXTjl6gWxhlzOdyebHN
2019-02-10T15:09:45Z,52Crf5EeJHtFxJoXBlwG04,Cranes Are Flying,4TbQ2MpPMZfOWTcm6c5RaA,Ilya Beshevli,6fDIFX10OMyNuO4UUXQHKm,Wanderer (Deluxe Edition),201413,spotify:track:52Crf5EeJHtFxJoXBlwG04
2019-02-10T15:09:45Z,6RiNUlWOmH3qYslPcsQBxt,Memory of Sun,"4TbQ2MpPMZfOWTcm6c5RaA, 6scGwi6HVcRp71p6t9zSU3","Ilya Beshevli, Ilya Beshevli & The Imperalis Orchestra",6fDIFX10OMyNuO4UUXQHKm,Wanderer (Deluxe Edition),186084,spotify:track:6RiNUlWOmH3qYslPcsQBxt
2019-02-10T15:09:45Z,0BOHvlzsF6lArarNXFcHdN,Time Speaking,4TbQ2MpPMZfOWTcm6c5RaA,Ilya Beshevli,6fDIFX10OMyNuO4UUXQHKm,Wanderer (Deluxe Edition),214613,spotify:track:0BOHvlzsF6lArarNXFcHdN
2019-02-10T15:09:45Z,0lNT8o5w5CvP9Sp0M4G6vq,A Book of Hours,"4TbQ2MpPMZfOWTcm6c5RaA, 6scGwi6HVcRp71p6t9zSU3","Ilya Beshevli, Ilya Beshevli & The Imperalis Orchestra",6fDIFX10OMyNuO4UUXQHKm,Wanderer (Deluxe Edition),254640,spotify:track:0lNT8o5w5CvP9Sp0M4G6vq
2019-02-10T15:09:45Z,1fmgp0B9ZCjqGbDmkCRrbm,Morning Again,4TbQ2MpPMZfOWTcm6c5RaA,Ilya Beshevli,6fDIFX10OMyNuO4UUXQHKm,Wanderer (Deluxe Edition),157733,spotify:track:1fmgp0B9ZCjqGbDmkCRrbm
2019-02-10T15:09:45Z,6hqELIzjcu5v2BD28TdRnQ,Tears of a Tiger,4TbQ2MpPMZfOWTcm6c5RaA,Ilya Beshevli,6fDIFX10OMyNuO4UUXQHKm,Wanderer (Deluxe Edition),197906,spotify:track:6hqELIzjcu5v2BD28TdRnQ
2019-02-10T15:09:45Z,7KYJiNmrz7qLWZeYW2Gsub,Night Forest,4TbQ2MpPMZfOWTcm6c5RaA,Ilya Beshevli,6fDIFX10OMyNuO4UUXQHKm,Wanderer (Deluxe Edition),245266,spotify:track:7KYJiNmrz7qLWZeYW2Gsub
2019-02-10T15:09:45Z,6SwBVOgbngaODw6aYAZCBl,Pacific Ocean,4TbQ2MpPMZfOWTcm6c5RaA,Ilya Beshevli,6fDIFX10OMyNuO4UUXQHKm,Wanderer (Deluxe Edition),172893,spotify:track:6SwBVOgbngaODw6aYAZCBl
2019-02-10T15:09:45Z,5UWv8knOyu8Q3muMefMKcK,Restless Heart,4TbQ2MpPMZfOWTcm6c5RaA,Ilya Beshevli,6fDIFX10OMyNuO4UUXQHKm,Wanderer (Deluxe Edition),291906,spotify:track:5UWv8knOyu8Q3muMefMKcK
2019-02-10T15:09:45Z,6blyg7EDtqmDQb3nFEc1Lj,Beautiful Image,4TbQ2MpPMZfOWTcm6c5RaA,Ilya Beshevli,6fDIFX10OMyNuO4UUXQHKm,Wanderer (Deluxe Edition),246613,spotify:track:6blyg7EDtqmDQb3nFEc1Lj
2019-02-10T15:09:45Z,2hhg9wzeOvxYQN0DNLfKzN,Wind,4TbQ2MpPMZfOWTcm6c5RaA,Ilya Beshevli,6fDIFX10OMyNuO4UUXQHKm,Wanderer (Deluxe Edition),172293,spotify:track:2hhg9wzeOvxYQN0DNLfKzN
2019-02-10T15:09:45Z,2TLWGamH6lTMEeLbM8RnQ3,Snowdrop,4TbQ2MpPMZfOWTcm6c5RaA,Ilya Beshevli,6fDIFX10OMyNuO4UUXQHKm,Wanderer (Deluxe Edition),150866,spotify:track:2TLWGamH6lTMEeLbM8RnQ3
2019-02-10T15:09:45Z,1Ibs2OY2mV0NJuCPj7Vqne,Bird in Captivity,4TbQ2MpPMZfOWTcm6c5RaA,Ilya Beshevli,6fDIFX10OMyNuO4UUXQHKm,Wanderer (Deluxe Edition),158866,spotify:track:1Ibs2OY2mV0NJuCPj7Vqne
2019-02-10T15:09:45Z,7mCAuxbipvVPrb3LrduZKe,Pursuit of Happiness,4TbQ2MpPMZfOWTcm6c5RaA,Ilya Beshevli,6fDIFX10OMyNuO4UUXQHKm,Wanderer (Deluxe Edition),226986,spotify:track:7mCAuxbipvVPrb3LrduZKe
2019-02-09T09:17:36Z,4q7DbTHsoUtkiAyelQsfh9,The Gulag Orkestar,6pmxr66tMAePxzOLfjGNcX,Beirut,6MQXgLKSXLb8SwZ4m7STNc,Gulag Orkestar,278906,spotify:track:4q7DbTHsoUtkiAyelQsfh9
2019-02-09T09:17:36Z,43gcr2I2dOaOpKrUJJ22Ix,Prenzlauerberg,6pmxr66tMAePxzOLfjGNcX,Beirut,6MQXgLKSXLb8SwZ4m7STNc,Gulag Orkestar,226733,spotify:track:43gcr2I2dOaOpKrUJJ22Ix
2019-02-09T09:17:36Z,7HB4aiGzMjNWl9G6PJMHMF,Brandenburg,6pmxr66tMAePxzOLfjGNcX,Beirut,6MQXgLKSXLb8SwZ4m7STNc,Gulag Orkestar,218773,spotify:track:7HB4aiGzMjNWl9G6PJMHMF
2019-02-09T09:17:36Z,4qBHDoJFUUSvTa4aZJfEuw,Postcards from Italy,6pmxr66tMAePxzOLfjGNcX,Beirut,6MQXgLKSXLb8SwZ4m7STNc,Gulag Orkestar,257480,spotify:track:4qBHDoJFUUSvTa4aZJfEuw
2019-02-09T09:17:36Z,4hFMXOpyU9cgg3mZcNbEHr,Mount Wrociai (Idle Days),6pmxr66tMAePxzOLfjGNcX,Beirut,6MQXgLKSXLb8SwZ4m7STNc,Gulag Orkestar,195506,spotify:track:4hFMXOpyU9cgg3mZcNbEHr
2019-02-09T09:17:36Z,3GHMOfKEl0W5nW8E6sm7Vu,Rhineland (Heartland),6pmxr66tMAePxzOLfjGNcX,Beirut,6MQXgLKSXLb8SwZ4m7STNc,Gulag Orkestar,238800,spotify:track:3GHMOfKEl0W5nW8E6sm7Vu
2019-02-09T09:17:36Z,1YHIllgp5ifQdoyaUElGnT,Scenic World,6pmxr66tMAePxzOLfjGNcX,Beirut,6MQXgLKSXLb8SwZ4m7STNc,Gulag Orkestar,128280,spotify:track:1YHIllgp5ifQdoyaUElGnT
2019-02-09T09:17:36Z,3SwJVDCm9Yqy5CouExjWze,Bratislava,6pmxr66tMAePxzOLfjGNcX,Beirut,6MQXgLKSXLb8SwZ4m7STNc,Gulag Orkestar,197333,spotify:track:3SwJVDCm9Yqy5CouExjWze
2019-02-09T09:17:36Z,0npkCOaalZOKncymwerX5I,The Bunker,6pmxr66tMAePxzOLfjGNcX,Beirut,6MQXgLKSXLb8SwZ4m7STNc,Gulag Orkestar,193186,spotify:track:0npkCOaalZOKncymwerX5I
2019-02-09T09:17:36Z,7lzEGogY7GBg4ikqeFreDd,The Canals of Our City,6pmxr66tMAePxzOLfjGNcX,Beirut,6MQXgLKSXLb8SwZ4m7STNc,Gulag Orkestar,141120,spotify:track:7lzEGogY7GBg4ikqeFreDd
2019-02-09T09:17:36Z,5y576Sqb2Z6F0zdGG2abX9,After the Curtain,6pmxr66tMAePxzOLfjGNcX,Beirut,6MQXgLKSXLb8SwZ4m7STNc,Gulag Orkestar,174893,spotify:track:5y576Sqb2Z6F0zdGG2abX9
2019-02-01T07:53:06Z,7BkAlVpGwXXl3sYNn5OoJ7,Rainy Day Women #12 & 35,74ASZWbe4lXaubB36ztrGX,Bob Dylan,4NP1rhnsPdYpnyJP0p0k0L,Blonde On Blonde,277383,spotify:track:7BkAlVpGwXXl3sYNn5OoJ7
2019-02-01T07:53:06Z,2qTvEdNY21mL9whUJot9Oc,Pledging My Time,74ASZWbe4lXaubB36ztrGX,Bob Dylan,4NP1rhnsPdYpnyJP0p0k0L,Blonde On Blonde,230267,spotify:track:2qTvEdNY21mL9whUJot9Oc
2019-02-01T07:53:06Z,2rslQV48gNv3r9pPrQFPW1,Visions of Johanna,74ASZWbe4lXaubB36ztrGX,Bob Dylan,4NP1rhnsPdYpnyJP0p0k0L,Blonde On Blonde,454005,spotify:track:2rslQV48gNv3r9pPrQFPW1
2019-02-01T07:53:06Z,40GFPBolcy0yucApV9uxq2,One of Us Must Know (Sooner or Later),74ASZWbe4lXaubB36ztrGX,Bob Dylan,4NP1rhnsPdYpnyJP0p0k0L,Blonde On Blonde,295106,spotify:track:40GFPBolcy0yucApV9uxq2
2019-02-01T07:53:06Z,7tJQ4Ekp2vN3NlI3vJJW3v,I Want You,74ASZWbe4lXaubB36ztrGX,Bob Dylan,4NP1rhnsPdYpnyJP0p0k0L,Blonde On Blonde,188602,spotify:track:7tJQ4Ekp2vN3NlI3vJJW3v
2019-02-01T07:53:06Z,1NYTj6JEw3IOh4ggiBh82h,Stuck Inside of Mobile with the Memphis Blues Again,74ASZWbe4lXaubB36ztrGX,Bob Dylan,4NP1rhnsPdYpnyJP0p0k0L,Blonde On Blonde,426505,spotify:track:1NYTj6JEw3IOh4ggiBh82h
2019-02-01T07:53:06Z,6aeOSY6fPsvGTzyXi65pNY,Leopard-Skin Pill-Box Hat,74ASZWbe4lXaubB36ztrGX,Bob Dylan,4NP1rhnsPdYpnyJP0p0k0L,Blonde On Blonde,238504,spotify:track:6aeOSY6fPsvGTzyXi65pNY
2019-02-01T07:53:06Z,37Dl7jQMmt0gUnzTKqnjkN,Just Like a Woman,74ASZWbe4lXaubB36ztrGX,Bob Dylan,4NP1rhnsPdYpnyJP0p0k0L,Blonde On Blonde,293828,spotify:track:37Dl7jQMmt0gUnzTKqnjkN
2019-02-01T07:53:06Z,2SbnSPLltgmScvZVI0OcRF,Most Likely You Go Your Way (And I'll Go Mine),74ASZWbe4lXaubB36ztrGX,Bob Dylan,4NP1rhnsPdYpnyJP0p0k0L,Blonde On Blonde,209825,spotify:track:2SbnSPLltgmScvZVI0OcRF
2019-02-01T07:53:06Z,1HgFg4pCJO1tX1uh5NMALx,Temporary Like Achilles,74ASZWbe4lXaubB36ztrGX,Bob Dylan,4NP1rhnsPdYpnyJP0p0k0L,Blonde On Blonde,303003,spotify:track:1HgFg4pCJO1tX1uh5NMALx
2019-02-01T07:53:06Z,08TyPDbQ14NOoOWh13WJ2Z,Absolutely Sweet Marie,74ASZWbe4lXaubB36ztrGX,Bob Dylan,4NP1rhnsPdYpnyJP0p0k0L,Blonde On Blonde,297405,spotify:track:08TyPDbQ14NOoOWh13WJ2Z
2019-02-01T07:53:06Z,4i4oDSWluhViEzuYIZYtmJ,Fourth Time Around,74ASZWbe4lXaubB36ztrGX,Bob Dylan,4NP1rhnsPdYpnyJP0p0k0L,Blonde On Blonde,275355,spotify:track:4i4oDSWluhViEzuYIZYtmJ
2019-02-01T07:53:06Z,74z9AsqO74WCnX3BlvbGAL,Obviously Five Believers,74ASZWbe4lXaubB36ztrGX,Bob Dylan,4NP1rhnsPdYpnyJP0p0k0L,Blonde On Blonde,215508,spotify:track:74z9AsqO74WCnX3BlvbGAL
2019-02-01T07:53:06Z,4jdtLLyEL7wY0TlCdMKhxq,Sad-Eyed Lady of the Lowlands,74ASZWbe4lXaubB36ztrGX,Bob Dylan,4NP1rhnsPdYpnyJP0p0k0L,Blonde On Blonde,676914,spotify:track:4jdtLLyEL7wY0TlCdMKhxq
2019-02-01T07:45:15Z,3AhXZa8sUQht0UEdBJgpGc,Like a Rolling Stone,74ASZWbe4lXaubB36ztrGX,Bob Dylan,6YabPKtZAjxwyWbuO9p4ZD,Highway 61 Revisited,371713,spotify:track:3AhXZa8sUQht0UEdBJgpGc
2019-02-01T07:45:15Z,5JqsRFZYDtIK5Rgeuzd2Jv,Tombstone Blues,74ASZWbe4lXaubB36ztrGX,Bob Dylan,6YabPKtZAjxwyWbuO9p4ZD,Highway 61 Revisited,360723,spotify:track:5JqsRFZYDtIK5Rgeuzd2Jv
2019-02-01T07:45:15Z,2yaf46YMxA5y6bzmWUKgXC,"It Takes a Lot to Laugh, It Takes a Train to Cry",74ASZWbe4lXaubB36ztrGX,Bob Dylan,6YabPKtZAjxwyWbuO9p4ZD,Highway 61 Revisited,249116,spotify:track:2yaf46YMxA5y6bzmWUKgXC
2019-02-01T07:45:15Z,6txGFpco4cfgG1sA1MxLCp,From a Buick 6,74ASZWbe4lXaubB36ztrGX,Bob Dylan,6YabPKtZAjxwyWbuO9p4ZD,Highway 61 Revisited,199093,spotify:track:6txGFpco4cfgG1sA1MxLCp
2019-02-01T07:45:15Z,0f5N14nB8xi0p3o4BlVvbx,Ballad of a Thin Man,74ASZWbe4lXaubB36ztrGX,Bob Dylan,6YabPKtZAjxwyWbuO9p4ZD,Highway 61 Revisited,357546,spotify:track:0f5N14nB8xi0p3o4BlVvbx
2019-02-01T07:45:15Z,0c2DAekH6ZEnHhf8dM1leK,Queen Jane Approximately,74ASZWbe4lXaubB36ztrGX,Bob Dylan,6YabPKtZAjxwyWbuO9p4ZD,Highway 61 Revisited,331426,spotify:track:0c2DAekH6ZEnHhf8dM1leK
2019-02-01T07:45:15Z,6os5B6xjuke9YfBKH3tu1e,Highway 61 Revisited,74ASZWbe4lXaubB36ztrGX,Bob Dylan,6YabPKtZAjxwyWbuO9p4ZD,Highway 61 Revisited,210188,spotify:track:6os5B6xjuke9YfBKH3tu1e
2019-02-01T07:45:15Z,0V1771LhL3tG36pb55EZAH,Just Like Tom Thumb's Blues,74ASZWbe4lXaubB36ztrGX,Bob Dylan,6YabPKtZAjxwyWbuO9p4ZD,Highway 61 Revisited,331825,spotify:track:0V1771LhL3tG36pb55EZAH
2019-02-01T07:45:15Z,4n1ZGm3TxYmoYe1YR8cMus,Desolation Row,74ASZWbe4lXaubB36ztrGX,Bob Dylan,6YabPKtZAjxwyWbuO9p4ZD,Highway 61 Revisited,679838,spotify:track:4n1ZGm3TxYmoYe1YR8cMus
2019-02-01T07:44:42Z,52vA3CYKZqZVdQnzRrdZt6,The Times They Are A-Changin',74ASZWbe4lXaubB36ztrGX,Bob Dylan,7DZeLXvr9eTVpyI1OlqtcS,The Times They Are A-Changin',197020,spotify:track:52vA3CYKZqZVdQnzRrdZt6
2019-02-01T07:44:42Z,3Si9u9FVlUTcUXVcawnstJ,Ballad of Hollis Brown,74ASZWbe4lXaubB36ztrGX,Bob Dylan,7DZeLXvr9eTVpyI1OlqtcS,The Times They Are A-Changin',307421,spotify:track:3Si9u9FVlUTcUXVcawnstJ
2019-02-01T07:44:42Z,5hBOEqqkcQaUgkRhh6EyX4,With God on Our Side,74ASZWbe4lXaubB36ztrGX,Bob Dylan,7DZeLXvr9eTVpyI1OlqtcS,The Times They Are A-Changin',429766,spotify:track:5hBOEqqkcQaUgkRhh6EyX4
2019-02-01T07:44:42Z,5ATUmaVJWUTTagmPwQLck3,One Too Many Mornings,74ASZWbe4lXaubB36ztrGX,Bob Dylan,7DZeLXvr9eTVpyI1OlqtcS,The Times They Are A-Changin',162436,spotify:track:5ATUmaVJWUTTagmPwQLck3
2019-02-01T07:44:42Z,3cY8cOjaN8Lwi08g9Fpr6D,North Country Blues,74ASZWbe4lXaubB36ztrGX,Bob Dylan,7DZeLXvr9eTVpyI1OlqtcS,The Times They Are A-Changin',276938,spotify:track:3cY8cOjaN8Lwi08g9Fpr6D
2019-02-01T07:44:42Z,6lib77q4koq52srysevRfT,Only a Pawn in Their Game,74ASZWbe4lXaubB36ztrGX,Bob Dylan,7DZeLXvr9eTVpyI1OlqtcS,The Times They Are A-Changin',212899,spotify:track:6lib77q4koq52srysevRfT
2019-02-01T07:44:42Z,6QHYEZlm9wyfXfEM1vSu1P,Boots of Spanish Leather,74ASZWbe4lXaubB36ztrGX,Bob Dylan,7DZeLXvr9eTVpyI1OlqtcS,The Times They Are A-Changin',280305,spotify:track:6QHYEZlm9wyfXfEM1vSu1P
2019-02-01T07:44:42Z,7hMhO4oenpVkVaM5bNkEbz,When the Ship Comes In,74ASZWbe4lXaubB36ztrGX,Bob Dylan,7DZeLXvr9eTVpyI1OlqtcS,The Times They Are A-Changin',198181,spotify:track:7hMhO4oenpVkVaM5bNkEbz
2019-02-01T07:44:42Z,6j1fiAG1NFBqPDRfJY19Yv,The Lonesome Death of Hattie Carroll,74ASZWbe4lXaubB36ztrGX,Bob Dylan,7DZeLXvr9eTVpyI1OlqtcS,The Times They Are A-Changin',348663,spotify:track:6j1fiAG1NFBqPDRfJY19Yv
2019-02-01T07:44:42Z,1LGmxVTktSQBIpKPymNrWl,Restless Farewell,74ASZWbe4lXaubB36ztrGX,Bob Dylan,7DZeLXvr9eTVpyI1OlqtcS,The Times They Are A-Changin',332521,spotify:track:1LGmxVTktSQBIpKPymNrWl
2019-02-01T07:44:36Z,18GiV1BaXzPVYpp9rmOg0E,Blowin' in the Wind,74ASZWbe4lXaubB36ztrGX,Bob Dylan,0o1uFxZ1VTviqvNaYkTJek,The Freewheelin' Bob Dylan,168756,spotify:track:18GiV1BaXzPVYpp9rmOg0E
2019-02-01T07:44:36Z,739sLmfUkVFoyPtb0C3263,Girl from the North Country,74ASZWbe4lXaubB36ztrGX,Bob Dylan,0o1uFxZ1VTviqvNaYkTJek,The Freewheelin' Bob Dylan,203081,spotify:track:739sLmfUkVFoyPtb0C3263
2019-02-01T07:44:36Z,7xVpkVkd1klTzLJEysIR7z,Masters of War,74ASZWbe4lXaubB36ztrGX,Bob Dylan,0o1uFxZ1VTviqvNaYkTJek,The Freewheelin' Bob Dylan,278100,spotify:track:7xVpkVkd1klTzLJEysIR7z
2019-02-01T07:44:36Z,7fzLfsWsXVvStzsk9yRfbG,Down the Highway,74ASZWbe4lXaubB36ztrGX,Bob Dylan,0o1uFxZ1VTviqvNaYkTJek,The Freewheelin' Bob Dylan,212108,spotify:track:7fzLfsWsXVvStzsk9yRfbG
2019-02-01T07:44:36Z,1xa66kvw6zwboiW7c8W9t8,Bob Dylan's Blues,74ASZWbe4lXaubB36ztrGX,Bob Dylan,0o1uFxZ1VTviqvNaYkTJek,The Freewheelin' Bob Dylan,148873,spotify:track:1xa66kvw6zwboiW7c8W9t8
2019-02-01T07:44:36Z,7ny2ATvjtKszCpLpfsGnVQ,A Hard Rain's A-Gonna Fall,74ASZWbe4lXaubB36ztrGX,Bob Dylan,0o1uFxZ1VTviqvNaYkTJek,The Freewheelin' Bob Dylan,412987,spotify:track:7ny2ATvjtKszCpLpfsGnVQ
2019-02-01T07:44:36Z,4MNxOR2Fu4NqJ892UdYx0h,Bob Dylan's Dream,74ASZWbe4lXaubB36ztrGX,Bob Dylan,0o1uFxZ1VTviqvNaYkTJek,The Freewheelin' Bob Dylan,302600,spotify:track:4MNxOR2Fu4NqJ892UdYx0h
2019-02-01T07:44:36Z,7Ay1lHxhuM33NoXKsS0iom,Oxford Town,74ASZWbe4lXaubB36ztrGX,Bob Dylan,0o1uFxZ1VTviqvNaYkTJek,The Freewheelin' Bob Dylan,110335,spotify:track:7Ay1lHxhuM33NoXKsS0iom
2019-02-01T07:44:36Z,0ePDsEDDIPZNpbwRUEXKoX,Talkin' World War III Blues,74ASZWbe4lXaubB36ztrGX,Bob Dylan,0o1uFxZ1VTviqvNaYkTJek,The Freewheelin' Bob Dylan,387464,spotify:track:0ePDsEDDIPZNpbwRUEXKoX
2019-02-01T07:44:36Z,1L4RtuEiAiwdX5taX4meLI,"Corrina, Corrina",74ASZWbe4lXaubB36ztrGX,Bob Dylan,0o1uFxZ1VTviqvNaYkTJek,The Freewheelin' Bob Dylan,164031,spotify:track:1L4RtuEiAiwdX5taX4meLI
2019-02-01T07:44:36Z,71XTdtW3bvmIrotG8yYVMS,"Honey, Just Allow Me One More Chance",74ASZWbe4lXaubB36ztrGX,Bob Dylan,0o1uFxZ1VTviqvNaYkTJek,The Freewheelin' Bob Dylan,120843,spotify:track:71XTdtW3bvmIrotG8yYVMS
2019-02-01T07:44:36Z,0D7qLnnev1iKpH5RNT7YsD,I Shall Be Free,74ASZWbe4lXaubB36ztrGX,Bob Dylan,0o1uFxZ1VTviqvNaYkTJek,The Freewheelin' Bob Dylan,286756,spotify:track:0D7qLnnev1iKpH5RNT7YsD
2019-02-01T07:44:29Z,6ixNehh9DrMM9vYhN93foh,You're No Good,74ASZWbe4lXaubB36ztrGX,Bob Dylan,5k63xxy9YcKM0H9GS3vP1K,Bob Dylan,102028,spotify:track:6ixNehh9DrMM9vYhN93foh
2019-02-01T07:44:29Z,1X6dRpq3Wi6Jxthi8ZBBBz,Talkin' New York,74ASZWbe4lXaubB36ztrGX,Bob Dylan,5k63xxy9YcKM0H9GS3vP1K,Bob Dylan,201782,spotify:track:1X6dRpq3Wi6Jxthi8ZBBBz
2019-02-01T07:44:29Z,0udZHhCi7p1YzMlvI4fXoK,In My Time of Dyin',74ASZWbe4lXaubB36ztrGX,Bob Dylan,5k63xxy9YcKM0H9GS3vP1K,Bob Dylan,161622,spotify:track:0udZHhCi7p1YzMlvI4fXoK
2019-02-01T07:44:29Z,3SF5puV5eb6bgRSxBeMOk9,Man of Constant Sorrow,74ASZWbe4lXaubB36ztrGX,Bob Dylan,5k63xxy9YcKM0H9GS3vP1K,Bob Dylan,190461,spotify:track:3SF5puV5eb6bgRSxBeMOk9
2019-02-01T07:44:29Z,2AyqRzXZ6ZmHcfZ1Mu4Vsj,Fixin' to Die,74ASZWbe4lXaubB36ztrGX,Bob Dylan,5k63xxy9YcKM0H9GS3vP1K,Bob Dylan,143852,spotify:track:2AyqRzXZ6ZmHcfZ1Mu4Vsj
2019-02-01T07:44:29Z,4aFM4HgUGRM1cB75qbh2Su,Pretty Peggy-O,74ASZWbe4lXaubB36ztrGX,Bob Dylan,5k63xxy9YcKM0H9GS3vP1K,Bob Dylan,206918,spotify:track:4aFM4HgUGRM1cB75qbh2Su
2019-02-01T07:44:29Z,6wrEYf9IyrjaLccRBhrsCO,Highway 51 Blues,74ASZWbe4lXaubB36ztrGX,Bob Dylan,5k63xxy9YcKM0H9GS3vP1K,Bob Dylan,172845,spotify:track:6wrEYf9IyrjaLccRBhrsCO
2019-02-01T07:44:29Z,3qjiLjxJ4AZvLOtiE8znrD,Gospel Plow,74ASZWbe4lXaubB36ztrGX,Bob Dylan,5k63xxy9YcKM0H9GS3vP1K,Bob Dylan,107896,spotify:track:3qjiLjxJ4AZvLOtiE8znrD
2019-02-01T07:44:29Z,1EDjgsFptABkWWjdEbCjwJ,"Baby, Let Me Follow You Down",74ASZWbe4lXaubB36ztrGX,Bob Dylan,5k63xxy9YcKM0H9GS3vP1K,Bob Dylan,157209,spotify:track:1EDjgsFptABkWWjdEbCjwJ
2019-02-01T07:44:29Z,3yFRbFaSj8MeNuYaN21HIu,House of the Risin' Sun,74ASZWbe4lXaubB36ztrGX,Bob Dylan,5k63xxy9YcKM0H9GS3vP1K,Bob Dylan,321834,spotify:track:3yFRbFaSj8MeNuYaN21HIu
2019-02-01T07:44:29Z,1v4EF7zZLvC8XkcEncOTue,Freight Train Blues,74ASZWbe4lXaubB36ztrGX,Bob Dylan,5k63xxy9YcKM0H9GS3vP1K,Bob Dylan,141873,spotify:track:1v4EF7zZLvC8XkcEncOTue
2019-02-01T07:44:29Z,0dfdXhBg11XA16XgAEtFcN,Song to Woody,74ASZWbe4lXaubB36ztrGX,Bob Dylan,5k63xxy9YcKM0H9GS3vP1K,Bob Dylan,165318,spotify:track:0dfdXhBg11XA16XgAEtFcN
2019-02-01T07:44:29Z,7CviZOg1GotsImZjY4nrET,See That My Grave Is Kept Clean,74ASZWbe4lXaubB36ztrGX,Bob Dylan,5k63xxy9YcKM0H9GS3vP1K,Bob Dylan,162424,spotify:track:7CviZOg1GotsImZjY4nrET
2019-02-01T07:43:44Z,63UFZ5zAN8AiSdaqHGZNUt,Attila: Overture,"1JOQXgYdQV2yfrhewqx96o, 7JdPe4gzrYmbcko3FTav57, 7silW8RiEOoLBgAg5JBCL1","Giuseppe Verdi, Orchestra Del Teatro Alla Scala, Milano, Riccardo Muti",6cfKAKQO0vHrn2qyMRtAQ2,Verdi - Attila,200800,spotify:track:63UFZ5zAN8AiSdaqHGZNUt
2019-02-01T07:43:44Z,3PXfHAtXKRDaNZyLBeFbqF,"Attila, Prologue: Urli, rapine","1JOQXgYdQV2yfrhewqx96o, 7FMCfu4mkrKZd36Pj4lZla, 7JdPe4gzrYmbcko3FTav57, 7silW8RiEOoLBgAg5JBCL1","Giuseppe Verdi, Coro Del Teatro Alla Scala Di Milano, Orchestra Del Teatro Alla Scala, Milano, Riccardo Muti",6cfKAKQO0vHrn2qyMRtAQ2,Verdi - Attila,120360,spotify:track:3PXfHAtXKRDaNZyLBeFbqF
2019-02-01T07:43:44Z,7kbYcAd8auPhInKMxRrnif,"Attila, Prologue: Eroi, levatevi","1JOQXgYdQV2yfrhewqx96o, 4z6dlDfmoZstfKLVC60nM0, 7JdPe4gzrYmbcko3FTav57, 7silW8RiEOoLBgAg5JBCL1","Giuseppe Verdi, Samuel Ramey, Orchestra Del Teatro Alla Scala, Milano, Riccardo Muti",6cfKAKQO0vHrn2qyMRtAQ2,Verdi - Attila,64400,spotify:track:7kbYcAd8auPhInKMxRrnif
2019-02-01T07:43:44Z,2LU0CKeZbecQW9E4pMfzR0,"Attila, Prologue: Vival il re","1JOQXgYdQV2yfrhewqx96o, 7FMCfu4mkrKZd36Pj4lZla, 7JdPe4gzrYmbcko3FTav57, 7silW8RiEOoLBgAg5JBCL1","Giuseppe Verdi, Coro Del Teatro Alla Scala Di Milano, Orchestra Del Teatro Alla Scala, Milano, Riccardo Muti",6cfKAKQO0vHrn2qyMRtAQ2,Verdi - Attila,84840,spotify:track:2LU0CKeZbecQW9E4pMfzR0
2019-02-01T07:43:44Z,6EpbebkpoVuh7hBjDatPWi,"Attila, Prologue: Di vergini straniere","1JOQXgYdQV2yfrhewqx96o, 4z6dlDfmoZstfKLVC60nM0, 2Owak0BXSN5auAjwTh1N68, 39dLB5mWDbZhWPGeEOzDHX, 1n9yPqM0i14Ny5KLZ3QJfZ, 1qFhlVTbKCuazGzJLJFxCq, 7silW8RiEOoLBgAg5JBCL1, 7JdPe4gzrYmbcko3FTav57, 7FMCfu4mkrKZd36Pj4lZla, 43tPfrN1soW2DBwhcqldA8","Giuseppe Verdi, Samuel Ramey, Cheryl Studer, Giorgio Zancanaro, Neil Shicoff, Ernesto Gavazzi, Riccardo Muti, Orchestra Del Teatro Alla Scala, Milano, Coro Del Teatro Alla Scala Di Milano, Giorgio Surian",6cfKAKQO0vHrn2qyMRtAQ2,Verdi - Attila,60000,spotify:track:6EpbebkpoVuh7hBjDatPWi
2019-02-01T07:43:44Z,1R7dI8ZWugPSP2Rzoqj9GV,"Attila, Prologue: Allor che i forti corrono","1JOQXgYdQV2yfrhewqx96o, 2Owak0BXSN5auAjwTh1N68, 7JdPe4gzrYmbcko3FTav57, 7silW8RiEOoLBgAg5JBCL1","Giuseppe Verdi, Cheryl Studer, Orchestra Del Teatro Alla Scala, Milano, Riccardo Muti",6cfKAKQO0vHrn2qyMRtAQ2,Verdi - Attila,165066,spotify:track:1R7dI8ZWugPSP2Rzoqj9GV
2019-02-01T07:43:44Z,5F80MsnLMUncv3B50eyVsb,"Attila, Prologue: Bella è quell'ira, o vergine","1JOQXgYdQV2yfrhewqx96o, 4z6dlDfmoZstfKLVC60nM0, 2Owak0BXSN5auAjwTh1N68, 39dLB5mWDbZhWPGeEOzDHX, 1n9yPqM0i14Ny5KLZ3QJfZ, 1qFhlVTbKCuazGzJLJFxCq, 7silW8RiEOoLBgAg5JBCL1, 7JdPe4gzrYmbcko3FTav57, 7FMCfu4mkrKZd36Pj4lZla, 43tPfrN1soW2DBwhcqldA8","Giuseppe Verdi, Samuel Ramey, Cheryl Studer, Giorgio Zancanaro, Neil Shicoff, Ernesto Gavazzi, Riccardo Muti, Orchestra Del Teatro Alla Scala, Milano, Coro Del Teatro Alla Scala Di Milano, Giorgio Surian",6cfKAKQO0vHrn2qyMRtAQ2,Verdi - Attila,44613,spotify:track:5F80MsnLMUncv3B50eyVsb
2019-02-01T07:43:44Z,41V9x4paEKr5dxYjxFHTtH,"Attila, Prologue: Da te questo or m'è concesso","1JOQXgYdQV2yfrhewqx96o, 4z6dlDfmoZstfKLVC60nM0, 2Owak0BXSN5auAjwTh1N68, 39dLB5mWDbZhWPGeEOzDHX, 1n9yPqM0i14Ny5KLZ3QJfZ, 1qFhlVTbKCuazGzJLJFxCq, 7silW8RiEOoLBgAg5JBCL1, 7JdPe4gzrYmbcko3FTav57, 7FMCfu4mkrKZd36Pj4lZla, 43tPfrN1soW2DBwhcqldA8","Giuseppe Verdi, Samuel Ramey, Cheryl Studer, Giorgio Zancanaro, Neil Shicoff, Ernesto Gavazzi, Riccardo Muti, Orchestra Del Teatro Alla Scala, Milano, Coro Del Teatro Alla Scala Di Milano, Giorgio Surian",6cfKAKQO0vHrn2qyMRtAQ2,Verdi - Attila,167800,spotify:track:41V9x4paEKr5dxYjxFHTtH
2019-02-01T07:43:44Z,4OacBgylkQnN3kWU8o2SIR,"Attila, Prologue: Uldino, a me dinanzi l'inviato","1JOQXgYdQV2yfrhewqx96o, 4z6dlDfmoZstfKLVC60nM0, 2Owak0BXSN5auAjwTh1N68, 39dLB5mWDbZhWPGeEOzDHX, 1n9yPqM0i14Ny5KLZ3QJfZ, 1qFhlVTbKCuazGzJLJFxCq, 7silW8RiEOoLBgAg5JBCL1, 7JdPe4gzrYmbcko3FTav57, 7FMCfu4mkrKZd36Pj4lZla, 43tPfrN1soW2DBwhcqldA8","Giuseppe Verdi, Samuel Ramey, Cheryl Studer, Giorgio Zancanaro, Neil Shicoff, Ernesto Gavazzi, Riccardo Muti, Orchestra Del Teatro Alla Scala, Milano, Coro Del Teatro Alla Scala Di Milano, Giorgio Surian",6cfKAKQO0vHrn2qyMRtAQ2,Verdi - Attila,132973,spotify:track:4OacBgylkQnN3kWU8o2SIR
2019-02-01T07:43:44Z,7HHoR2MqyuicEFD7m8CCWw,"Attila, Prologue: Trado per gli anni, e tremulo","1JOQXgYdQV2yfrhewqx96o, 4z6dlDfmoZstfKLVC60nM0, 2Owak0BXSN5auAjwTh1N68, 39dLB5mWDbZhWPGeEOzDHX, 1n9yPqM0i14Ny5KLZ3QJfZ, 1qFhlVTbKCuazGzJLJFxCq, 7silW8RiEOoLBgAg5JBCL1, 7JdPe4gzrYmbcko3FTav57, 7FMCfu4mkrKZd36Pj4lZla, 43tPfrN1soW2DBwhcqldA8","Giuseppe Verdi, Samuel Ramey, Cheryl Studer, Giorgio Zancanaro, Neil Shicoff, Ernesto Gavazzi, Riccardo Muti, Orchestra Del Teatro Alla Scala, Milano, Coro Del Teatro Alla Scala Di Milano, Giorgio Surian",6cfKAKQO0vHrn2qyMRtAQ2,Verdi - Attila,204066,spotify:track:7HHoR2MqyuicEFD7m8CCWw
2019-02-01T07:43:44Z,0UBk39aj0KDqRBXfyQVUJ9,"Attila, Prologue: Ma se fraterno vincolo","1JOQXgYdQV2yfrhewqx96o, 4z6dlDfmoZstfKLVC60nM0, 2Owak0BXSN5auAjwTh1N68, 39dLB5mWDbZhWPGeEOzDHX, 1n9yPqM0i14Ny5KLZ3QJfZ, 1qFhlVTbKCuazGzJLJFxCq, 7silW8RiEOoLBgAg5JBCL1, 7JdPe4gzrYmbcko3FTav57, 7FMCfu4mkrKZd36Pj4lZla, 43tPfrN1soW2DBwhcqldA8","Giuseppe Verdi, Samuel Ramey, Cheryl Studer, Giorgio Zancanaro, Neil Shicoff, Ernesto Gavazzi, Riccardo Muti, Orchestra Del Teatro Alla Scala, Milano, Coro Del Teatro Alla Scala Di Milano, Giorgio Surian",6cfKAKQO0vHrn2qyMRtAQ2,Verdi - Attila,62493,spotify:track:0UBk39aj0KDqRBXfyQVUJ9
2019-02-01T07:43:44Z,7FrKOj3VgeZMY1taTtW58g,"Attila, Prologue: Vanitosi!","1JOQXgYdQV2yfrhewqx96o, 4z6dlDfmoZstfKLVC60nM0, 2Owak0BXSN5auAjwTh1N68, 39dLB5mWDbZhWPGeEOzDHX, 1n9yPqM0i14Ny5KLZ3QJfZ, 1qFhlVTbKCuazGzJLJFxCq, 7silW8RiEOoLBgAg5JBCL1, 7JdPe4gzrYmbcko3FTav57, 7FMCfu4mkrKZd36Pj4lZla, 43tPfrN1soW2DBwhcqldA8","Giuseppe Verdi, Samuel Ramey, Cheryl Studer, Giorgio Zancanaro, Neil Shicoff, Ernesto Gavazzi, Riccardo Muti, Orchestra Del Teatro Alla Scala, Milano, Coro Del Teatro Alla Scala Di Milano, Giorgio Surian",6cfKAKQO0vHrn2qyMRtAQ2,Verdi - Attila,133106,spotify:track:7FrKOj3VgeZMY1taTtW58g
2019-02-01T07:43:44Z,2MaTCg4aamzd9ffxulbPIT,"Attila, Prologue: Qual notte!","1JOQXgYdQV2yfrhewqx96o, 7FMCfu4mkrKZd36Pj4lZla, 7JdPe4gzrYmbcko3FTav57, 7silW8RiEOoLBgAg5JBCL1","Giuseppe Verdi, Coro Del Teatro Alla Scala Di Milano, Orchestra Del Teatro Alla Scala, Milano, Riccardo Muti",6cfKAKQO0vHrn2qyMRtAQ2,Verdi - Attila,175133,spotify:track:2MaTCg4aamzd9ffxulbPIT
2019-02-01T07:43:44Z,3ZKvJf05ueUk075hQERlQ7,"Attila, Prologue: L'alito del mattin - Preghiam!","1JOQXgYdQV2yfrhewqx96o, 7FMCfu4mkrKZd36Pj4lZla, 7JdPe4gzrYmbcko3FTav57, 7silW8RiEOoLBgAg5JBCL1","Giuseppe Verdi, Coro Del Teatro Alla Scala Di Milano, Orchestra Del Teatro Alla Scala, Milano, Riccardo Muti",6cfKAKQO0vHrn2qyMRtAQ2,Verdi - Attila,130066,spotify:track:3ZKvJf05ueUk075hQERlQ7
2019-02-01T07:43:44Z,1go3FjgZTN0VAQlq25UDvK,"Attila, Prologue: Quai voci!","1JOQXgYdQV2yfrhewqx96o, 7FMCfu4mkrKZd36Pj4lZla, 7JdPe4gzrYmbcko3FTav57, 7silW8RiEOoLBgAg5JBCL1","Giuseppe Verdi, Coro Del Teatro Alla Scala Di Milano, Orchestra Del Teatro Alla Scala, Milano, Riccardo Muti",6cfKAKQO0vHrn2qyMRtAQ2,Verdi - Attila,52893,spotify:track:1go3FjgZTN0VAQlq25UDvK
2019-02-01T07:43:44Z,2RviWGpLYGFP10oSMjUFct,"Attila, Prologue: Qui, qui sostiamo!","1JOQXgYdQV2yfrhewqx96o, 4z6dlDfmoZstfKLVC60nM0, 2Owak0BXSN5auAjwTh1N68, 39dLB5mWDbZhWPGeEOzDHX, 1n9yPqM0i14Ny5KLZ3QJfZ, 1qFhlVTbKCuazGzJLJFxCq, 7silW8RiEOoLBgAg5JBCL1, 7JdPe4gzrYmbcko3FTav57, 7FMCfu4mkrKZd36Pj4lZla, 43tPfrN1soW2DBwhcqldA8","Giuseppe Verdi, Samuel Ramey, Cheryl Studer, Giorgio Zancanaro, Neil Shicoff, Ernesto Gavazzi, Riccardo Muti, Orchestra Del Teatro Alla Scala, Milano, Coro Del Teatro Alla Scala Di Milano, Giorgio Surian",6cfKAKQO0vHrn2qyMRtAQ2,Verdi - Attila,90133,spotify:track:2RviWGpLYGFP10oSMjUFct
2019-02-01T07:43:44Z,0e4KK7wiF7uVsAoI75xlrj,"Attila, Prologue: Ella in poter del barbaro!","1JOQXgYdQV2yfrhewqx96o, 4z6dlDfmoZstfKLVC60nM0, 2Owak0BXSN5auAjwTh1N68, 39dLB5mWDbZhWPGeEOzDHX, 1n9yPqM0i14Ny5KLZ3QJfZ, 1qFhlVTbKCuazGzJLJFxCq, 7silW8RiEOoLBgAg5JBCL1, 7JdPe4gzrYmbcko3FTav57, 7FMCfu4mkrKZd36Pj4lZla, 43tPfrN1soW2DBwhcqldA8","Giuseppe Verdi, Samuel Ramey, Cheryl Studer, Giorgio Zancanaro, Neil Shicoff, Ernesto Gavazzi, Riccardo Muti, Orchestra Del Teatro Alla Scala, Milano, Coro Del Teatro Alla Scala Di Milano, Giorgio Surian",6cfKAKQO0vHrn2qyMRtAQ2,Verdi - Attila,149933,spotify:track:0e4KK7wiF7uVsAoI75xlrj
2019-02-01T07:43:44Z,16wk4wyzvbnIPIl14FsV7k,"Attila, Prologue: Cessato alfine il turbine","1JOQXgYdQV2yfrhewqx96o, 4z6dlDfmoZstfKLVC60nM0, 2Owak0BXSN5auAjwTh1N68, 39dLB5mWDbZhWPGeEOzDHX, 1n9yPqM0i14Ny5KLZ3QJfZ, 1qFhlVTbKCuazGzJLJFxCq, 7silW8RiEOoLBgAg5JBCL1, 7JdPe4gzrYmbcko3FTav57, 7FMCfu4mkrKZd36Pj4lZla, 43tPfrN1soW2DBwhcqldA8","Giuseppe Verdi, Samuel Ramey, Cheryl Studer, Giorgio Zancanaro, Neil Shicoff, Ernesto Gavazzi, Riccardo Muti, Orchestra Del Teatro Alla Scala, Milano, Coro Del Teatro Alla Scala Di Milano, Giorgio Surian",6cfKAKQO0vHrn2qyMRtAQ2,Verdi - Attila,42306,spotify:track:16wk4wyzvbnIPIl14FsV7k
2019-02-01T07:43:44Z,0TlYcjadUFkfPf2EFrWf3u,"Attila, Prologue: Cara patria","1JOQXgYdQV2yfrhewqx96o, 4z6dlDfmoZstfKLVC60nM0, 2Owak0BXSN5auAjwTh1N68, 39dLB5mWDbZhWPGeEOzDHX, 1n9yPqM0i14Ny5KLZ3QJfZ, 1qFhlVTbKCuazGzJLJFxCq, 7silW8RiEOoLBgAg5JBCL1, 7JdPe4gzrYmbcko3FTav57, 7FMCfu4mkrKZd36Pj4lZla, 43tPfrN1soW2DBwhcqldA8","Giuseppe Verdi, Samuel Ramey, Cheryl Studer, Giorgio Zancanaro, Neil Shicoff, Ernesto Gavazzi, Riccardo Muti, Orchestra Del Teatro Alla Scala, Milano, Coro Del Teatro Alla Scala Di Milano, Giorgio Surian",6cfKAKQO0vHrn2qyMRtAQ2,Verdi - Attila,204333,spotify:track:0TlYcjadUFkfPf2EFrWf3u
2019-02-01T07:43:44Z,6fpCECHF77CPxTkuH7DMOD,"Attila, Act I: Liberamente or piangi","1JOQXgYdQV2yfrhewqx96o, 2Owak0BXSN5auAjwTh1N68, 7JdPe4gzrYmbcko3FTav57, 7silW8RiEOoLBgAg5JBCL1","Giuseppe Verdi, Cheryl Studer, Orchestra Del Teatro Alla Scala, Milano, Riccardo Muti",6cfKAKQO0vHrn2qyMRtAQ2,Verdi - Attila,163893,spotify:track:6fpCECHF77CPxTkuH7DMOD
2019-02-01T07:43:44Z,4J2rCdw4BryJEgSnCDJPJF,"Attila, Act I: Oh! nel fuggente nuvolo","1JOQXgYdQV2yfrhewqx96o, 2Owak0BXSN5auAjwTh1N68, 7JdPe4gzrYmbcko3FTav57, 7silW8RiEOoLBgAg5JBCL1","Giuseppe Verdi, Cheryl Studer, Orchestra Del Teatro Alla Scala, Milano, Riccardo Muti",6cfKAKQO0vHrn2qyMRtAQ2,Verdi - Attila,212866,spotify:track:4J2rCdw4BryJEgSnCDJPJF
2019-02-01T07:43:44Z,40vnlaLphJOmzKe3gtkQt5,"Attila, Act I: Qual suon di passi!","1JOQXgYdQV2yfrhewqx96o, 4z6dlDfmoZstfKLVC60nM0, 2Owak0BXSN5auAjwTh1N68, 39dLB5mWDbZhWPGeEOzDHX, 1n9yPqM0i14Ny5KLZ3QJfZ, 1qFhlVTbKCuazGzJLJFxCq, 7silW8RiEOoLBgAg5JBCL1, 7JdPe4gzrYmbcko3FTav57, 7FMCfu4mkrKZd36Pj4lZla, 43tPfrN1soW2DBwhcqldA8","Giuseppe Verdi, Samuel Ramey, Cheryl Studer, Giorgio Zancanaro, Neil Shicoff, Ernesto Gavazzi, Riccardo Muti, Orchestra Del Teatro Alla Scala, Milano, Coro Del Teatro Alla Scala Di Milano, Giorgio Surian",6cfKAKQO0vHrn2qyMRtAQ2,Verdi - Attila,90306,spotify:track:40vnlaLphJOmzKe3gtkQt5
2019-02-01T07:43:44Z,0wXCRIIwGZ0ejgvvLFrul7,"Attila, Act I: Sì, quell'io son","1JOQXgYdQV2yfrhewqx96o, 4z6dlDfmoZstfKLVC60nM0, 2Owak0BXSN5auAjwTh1N68, 39dLB5mWDbZhWPGeEOzDHX, 1n9yPqM0i14Ny5KLZ3QJfZ, 1qFhlVTbKCuazGzJLJFxCq, 7silW8RiEOoLBgAg5JBCL1, 7JdPe4gzrYmbcko3FTav57, 7FMCfu4mkrKZd36Pj4lZla, 43tPfrN1soW2DBwhcqldA8","Giuseppe Verdi, Samuel Ramey, Cheryl Studer, Giorgio Zancanaro, Neil Shicoff, Ernesto Gavazzi, Riccardo Muti, Orchestra Del Teatro Alla Scala, Milano, Coro Del Teatro Alla Scala Di Milano, Giorgio Surian",6cfKAKQO0vHrn2qyMRtAQ2,Verdi - Attila,209053,spotify:track:0wXCRIIwGZ0ejgvvLFrul7
2019-02-01T07:43:44Z,66cRbbYynuYwz6wXCRwLLN,"Attila, Act I: Va! Racconta al sacrilego","1JOQXgYdQV2yfrhewqx96o, 4z6dlDfmoZstfKLVC60nM0, 2Owak0BXSN5auAjwTh1N68, 39dLB5mWDbZhWPGeEOzDHX, 1n9yPqM0i14Ny5KLZ3QJfZ, 1qFhlVTbKCuazGzJLJFxCq, 7silW8RiEOoLBgAg5JBCL1, 7JdPe4gzrYmbcko3FTav57, 7FMCfu4mkrKZd36Pj4lZla, 43tPfrN1soW2DBwhcqldA8","Giuseppe Verdi, Samuel Ramey, Cheryl Studer, Giorgio Zancanaro, Neil Shicoff, Ernesto Gavazzi, Riccardo Muti, Orchestra Del Teatro Alla Scala, Milano, Coro Del Teatro Alla Scala Di Milano, Giorgio Surian",6cfKAKQO0vHrn2qyMRtAQ2,Verdi - Attila,74640,spotify:track:66cRbbYynuYwz6wXCRwLLN
2019-02-01T07:43:44Z,3PUkXsCTOj5YNWfaktdCb8,"Attila, Act I: Oh! t'inebria nell'amplesso","1JOQXgYdQV2yfrhewqx96o, 4z6dlDfmoZstfKLVC60nM0, 2Owak0BXSN5auAjwTh1N68, 39dLB5mWDbZhWPGeEOzDHX, 1n9yPqM0i14Ny5KLZ3QJfZ, 1qFhlVTbKCuazGzJLJFxCq, 7silW8RiEOoLBgAg5JBCL1, 7JdPe4gzrYmbcko3FTav57, 7FMCfu4mkrKZd36Pj4lZla, 43tPfrN1soW2DBwhcqldA8","Giuseppe Verdi, Samuel Ramey, Cheryl Studer, Giorgio Zancanaro, Neil Shicoff, Ernesto Gavazzi, Riccardo Muti, Orchestra Del Teatro Alla Scala, Milano, Coro Del Teatro Alla Scala Di Milano, Giorgio Surian",6cfKAKQO0vHrn2qyMRtAQ2,Verdi - Attila,135973,spotify:track:3PUkXsCTOj5YNWfaktdCb8
2019-02-01T07:43:44Z,7nDNHdkWoQNFapLGnCUTdl,"Attila, Act I: Uldino! Uldini!","1JOQXgYdQV2yfrhewqx96o, 4z6dlDfmoZstfKLVC60nM0, 2Owak0BXSN5auAjwTh1N68, 39dLB5mWDbZhWPGeEOzDHX, 1n9yPqM0i14Ny5KLZ3QJfZ, 1qFhlVTbKCuazGzJLJFxCq, 7silW8RiEOoLBgAg5JBCL1, 7JdPe4gzrYmbcko3FTav57, 7FMCfu4mkrKZd36Pj4lZla, 43tPfrN1soW2DBwhcqldA8","Giuseppe Verdi, Samuel Ramey, Cheryl Studer, Giorgio Zancanaro, Neil Shicoff, Ernesto Gavazzi, Riccardo Muti, Orchestra Del Teatro Alla Scala, Milano, Coro Del Teatro Alla Scala Di Milano, Giorgio Surian",6cfKAKQO0vHrn2qyMRtAQ2,Verdi - Attila,118266,spotify:track:7nDNHdkWoQNFapLGnCUTdl
2019-02-01T07:43:44Z,6rYNodokHQL9G64ruKXNtw,"Attila, Act I: Mentre gonfiarsi l'anima","1JOQXgYdQV2yfrhewqx96o, 4z6dlDfmoZstfKLVC60nM0, 7JdPe4gzrYmbcko3FTav57, 7silW8RiEOoLBgAg5JBCL1","Giuseppe Verdi, Samuel Ramey, Orchestra Del Teatro Alla Scala, Milano, Riccardo Muti",6cfKAKQO0vHrn2qyMRtAQ2,Verdi - Attila,181866,spotify:track:6rYNodokHQL9G64ruKXNtw
2019-02-01T07:43:44Z,5tbrTa098VNvJXAvzeXnOz,"Attila, Act I: Raccapriccio!","1JOQXgYdQV2yfrhewqx96o, 4z6dlDfmoZstfKLVC60nM0, 2Owak0BXSN5auAjwTh1N68, 39dLB5mWDbZhWPGeEOzDHX, 1n9yPqM0i14Ny5KLZ3QJfZ, 1qFhlVTbKCuazGzJLJFxCq, 7silW8RiEOoLBgAg5JBCL1, 7JdPe4gzrYmbcko3FTav57, 7FMCfu4mkrKZd36Pj4lZla, 43tPfrN1soW2DBwhcqldA8","Giuseppe Verdi, Samuel Ramey, Cheryl Studer, Giorgio Zancanaro, Neil Shicoff, Ernesto Gavazzi, Riccardo Muti, Orchestra Del Teatro Alla Scala, Milano, Coro Del Teatro Alla Scala Di Milano, Giorgio Surian",6cfKAKQO0vHrn2qyMRtAQ2,Verdi - Attila,34226,spotify:track:5tbrTa098VNvJXAvzeXnOz
2019-02-01T07:43:44Z,3oVHkrKRtppDYriIrFiRoj,"Attila, Act I: Oltre a quel limite t'attendo","1JOQXgYdQV2yfrhewqx96o, 4z6dlDfmoZstfKLVC60nM0, 7JdPe4gzrYmbcko3FTav57, 7silW8RiEOoLBgAg5JBCL1","Giuseppe Verdi, Samuel Ramey, Orchestra Del Teatro Alla Scala, Milano, Riccardo Muti",6cfKAKQO0vHrn2qyMRtAQ2,Verdi - Attila,137640,spotify:track:3oVHkrKRtppDYriIrFiRoj
2019-02-01T07:43:44Z,7nCR6MDy5KLDo7atUUi6iz,"Attila, Act I: Parla, imponi - Vieni. Le menti visita","1JOQXgYdQV2yfrhewqx96o, 4z6dlDfmoZstfKLVC60nM0, 2Owak0BXSN5auAjwTh1N68, 39dLB5mWDbZhWPGeEOzDHX, 1n9yPqM0i14Ny5KLZ3QJfZ, 1qFhlVTbKCuazGzJLJFxCq, 7silW8RiEOoLBgAg5JBCL1, 7JdPe4gzrYmbcko3FTav57, 7FMCfu4mkrKZd36Pj4lZla, 43tPfrN1soW2DBwhcqldA8","Giuseppe Verdi, Samuel Ramey, Cheryl Studer, Giorgio Zancanaro, Neil Shicoff, Ernesto Gavazzi, Riccardo Muti, Orchestra Del Teatro Alla Scala, Milano, Coro Del Teatro Alla Scala Di Milano, Giorgio Surian",6cfKAKQO0vHrn2qyMRtAQ2,Verdi - Attila,148293,spotify:track:7nCR6MDy5KLDo7atUUi6iz
2019-02-01T07:43:44Z,7xSYVcjfjmQ9yZ9V6WllMi,"Attila, Act I: Di flagellar l'incarno","1JOQXgYdQV2yfrhewqx96o, 4z6dlDfmoZstfKLVC60nM0, 2Owak0BXSN5auAjwTh1N68, 39dLB5mWDbZhWPGeEOzDHX, 1n9yPqM0i14Ny5KLZ3QJfZ, 1qFhlVTbKCuazGzJLJFxCq, 7silW8RiEOoLBgAg5JBCL1, 7JdPe4gzrYmbcko3FTav57, 7FMCfu4mkrKZd36Pj4lZla, 43tPfrN1soW2DBwhcqldA8","Giuseppe Verdi, Samuel Ramey, Cheryl Studer, Giorgio Zancanaro, Neil Shicoff, Ernesto Gavazzi, Riccardo Muti, Orchestra Del Teatro Alla Scala, Milano, Coro Del Teatro Alla Scala Di Milano, Giorgio Surian",6cfKAKQO0vHrn2qyMRtAQ2,Verdi - Attila,86133,spotify:track:7xSYVcjfjmQ9yZ9V6WllMi
2019-02-01T07:43:44Z,0rnc4erUCHAhANgDqsqO9n,"Attila, Act I: Spirti, fermate","1JOQXgYdQV2yfrhewqx96o, 4z6dlDfmoZstfKLVC60nM0, 2Owak0BXSN5auAjwTh1N68, 39dLB5mWDbZhWPGeEOzDHX, 1n9yPqM0i14Ny5KLZ3QJfZ, 1qFhlVTbKCuazGzJLJFxCq, 7silW8RiEOoLBgAg5JBCL1, 7JdPe4gzrYmbcko3FTav57, 7FMCfu4mkrKZd36Pj4lZla, 43tPfrN1soW2DBwhcqldA8","Giuseppe Verdi, Samuel Ramey, Cheryl Studer, Giorgio Zancanaro, Neil Shicoff, Ernesto Gavazzi, Riccardo Muti, Orchestra Del Teatro Alla Scala, Milano, Coro Del Teatro Alla Scala Di Milano, Giorgio Surian",6cfKAKQO0vHrn2qyMRtAQ2,Verdi - Attila,232560,spotify:track:0rnc4erUCHAhANgDqsqO9n
2019-02-01T07:43:44Z,4IzENACbMCoadH01ditRav,"Attila, Act II: Tregua è cogl'Unni","1JOQXgYdQV2yfrhewqx96o, 39dLB5mWDbZhWPGeEOzDHX, 7JdPe4gzrYmbcko3FTav57, 7silW8RiEOoLBgAg5JBCL1","Giuseppe Verdi, Giorgio Zancanaro, Orchestra Del Teatro Alla Scala, Milano, Riccardo Muti",6cfKAKQO0vHrn2qyMRtAQ2,Verdi - Attila,136400,spotify:track:4IzENACbMCoadH01ditRav
2019-02-01T07:43:44Z,7kPSrfhezp8ctGocJ4dzW1,"Attila, Act II: Dagli immortali vertici","1JOQXgYdQV2yfrhewqx96o, 39dLB5mWDbZhWPGeEOzDHX, 7JdPe4gzrYmbcko3FTav57, 7silW8RiEOoLBgAg5JBCL1","Giuseppe Verdi, Giorgio Zancanaro, Orchestra Del Teatro Alla Scala, Milano, Riccardo Muti",6cfKAKQO0vHrn2qyMRtAQ2,Verdi - Attila,155226,spotify:track:7kPSrfhezp8ctGocJ4dzW1
2019-02-01T07:43:44Z,0OUbvXepdJnAUEp0x0pEbk,"Attila, Act II: Che vien? - Salute ad Ezio","1JOQXgYdQV2yfrhewqx96o, 4z6dlDfmoZstfKLVC60nM0, 2Owak0BXSN5auAjwTh1N68, 39dLB5mWDbZhWPGeEOzDHX, 1n9yPqM0i14Ny5KLZ3QJfZ, 1qFhlVTbKCuazGzJLJFxCq, 7silW8RiEOoLBgAg5JBCL1, 7JdPe4gzrYmbcko3FTav57, 7FMCfu4mkrKZd36Pj4lZla, 43tPfrN1soW2DBwhcqldA8","Giuseppe Verdi, Samuel Ramey, Cheryl Studer, Giorgio Zancanaro, Neil Shicoff, Ernesto Gavazzi, Riccardo Muti, Orchestra Del Teatro Alla Scala, Milano, Coro Del Teatro Alla Scala Di Milano, Giorgio Surian",6cfKAKQO0vHrn2qyMRtAQ2,Verdi - Attila,94066,spotify:track:0OUbvXepdJnAUEp0x0pEbk
2019-02-01T07:43:44Z,2r7EjPUmAhVdr1uQkX3hTy,"Attila, Act II: È gettata la mie sorte","1JOQXgYdQV2yfrhewqx96o, 39dLB5mWDbZhWPGeEOzDHX, 7JdPe4gzrYmbcko3FTav57, 7silW8RiEOoLBgAg5JBCL1","Giuseppe Verdi, Giorgio Zancanaro, Orchestra Del Teatro Alla Scala, Milano, Riccardo Muti",6cfKAKQO0vHrn2qyMRtAQ2,Verdi - Attila,157706,spotify:track:2r7EjPUmAhVdr1uQkX3hTy
2019-02-01T07:43:44Z,6uQMtrhIUWya8hPlElDDCk,"Attila, Act II: Del ciel l'immensa volta","1JOQXgYdQV2yfrhewqx96o, 7FMCfu4mkrKZd36Pj4lZla, 7JdPe4gzrYmbcko3FTav57, 7silW8RiEOoLBgAg5JBCL1","Giuseppe Verdi, Coro Del Teatro Alla Scala Di Milano, Orchestra Del Teatro Alla Scala, Milano, Riccardo Muti",6cfKAKQO0vHrn2qyMRtAQ2,Verdi - Attila,96733,spotify:track:6uQMtrhIUWya8hPlElDDCk
2019-02-01T07:43:44Z,1xPRZuAzoxmr3P4aPgpZc2,"Attila, Act II: Ezio, ben vieni!","1JOQXgYdQV2yfrhewqx96o, 4z6dlDfmoZstfKLVC60nM0, 2Owak0BXSN5auAjwTh1N68, 39dLB5mWDbZhWPGeEOzDHX, 1n9yPqM0i14Ny5KLZ3QJfZ, 1qFhlVTbKCuazGzJLJFxCq, 7silW8RiEOoLBgAg5JBCL1, 7JdPe4gzrYmbcko3FTav57, 7FMCfu4mkrKZd36Pj4lZla, 43tPfrN1soW2DBwhcqldA8","Giuseppe Verdi, Samuel Ramey, Cheryl Studer, Giorgio Zancanaro, Neil Shicoff, Ernesto Gavazzi, Riccardo Muti, Orchestra Del Teatro Alla Scala, Milano, Coro Del Teatro Alla Scala Di Milano, Giorgio Surian",6cfKAKQO0vHrn2qyMRtAQ2,Verdi - Attila,134333,spotify:track:1xPRZuAzoxmr3P4aPgpZc2
2019-02-01T07:43:44Z,1kJac6mXZx7songYTavE5O,"Attila, Act II: Chi dona luce al cor?","1JOQXgYdQV2yfrhewqx96o, 7FMCfu4mkrKZd36Pj4lZla, 7JdPe4gzrYmbcko3FTav57, 7silW8RiEOoLBgAg5JBCL1","Giuseppe Verdi, Coro Del Teatro Alla Scala Di Milano, Orchestra Del Teatro Alla Scala, Milano, Riccardo Muti",6cfKAKQO0vHrn2qyMRtAQ2,Verdi - Attila,106960,spotify:track:1kJac6mXZx7songYTavE5O
2019-02-01T07:43:44Z,0jDn0aSCvf65mF7gtdc9aU,"Attila, Act II: Ah! - Lo spirto de'monti","1JOQXgYdQV2yfrhewqx96o, 4z6dlDfmoZstfKLVC60nM0, 2Owak0BXSN5auAjwTh1N68, 39dLB5mWDbZhWPGeEOzDHX, 1n9yPqM0i14Ny5KLZ3QJfZ, 1qFhlVTbKCuazGzJLJFxCq, 7silW8RiEOoLBgAg5JBCL1, 7JdPe4gzrYmbcko3FTav57, 7FMCfu4mkrKZd36Pj4lZla, 43tPfrN1soW2DBwhcqldA8","Giuseppe Verdi, Samuel Ramey, Cheryl Studer, Giorgio Zancanaro, Neil Shicoff, Ernesto Gavazzi, Riccardo Muti, Orchestra Del Teatro Alla Scala, Milano, Coro Del Teatro Alla Scala Di Milano, Giorgio Surian",6cfKAKQO0vHrn2qyMRtAQ2,Verdi - Attila,169773,spotify:track:0jDn0aSCvf65mF7gtdc9aU
2019-02-01T07:43:44Z,3BodafcpnFs8Nhf3hNUgez,"Attila, Act II: L'orrenda procella","1JOQXgYdQV2yfrhewqx96o, 4z6dlDfmoZstfKLVC60nM0, 2Owak0BXSN5auAjwTh1N68, 39dLB5mWDbZhWPGeEOzDHX, 1n9yPqM0i14Ny5KLZ3QJfZ, 1qFhlVTbKCuazGzJLJFxCq, 7silW8RiEOoLBgAg5JBCL1, 7JdPe4gzrYmbcko3FTav57, 7FMCfu4mkrKZd36Pj4lZla, 43tPfrN1soW2DBwhcqldA8","Giuseppe Verdi, Samuel Ramey, Cheryl Studer, Giorgio Zancanaro, Neil Shicoff, Ernesto Gavazzi, Riccardo Muti, Orchestra Del Teatro Alla Scala, Milano, Coro Del Teatro Alla Scala Di Milano, Giorgio Surian",6cfKAKQO0vHrn2qyMRtAQ2,Verdi - Attila,87960,spotify:track:3BodafcpnFs8Nhf3hNUgez
2019-02-01T07:43:44Z,0SmHYIm5OxHB3Yfm6n2FYe,"Attila, Act II: Si riaccendan le quercie","1JOQXgYdQV2yfrhewqx96o, 4z6dlDfmoZstfKLVC60nM0, 2Owak0BXSN5auAjwTh1N68, 39dLB5mWDbZhWPGeEOzDHX, 1n9yPqM0i14Ny5KLZ3QJfZ, 1qFhlVTbKCuazGzJLJFxCq, 7silW8RiEOoLBgAg5JBCL1, 7JdPe4gzrYmbcko3FTav57, 7FMCfu4mkrKZd36Pj4lZla, 43tPfrN1soW2DBwhcqldA8","Giuseppe Verdi, Samuel Ramey, Cheryl Studer, Giorgio Zancanaro, Neil Shicoff, Ernesto Gavazzi, Riccardo Muti, Orchestra Del Teatro Alla Scala, Milano, Coro Del Teatro Alla Scala Di Milano, Giorgio Surian",6cfKAKQO0vHrn2qyMRtAQ2,Verdi - Attila,135466,spotify:track:0SmHYIm5OxHB3Yfm6n2FYe
2019-02-01T07:43:44Z,6mwGlYFcuML3jYr1Fwagpi,"Attila, Act II: Oh, miei prodi!","1JOQXgYdQV2yfrhewqx96o, 4z6dlDfmoZstfKLVC60nM0, 2Owak0BXSN5auAjwTh1N68, 39dLB5mWDbZhWPGeEOzDHX, 1n9yPqM0i14Ny5KLZ3QJfZ, 1qFhlVTbKCuazGzJLJFxCq, 7silW8RiEOoLBgAg5JBCL1, 7JdPe4gzrYmbcko3FTav57, 7FMCfu4mkrKZd36Pj4lZla, 43tPfrN1soW2DBwhcqldA8","Giuseppe Verdi, Samuel Ramey, Cheryl Studer, Giorgio Zancanaro, Neil Shicoff, Ernesto Gavazzi, Riccardo Muti, Orchestra Del Teatro Alla Scala, Milano, Coro Del Teatro Alla Scala Di Milano, Giorgio Surian",6cfKAKQO0vHrn2qyMRtAQ2,Verdi - Attila,179600,spotify:track:6mwGlYFcuML3jYr1Fwagpi
2019-02-01T07:43:44Z,6I7eHXEsp5ClmuX2u259MG,"Attila, Act III: Qui del convengo è il loco","1JOQXgYdQV2yfrhewqx96o, 4z6dlDfmoZstfKLVC60nM0, 2Owak0BXSN5auAjwTh1N68, 39dLB5mWDbZhWPGeEOzDHX, 1n9yPqM0i14Ny5KLZ3QJfZ, 1qFhlVTbKCuazGzJLJFxCq, 7silW8RiEOoLBgAg5JBCL1, 7JdPe4gzrYmbcko3FTav57, 7FMCfu4mkrKZd36Pj4lZla, 43tPfrN1soW2DBwhcqldA8","Giuseppe Verdi, Samuel Ramey, Cheryl Studer, Giorgio Zancanaro, Neil Shicoff, Ernesto Gavazzi, Riccardo Muti, Orchestra Del Teatro Alla Scala, Milano, Coro Del Teatro Alla Scala Di Milano, Giorgio Surian",6cfKAKQO0vHrn2qyMRtAQ2,Verdi - Attila,169173,spotify:track:6I7eHXEsp5ClmuX2u259MG
2019-02-01T07:43:44Z,0qEwG81mkR4YYkcqtUZbVj,"Attila, Act III: Che non avrebbe il misero","1JOQXgYdQV2yfrhewqx96o, 4z6dlDfmoZstfKLVC60nM0, 2Owak0BXSN5auAjwTh1N68, 39dLB5mWDbZhWPGeEOzDHX, 1n9yPqM0i14Ny5KLZ3QJfZ, 1qFhlVTbKCuazGzJLJFxCq, 7silW8RiEOoLBgAg5JBCL1, 7JdPe4gzrYmbcko3FTav57, 7FMCfu4mkrKZd36Pj4lZla, 43tPfrN1soW2DBwhcqldA8","Giuseppe Verdi, Samuel Ramey, Cheryl Studer, Giorgio Zancanaro, Neil Shicoff, Ernesto Gavazzi, Riccardo Muti, Orchestra Del Teatro Alla Scala, Milano, Coro Del Teatro Alla Scala Di Milano, Giorgio Surian",6cfKAKQO0vHrn2qyMRtAQ2,Verdi - Attila,136426,spotify:track:0qEwG81mkR4YYkcqtUZbVj
2019-02-01T07:43:44Z,32kNCUPhUganGoNXmipDRE,"Attila, Act III: Che più s'indugia","1JOQXgYdQV2yfrhewqx96o, 4z6dlDfmoZstfKLVC60nM0, 2Owak0BXSN5auAjwTh1N68, 39dLB5mWDbZhWPGeEOzDHX, 1n9yPqM0i14Ny5KLZ3QJfZ, 1qFhlVTbKCuazGzJLJFxCq, 7silW8RiEOoLBgAg5JBCL1, 7JdPe4gzrYmbcko3FTav57, 7FMCfu4mkrKZd36Pj4lZla, 43tPfrN1soW2DBwhcqldA8","Giuseppe Verdi, Samuel Ramey, Cheryl Studer, Giorgio Zancanaro, Neil Shicoff, Ernesto Gavazzi, Riccardo Muti, Orchestra Del Teatro Alla Scala, Milano, Coro Del Teatro Alla Scala Di Milano, Giorgio Surian",6cfKAKQO0vHrn2qyMRtAQ2,Verdi - Attila,123933,spotify:track:32kNCUPhUganGoNXmipDRE
2019-02-01T07:43:44Z,2c1LnxSDepnMFGv9OZD7Mj,"Attila, Act III: Tutti d'Averno i demoni","1JOQXgYdQV2yfrhewqx96o, 4z6dlDfmoZstfKLVC60nM0, 2Owak0BXSN5auAjwTh1N68, 39dLB5mWDbZhWPGeEOzDHX, 1n9yPqM0i14Ny5KLZ3QJfZ, 1qFhlVTbKCuazGzJLJFxCq, 7silW8RiEOoLBgAg5JBCL1, 7JdPe4gzrYmbcko3FTav57, 7FMCfu4mkrKZd36Pj4lZla, 43tPfrN1soW2DBwhcqldA8","Giuseppe Verdi, Samuel Ramey, Cheryl Studer, Giorgio Zancanaro, Neil Shicoff, Ernesto Gavazzi, Riccardo Muti, Orchestra Del Teatro Alla Scala, Milano, Coro Del Teatro Alla Scala Di Milano, Giorgio Surian",6cfKAKQO0vHrn2qyMRtAQ2,Verdi - Attila,69173,spotify:track:2c1LnxSDepnMFGv9OZD7Mj
2019-02-01T07:43:44Z,6eZh5Mop1UgUkL2TqC5qoo,"Attila, Act III: Te sol, te sol quest'anima","1JOQXgYdQV2yfrhewqx96o, 4z6dlDfmoZstfKLVC60nM0, 2Owak0BXSN5auAjwTh1N68, 39dLB5mWDbZhWPGeEOzDHX, 1n9yPqM0i14Ny5KLZ3QJfZ, 1qFhlVTbKCuazGzJLJFxCq, 7silW8RiEOoLBgAg5JBCL1, 7JdPe4gzrYmbcko3FTav57, 7FMCfu4mkrKZd36Pj4lZla, 43tPfrN1soW2DBwhcqldA8","Giuseppe Verdi, Samuel Ramey, Cheryl Studer, Giorgio Zancanaro, Neil Shicoff, Ernesto Gavazzi, Riccardo Muti, Orchestra Del Teatro Alla Scala, Milano, Coro Del Teatro Alla Scala Di Milano, Giorgio Surian",6cfKAKQO0vHrn2qyMRtAQ2,Verdi - Attila,163306,spotify:track:6eZh5Mop1UgUkL2TqC5qoo
2019-02-01T07:43:44Z,3TxPM6QX7Pt7xV8UF9SSPL,"Attila, Act III: Non involarti, seguimi","1JOQXgYdQV2yfrhewqx96o, 4z6dlDfmoZstfKLVC60nM0, 7JdPe4gzrYmbcko3FTav57, 7silW8RiEOoLBgAg5JBCL1","Giuseppe Verdi, Samuel Ramey, Orchestra Del Teatro Alla Scala, Milano, Riccardo Muti",6cfKAKQO0vHrn2qyMRtAQ2,Verdi - Attila,80053,spotify:track:3TxPM6QX7Pt7xV8UF9SSPL
2019-02-01T07:43:44Z,66ipshvh9imH3PvqxhYETO,"Attila, Act III: Scellerati - Nella tenda","1JOQXgYdQV2yfrhewqx96o, 4z6dlDfmoZstfKLVC60nM0, 2Owak0BXSN5auAjwTh1N68, 39dLB5mWDbZhWPGeEOzDHX, 1n9yPqM0i14Ny5KLZ3QJfZ, 1qFhlVTbKCuazGzJLJFxCq, 7silW8RiEOoLBgAg5JBCL1, 7JdPe4gzrYmbcko3FTav57, 7FMCfu4mkrKZd36Pj4lZla, 43tPfrN1soW2DBwhcqldA8","Giuseppe Verdi, Samuel Ramey, Cheryl Studer, Giorgio Zancanaro, Neil Shicoff, Ernesto Gavazzi, Riccardo Muti, Orchestra Del Teatro Alla Scala, Milano, Coro Del Teatro Alla Scala Di Milano, Giorgio Surian",6cfKAKQO0vHrn2qyMRtAQ2,Verdi - Attila,194373,spotify:track:66ipshvh9imH3PvqxhYETO
2019-02-01T07:43:13Z,0DbCUPDJuET0qVdP8zFcS2,Un giorno di regno: Overture,"1JOQXgYdQV2yfrhewqx96o, 083TwueC0X5jaYvaYVuhHx, 0kiUV8RPVOPn9jwcZYiIXq","Giuseppe Verdi, Donato Renzetti, Orchestra del Teatro Regio di Parma",6cZSiWNQoki3Gc30TmfcDN,Verdi: Un giorno di regno,311766,spotify:track:0DbCUPDJuET0qVdP8zFcS2
2019-02-01T07:43:13Z,0ClGf97Wnm0QBXIXbq7MBY,"Un giorno di regno, Act I: Mai non rise un più bel dì","1JOQXgYdQV2yfrhewqx96o, 083TwueC0X5jaYvaYVuhHx, 0kiUV8RPVOPn9jwcZYiIXq, 0ClUV7RMUilvmPiNi2OaXr","Giuseppe Verdi, Donato Renzetti, Orchestra del Teatro Regio di Parma, Coro Del Teatro Regio Di Parma",6cZSiWNQoki3Gc30TmfcDN,Verdi: Un giorno di regno,115409,spotify:track:0ClGf97Wnm0QBXIXbq7MBY
2019-02-01T07:43:13Z,5oHF2KkaW7kYCJdEoyvJCc,"Un giorno di regno, Act I: Tesoriere garbatissimo","1JOQXgYdQV2yfrhewqx96o, 06KZsIYsH1YMcMSB0ejyi7, 1tLKpSwhS6CdoN5Ycuwq71, 0kiUV8RPVOPn9jwcZYiIXq, 0ClUV7RMUilvmPiNi2OaXr, 083TwueC0X5jaYvaYVuhHx","Giuseppe Verdi, Andrea Porta, Paolo Bordogna, Orchestra del Teatro Regio di Parma, Coro Del Teatro Regio Di Parma, Donato Renzetti",6cZSiWNQoki3Gc30TmfcDN,Verdi: Un giorno di regno,186883,spotify:track:5oHF2KkaW7kYCJdEoyvJCc
2019-02-01T07:43:13Z,2WPAwMt0nvinYefyOlDfF7,"Un giorno di regno, Act I: Sua maestà, signori, è alzata","1JOQXgYdQV2yfrhewqx96o, 1vs8aSOtqSqq5alpPrFpGP, 06KZsIYsH1YMcMSB0ejyi7, 0kiUV8RPVOPn9jwcZYiIXq, 0ClUV7RMUilvmPiNi2OaXr, 1tLKpSwhS6CdoN5Ycuwq71, 2XjaHS7rw10Wnh0BmKtRsW, 083TwueC0X5jaYvaYVuhHx","Giuseppe Verdi, Guido Loconsolo, Andrea Porta, Orchestra del Teatro Regio di Parma, Coro Del Teatro Regio Di Parma, Paolo Bordogna, Seung-Hwa Paek, Donato Renzetti",6cZSiWNQoki3Gc30TmfcDN,Verdi: Un giorno di regno,90808,spotify:track:2WPAwMt0nvinYefyOlDfF7
2019-02-01T07:43:13Z,4tEJ6G5f7htDtyzHLqubTy,"Un giorno di regno, Act I: Compagnoni di Parigi","1JOQXgYdQV2yfrhewqx96o, 1vs8aSOtqSqq5alpPrFpGP, 083TwueC0X5jaYvaYVuhHx, 0kiUV8RPVOPn9jwcZYiIXq","Giuseppe Verdi, Guido Loconsolo, Donato Renzetti, Orchestra del Teatro Regio di Parma",6cZSiWNQoki3Gc30TmfcDN,Verdi: Un giorno di regno,124791,spotify:track:4tEJ6G5f7htDtyzHLqubTy
2019-02-01T07:43:13Z,5zCs8FOgNwJ8tNKrkXOO15,"Un giorno di regno, Act I: Verrà pur troppo il giorno","1JOQXgYdQV2yfrhewqx96o, 1vs8aSOtqSqq5alpPrFpGP, 06KZsIYsH1YMcMSB0ejyi7, 0kiUV8RPVOPn9jwcZYiIXq, 1tLKpSwhS6CdoN5Ycuwq71, 2XjaHS7rw10Wnh0BmKtRsW, 083TwueC0X5jaYvaYVuhHx","Giuseppe Verdi, Guido Loconsolo, Andrea Porta, Orchestra del Teatro Regio di Parma, Paolo Bordogna, Seung-Hwa Paek, Donato Renzetti",6cZSiWNQoki3Gc30TmfcDN,Verdi: Un giorno di regno,140215,spotify:track:5zCs8FOgNwJ8tNKrkXOO15
2019-02-01T07:43:13Z,5FUqzzTPNigADATFjzcdd5,"Un giorno di regno, Act I: Al doppio matrimonio","1JOQXgYdQV2yfrhewqx96o, 1vs8aSOtqSqq5alpPrFpGP, 06KZsIYsH1YMcMSB0ejyi7, 0kiUV8RPVOPn9jwcZYiIXq, 083TwueC0X5jaYvaYVuhHx","Giuseppe Verdi, Guido Loconsolo, Andrea Porta, Orchestra del Teatro Regio di Parma, Donato Renzetti",6cZSiWNQoki3Gc30TmfcDN,Verdi: Un giorno di regno,66906,spotify:track:5FUqzzTPNigADATFjzcdd5
2019-02-01T07:43:13Z,2TJS5mZ9lf093l2PCNm6TD,"Un giorno di regno, Act I: Sire, tremante io vengo","1JOQXgYdQV2yfrhewqx96o, 1vs8aSOtqSqq5alpPrFpGP, 083TwueC0X5jaYvaYVuhHx, 0kiUV8RPVOPn9jwcZYiIXq, 2oB5oZtLhQDb7ceI8zMESb","Giuseppe Verdi, Guido Loconsolo, Donato Renzetti, Orchestra del Teatro Regio di Parma, Ivan Magri",6cZSiWNQoki3Gc30TmfcDN,Verdi: Un giorno di regno,41999,spotify:track:2TJS5mZ9lf093l2PCNm6TD
2019-02-01T07:43:13Z,7558Ls92uxvh2ga9LK4RVD,"Un giorno di regno, Act I: Proverò che degno io sono","1JOQXgYdQV2yfrhewqx96o, 1vs8aSOtqSqq5alpPrFpGP, 083TwueC0X5jaYvaYVuhHx, 0kiUV8RPVOPn9jwcZYiIXq, 2oB5oZtLhQDb7ceI8zMESb","Giuseppe Verdi, Guido Loconsolo, Donato Renzetti, Orchestra del Teatro Regio di Parma, Ivan Magri",6cZSiWNQoki3Gc30TmfcDN,Verdi: Un giorno di regno,249667,spotify:track:7558Ls92uxvh2ga9LK4RVD
2019-02-01T07:43:13Z,5kXyzcZtHtH4kkXm4DPdRT,"Un giorno di regno, Act I: Infiammato da spirto guerriero","1JOQXgYdQV2yfrhewqx96o, 1vs8aSOtqSqq5alpPrFpGP, 083TwueC0X5jaYvaYVuhHx, 0kiUV8RPVOPn9jwcZYiIXq, 2oB5oZtLhQDb7ceI8zMESb","Giuseppe Verdi, Guido Loconsolo, Donato Renzetti, Orchestra del Teatro Regio di Parma, Ivan Magri",6cZSiWNQoki3Gc30TmfcDN,Verdi: Un giorno di regno,91300,spotify:track:5kXyzcZtHtH4kkXm4DPdRT
2019-02-01T07:43:13Z,0wD23inRhBrCrxahDG61Pa,"Un giorno di regno, Act I: Ah, non m'hanno ingannata!","1JOQXgYdQV2yfrhewqx96o, 0SkumaAJaEXnKpKOAFUlEt, 083TwueC0X5jaYvaYVuhHx, 0kiUV8RPVOPn9jwcZYiIXq","Giuseppe Verdi, Anna Caterina Antonacci, Donato Renzetti, Orchestra del Teatro Regio di Parma",6cZSiWNQoki3Gc30TmfcDN,Verdi: Un giorno di regno,51763,spotify:track:0wD23inRhBrCrxahDG61Pa
2019-02-01T07:43:13Z,3BqFSjdyHmvnzfcFpiPlz0,"Un giorno di regno, Act I: Grave a core innamorato","1JOQXgYdQV2yfrhewqx96o, 0SkumaAJaEXnKpKOAFUlEt, 083TwueC0X5jaYvaYVuhHx, 0kiUV8RPVOPn9jwcZYiIXq","Giuseppe Verdi, Anna Caterina Antonacci, Donato Renzetti, Orchestra del Teatro Regio di Parma",6cZSiWNQoki3Gc30TmfcDN,Verdi: Un giorno di regno,113313,spotify:track:3BqFSjdyHmvnzfcFpiPlz0
2019-02-01T07:43:13Z,1pBKM5A77L6Wx8FFGEFtjB,"Un giorno di regno, Act I: Se dee cader la vedova","1JOQXgYdQV2yfrhewqx96o, 0SkumaAJaEXnKpKOAFUlEt, 083TwueC0X5jaYvaYVuhHx, 0kiUV8RPVOPn9jwcZYiIXq","Giuseppe Verdi, Anna Caterina Antonacci, Donato Renzetti, Orchestra del Teatro Regio di Parma",6cZSiWNQoki3Gc30TmfcDN,Verdi: Un giorno di regno,204046,spotify:track:1pBKM5A77L6Wx8FFGEFtjB
2019-02-01T07:43:13Z,4NxifceUovsc4F5HMh1xWC,"Un giorno di regno, Act I: Sì festevole mattina","1JOQXgYdQV2yfrhewqx96o, 083TwueC0X5jaYvaYVuhHx, 0kiUV8RPVOPn9jwcZYiIXq, 0ClUV7RMUilvmPiNi2OaXr","Giuseppe Verdi, Donato Renzetti, Orchestra del Teatro Regio di Parma, Coro Del Teatro Regio Di Parma",6cZSiWNQoki3Gc30TmfcDN,Verdi: Un giorno di regno,150471,spotify:track:4NxifceUovsc4F5HMh1xWC
2019-02-01T07:43:13Z,6jxSxY43B85UbLZOR2iYSl,"Un giorno di regno, Act I: Non san quant'io nel petto","1JOQXgYdQV2yfrhewqx96o, 1Jq6BKhFcLivYsGmhnKQVt, 0kiUV8RPVOPn9jwcZYiIXq, 0ClUV7RMUilvmPiNi2OaXr, 083TwueC0X5jaYvaYVuhHx","Giuseppe Verdi, Alessandra Marianelli, Orchestra del Teatro Regio di Parma, Coro Del Teatro Regio Di Parma, Donato Renzetti",6cZSiWNQoki3Gc30TmfcDN,Verdi: Un giorno di regno,194497,spotify:track:6jxSxY43B85UbLZOR2iYSl
2019-02-01T07:43:13Z,1IxGASxYmOnK5xe9tDjUDl,"Un giorno di regno, Act I: Non vo' quel vecchio","1JOQXgYdQV2yfrhewqx96o, 1Jq6BKhFcLivYsGmhnKQVt, 083TwueC0X5jaYvaYVuhHx, 0ClUV7RMUilvmPiNi2OaXr, 0kiUV8RPVOPn9jwcZYiIXq","Giuseppe Verdi, Alessandra Marianelli, Donato Renzetti, Coro Del Teatro Regio Di Parma, Orchestra del Teatro Regio di Parma",6cZSiWNQoki3Gc30TmfcDN,Verdi: Un giorno di regno,177128,spotify:track:1IxGASxYmOnK5xe9tDjUDl
2019-02-01T07:43:13Z,0uNFFAZr4MR9GhOyvPXz8s,"Un giorno di regno, Act I: Ebben, Giulietta mia","1JOQXgYdQV2yfrhewqx96o, 1vs8aSOtqSqq5alpPrFpGP, 06KZsIYsH1YMcMSB0ejyi7, 1Jq6BKhFcLivYsGmhnKQVt, 1tLKpSwhS6CdoN5Ycuwq71, 083TwueC0X5jaYvaYVuhHx, 2oB5oZtLhQDb7ceI8zMESb, 0kiUV8RPVOPn9jwcZYiIXq","Giuseppe Verdi, Guido Loconsolo, Andrea Porta, Alessandra Marianelli, Paolo Bordogna, Donato Renzetti, Ivan Magri, Orchestra del Teatro Regio di Parma",6cZSiWNQoki3Gc30TmfcDN,Verdi: Un giorno di regno,118852,spotify:track:0uNFFAZr4MR9GhOyvPXz8s
2019-02-01T07:43:13Z,5Nxjdpg0lrVco7ZhdEHrPP,"Un giorno di regno, Act I: Cara Giulia, alfin ti vedo!","1JOQXgYdQV2yfrhewqx96o, 1vs8aSOtqSqq5alpPrFpGP, 06KZsIYsH1YMcMSB0ejyi7, 0SkumaAJaEXnKpKOAFUlEt, 1Jq6BKhFcLivYsGmhnKQVt, 1tLKpSwhS6CdoN5Ycuwq71, 083TwueC0X5jaYvaYVuhHx, 2oB5oZtLhQDb7ceI8zMESb, 0kiUV8RPVOPn9jwcZYiIXq","Giuseppe Verdi, Guido Loconsolo, Andrea Porta, Anna Caterina Antonacci, Alessandra Marianelli, Paolo Bordogna, Donato Renzetti, Ivan Magri, Orchestra del Teatro Regio di Parma",6cZSiWNQoki3Gc30TmfcDN,Verdi: Un giorno di regno,293314,spotify:track:5Nxjdpg0lrVco7ZhdEHrPP
2019-02-01T07:43:13Z,79Lu5lSWmqpNTjeXY5ox3T,"Un giorno di regno, Act I: Madamine, il mio scudiero","1JOQXgYdQV2yfrhewqx96o, 1vs8aSOtqSqq5alpPrFpGP, 06KZsIYsH1YMcMSB0ejyi7, 0SkumaAJaEXnKpKOAFUlEt, 1Jq6BKhFcLivYsGmhnKQVt, 1tLKpSwhS6CdoN5Ycuwq71, 083TwueC0X5jaYvaYVuhHx, 2oB5oZtLhQDb7ceI8zMESb, 0kiUV8RPVOPn9jwcZYiIXq","Giuseppe Verdi, Guido Loconsolo, Andrea Porta, Anna Caterina Antonacci, Alessandra Marianelli, Paolo Bordogna, Donato Renzetti, Ivan Magri, Orchestra del Teatro Regio di Parma",6cZSiWNQoki3Gc30TmfcDN,Verdi: Un giorno di regno,128331,spotify:track:79Lu5lSWmqpNTjeXY5ox3T
2019-02-01T07:43:13Z,7gOW7Z78kw9TLbGuK04eJr,"Un giorno di regno, Act I: In te, cugina, io spero","1JOQXgYdQV2yfrhewqx96o, 0SkumaAJaEXnKpKOAFUlEt, 1Jq6BKhFcLivYsGmhnKQVt, 083TwueC0X5jaYvaYVuhHx, 2oB5oZtLhQDb7ceI8zMESb, 0kiUV8RPVOPn9jwcZYiIXq","Giuseppe Verdi, Anna Caterina Antonacci, Alessandra Marianelli, Donato Renzetti, Ivan Magri, Orchestra del Teatro Regio di Parma",6cZSiWNQoki3Gc30TmfcDN,Verdi: Un giorno di regno,44505,spotify:track:7gOW7Z78kw9TLbGuK04eJr
2019-02-01T07:43:13Z,2POncGBYJ4zYoaDjrwJqwl,"Un giorno di regno, Act I: Bella speranza invero","1JOQXgYdQV2yfrhewqx96o, 0SkumaAJaEXnKpKOAFUlEt, 1Jq6BKhFcLivYsGmhnKQVt, 083TwueC0X5jaYvaYVuhHx, 2oB5oZtLhQDb7ceI8zMESb, 0kiUV8RPVOPn9jwcZYiIXq","Giuseppe Verdi, Anna Caterina Antonacci, Alessandra Marianelli, Donato Renzetti, Ivan Magri, Orchestra del Teatro Regio di Parma",6cZSiWNQoki3Gc30TmfcDN,Verdi: Un giorno di regno,174298,spotify:track:2POncGBYJ4zYoaDjrwJqwl
2019-02-01T07:43:13Z,3m4bL1ikiPzp4Z33fKJ5fz,"Un giorno di regno, Act I: Noi siamo amanti e giovani","1JOQXgYdQV2yfrhewqx96o, 0SkumaAJaEXnKpKOAFUlEt, 1Jq6BKhFcLivYsGmhnKQVt, 083TwueC0X5jaYvaYVuhHx, 2oB5oZtLhQDb7ceI8zMESb, 0kiUV8RPVOPn9jwcZYiIXq","Giuseppe Verdi, Anna Caterina Antonacci, Alessandra Marianelli, Donato Renzetti, Ivan Magri, Orchestra del Teatro Regio di Parma",6cZSiWNQoki3Gc30TmfcDN,Verdi: Un giorno di regno,107310,spotify:track:3m4bL1ikiPzp4Z33fKJ5fz
2019-02-01T07:43:13Z,46Y5QGxsFum8CD5ATk37xp,"Un giorno di regno, Act I: Diletto genero, a voi ne vengo","1JOQXgYdQV2yfrhewqx96o, 06KZsIYsH1YMcMSB0ejyi7, 1tLKpSwhS6CdoN5Ycuwq71, 083TwueC0X5jaYvaYVuhHx, 0kiUV8RPVOPn9jwcZYiIXq","Giuseppe Verdi, Andrea Porta, Paolo Bordogna, Donato Renzetti, Orchestra del Teatro Regio di Parma",6cZSiWNQoki3Gc30TmfcDN,Verdi: Un giorno di regno,261782,spotify:track:46Y5QGxsFum8CD5ATk37xp
2019-02-01T07:43:13Z,2CPNRw3cGC34XGJTc08OcH,"Un giorno di regno, Act I: Tesorier, io creder voglio!","1JOQXgYdQV2yfrhewqx96o, 06KZsIYsH1YMcMSB0ejyi7, 0SkumaAJaEXnKpKOAFUlEt, 1Jq6BKhFcLivYsGmhnKQVt, 1tLKpSwhS6CdoN5Ycuwq71, 083TwueC0X5jaYvaYVuhHx, 2oB5oZtLhQDb7ceI8zMESb, 0kiUV8RPVOPn9jwcZYiIXq","Giuseppe Verdi, Andrea Porta, Anna Caterina Antonacci, Alessandra Marianelli, Paolo Bordogna, Donato Renzetti, Ivan Magri, Orchestra del Teatro Regio di Parma",6cZSiWNQoki3Gc30TmfcDN,Verdi: Un giorno di regno,172651,spotify:track:2CPNRw3cGC34XGJTc08OcH
2019-02-01T07:43:13Z,2xilSbS16hxz5drDMPyLpQ,"Un giorno di regno, Act I: In qual punto il re ci ha colto","1JOQXgYdQV2yfrhewqx96o, 06KZsIYsH1YMcMSB0ejyi7, 0SkumaAJaEXnKpKOAFUlEt, 1Jq6BKhFcLivYsGmhnKQVt, 0ClUV7RMUilvmPiNi2OaXr, 1tLKpSwhS6CdoN5Ycuwq71, 083TwueC0X5jaYvaYVuhHx, 2oB5oZtLhQDb7ceI8zMESb, 0kiUV8RPVOPn9jwcZYiIXq","Giuseppe Verdi, Andrea Porta, Anna Caterina Antonacci, Alessandra Marianelli, Coro Del Teatro Regio Di Parma, Paolo Bordogna, Donato Renzetti, Ivan Magri, Orchestra del Teatro Regio di Parma",6cZSiWNQoki3Gc30TmfcDN,Verdi: Un giorno di regno,292859,spotify:track:2xilSbS16hxz5drDMPyLpQ
2019-02-01T07:43:13Z,2bPvet9zUH5YogZ82KO1V6,"Un giorno di regno, Act I: Affidate alla mente reale","1JOQXgYdQV2yfrhewqx96o, 1vs8aSOtqSqq5alpPrFpGP, 06KZsIYsH1YMcMSB0ejyi7, 0SkumaAJaEXnKpKOAFUlEt, 0ClUV7RMUilvmPiNi2OaXr, 1Jq6BKhFcLivYsGmhnKQVt, 1tLKpSwhS6CdoN5Ycuwq71, 083TwueC0X5jaYvaYVuhHx, 2oB5oZtLhQDb7ceI8zMESb, 0kiUV8RPVOPn9jwcZYiIXq","Giuseppe Verdi, Guido Loconsolo, Andrea Porta, Anna Caterina Antonacci, Coro Del Teatro Regio Di Parma, Alessandra Marianelli, Paolo Bordogna, Donato Renzetti, Ivan Magri, Orchestra del Teatro Regio di Parma",6cZSiWNQoki3Gc30TmfcDN,Verdi: Un giorno di regno,171991,spotify:track:2bPvet9zUH5YogZ82KO1V6
2019-02-01T07:43:13Z,4LtSIpRODVmvuK8FaaWa3t,"Un giorno di regno, Act II: Ma le nozze non si fanno?","1JOQXgYdQV2yfrhewqx96o, 083TwueC0X5jaYvaYVuhHx, 2oB5oZtLhQDb7ceI8zMESb, 0ClUV7RMUilvmPiNi2OaXr, 0kiUV8RPVOPn9jwcZYiIXq","Giuseppe Verdi, Donato Renzetti, Ivan Magri, Coro Del Teatro Regio Di Parma, Orchestra del Teatro Regio di Parma",6cZSiWNQoki3Gc30TmfcDN,Verdi: Un giorno di regno,149938,spotify:track:4LtSIpRODVmvuK8FaaWa3t
2019-02-01T07:43:13Z,5EfgAVuw8ILLSmBbT1UVym,"Un giorno di regno, Act II: Pietoso al lungo pianto","1JOQXgYdQV2yfrhewqx96o, 083TwueC0X5jaYvaYVuhHx, 2oB5oZtLhQDb7ceI8zMESb, 0ClUV7RMUilvmPiNi2OaXr, 0kiUV8RPVOPn9jwcZYiIXq","Giuseppe Verdi, Donato Renzetti, Ivan Magri, Coro Del Teatro Regio Di Parma, Orchestra del Teatro Regio di Parma",6cZSiWNQoki3Gc30TmfcDN,Verdi: Un giorno di regno,132242,spotify:track:5EfgAVuw8ILLSmBbT1UVym
2019-02-01T07:43:13Z,4aN82bkM0SN3HLPNCT7ANe,"Un giorno di regno, Act II: Deh, lasciate a un'alma amante","1JOQXgYdQV2yfrhewqx96o, 083TwueC0X5jaYvaYVuhHx, 2oB5oZtLhQDb7ceI8zMESb, 0ClUV7RMUilvmPiNi2OaXr, 0kiUV8RPVOPn9jwcZYiIXq","Giuseppe Verdi, Donato Renzetti, Ivan Magri, Coro Del Teatro Regio Di Parma, Orchestra del Teatro Regio di Parma",6cZSiWNQoki3Gc30TmfcDN,Verdi: Un giorno di regno,123437,spotify:track:4aN82bkM0SN3HLPNCT7ANe
2019-02-01T07:43:13Z,2nXbZDuvWU3P2zRTAYEFDU,"Un giorno di regno, Act II: Un mio castello!","1JOQXgYdQV2yfrhewqx96o, 06KZsIYsH1YMcMSB0ejyi7, 0kiUV8RPVOPn9jwcZYiIXq, 1tLKpSwhS6CdoN5Ycuwq71, 083TwueC0X5jaYvaYVuhHx","Giuseppe Verdi, Andrea Porta, Orchestra del Teatro Regio di Parma, Paolo Bordogna, Donato Renzetti",6cZSiWNQoki3Gc30TmfcDN,Verdi: Un giorno di regno,36311,spotify:track:2nXbZDuvWU3P2zRTAYEFDU
2019-02-01T07:43:13Z,1jBN7l5LlYerfGJzFRtPBk,"Un giorno di regno, Act II: Tutte l'armi si può prendere","1JOQXgYdQV2yfrhewqx96o, 06KZsIYsH1YMcMSB0ejyi7, 0kiUV8RPVOPn9jwcZYiIXq, 1tLKpSwhS6CdoN5Ycuwq71, 083TwueC0X5jaYvaYVuhHx","Giuseppe Verdi, Andrea Porta, Orchestra del Teatro Regio di Parma, Paolo Bordogna, Donato Renzetti",6cZSiWNQoki3Gc30TmfcDN,Verdi: Un giorno di regno,359535,spotify:track:1jBN7l5LlYerfGJzFRtPBk
2019-02-01T07:43:13Z,03dNQWczETIutbqBCatDRJ,"Un giorno di regno, Act II: Ch'io non posso il ver comprendere","1JOQXgYdQV2yfrhewqx96o, 1vs8aSOtqSqq5alpPrFpGP, 0SkumaAJaEXnKpKOAFUlEt, 0kiUV8RPVOPn9jwcZYiIXq, 083TwueC0X5jaYvaYVuhHx","Giuseppe Verdi, Guido Loconsolo, Anna Caterina Antonacci, Orchestra del Teatro Regio di Parma, Donato Renzetti",6cZSiWNQoki3Gc30TmfcDN,Verdi: Un giorno di regno,292288,spotify:track:03dNQWczETIutbqBCatDRJ
2019-02-01T07:43:13Z,53YDKnrLOMGoqBugrjBup5,"Un giorno di regno, Act II: Nipote, in questo istante","1JOQXgYdQV2yfrhewqx96o, 1vs8aSOtqSqq5alpPrFpGP, 06KZsIYsH1YMcMSB0ejyi7, 0SkumaAJaEXnKpKOAFUlEt, 0kiUV8RPVOPn9jwcZYiIXq, 083TwueC0X5jaYvaYVuhHx","Giuseppe Verdi, Guido Loconsolo, Andrea Porta, Anna Caterina Antonacci, Orchestra del Teatro Regio di Parma, Donato Renzetti",6cZSiWNQoki3Gc30TmfcDN,Verdi: Un giorno di regno,59659,spotify:track:53YDKnrLOMGoqBugrjBup5
2019-02-01T07:43:13Z,1x7gEnpwXOosnuBwFi0uaE,"Un giorno di regno, Act II: Si mostri a chi l'adora","1JOQXgYdQV2yfrhewqx96o, 06KZsIYsH1YMcMSB0ejyi7, 0kiUV8RPVOPn9jwcZYiIXq, 083TwueC0X5jaYvaYVuhHx","Giuseppe Verdi, Andrea Porta, Orchestra del Teatro Regio di Parma, Donato Renzetti",6cZSiWNQoki3Gc30TmfcDN,Verdi: Un giorno di regno,192948,spotify:track:1x7gEnpwXOosnuBwFi0uaE
2019-02-01T07:43:13Z,56IYZibwLCHUEuapq4gTay,"Un giorno di regno, Act II: Ma voice tacete … Sì, scordar saprò l'infido","1JOQXgYdQV2yfrhewqx96o, 1vs8aSOtqSqq5alpPrFpGP, 0SkumaAJaEXnKpKOAFUlEt, 0kiUV8RPVOPn9jwcZYiIXq, 0ClUV7RMUilvmPiNi2OaXr, 083TwueC0X5jaYvaYVuhHx","Giuseppe Verdi, Guido Loconsolo, Anna Caterina Antonacci, Orchestra del Teatro Regio di Parma, Coro Del Teatro Regio Di Parma, Donato Renzetti",6cZSiWNQoki3Gc30TmfcDN,Verdi: Un giorno di regno,235355,spotify:track:56IYZibwLCHUEuapq4gTay
2019-02-01T07:43:13Z,7e0hdgYkTbIuGV9Qa08R4b,"Un giorno di regno, Act II: Oh me felice appieno!","1JOQXgYdQV2yfrhewqx96o, 1Jq6BKhFcLivYsGmhnKQVt, 083TwueC0X5jaYvaYVuhHx, 2oB5oZtLhQDb7ceI8zMESb, 0kiUV8RPVOPn9jwcZYiIXq","Giuseppe Verdi, Alessandra Marianelli, Donato Renzetti, Ivan Magri, Orchestra del Teatro Regio di Parma",6cZSiWNQoki3Gc30TmfcDN,Verdi: Un giorno di regno,68230,spotify:track:7e0hdgYkTbIuGV9Qa08R4b
2019-02-01T07:43:13Z,4dqJVznVToXEuo0zrdL9g6,"Un giorno di regno, Act II: Giurai seguirlo in campo","1JOQXgYdQV2yfrhewqx96o, 1Jq6BKhFcLivYsGmhnKQVt, 083TwueC0X5jaYvaYVuhHx, 2oB5oZtLhQDb7ceI8zMESb, 0kiUV8RPVOPn9jwcZYiIXq","Giuseppe Verdi, Alessandra Marianelli, Donato Renzetti, Ivan Magri, Orchestra del Teatro Regio di Parma",6cZSiWNQoki3Gc30TmfcDN,Verdi: Un giorno di regno,228260,spotify:track:4dqJVznVToXEuo0zrdL9g6
2019-02-01T07:43:13Z,5hSMXq1FiMUmSX2zvl1MQN,"Un giorno di regno, Act II: Ah! Non sia, mio ben, fallace","1JOQXgYdQV2yfrhewqx96o, 1Jq6BKhFcLivYsGmhnKQVt, 083TwueC0X5jaYvaYVuhHx, 2oB5oZtLhQDb7ceI8zMESb, 0kiUV8RPVOPn9jwcZYiIXq","Giuseppe Verdi, Alessandra Marianelli, Donato Renzetti, Ivan Magri, Orchestra del Teatro Regio di Parma",6cZSiWNQoki3Gc30TmfcDN,Verdi: Un giorno di regno,146191,spotify:track:5hSMXq1FiMUmSX2zvl1MQN
2019-02-01T07:43:13Z,42Iy1TR4IHRYs5k3X7u5Gc,"Un giorno di regno, Act II: Sì, caro conte!","1JOQXgYdQV2yfrhewqx96o, 1vs8aSOtqSqq5alpPrFpGP, 06KZsIYsH1YMcMSB0ejyi7, 0SkumaAJaEXnKpKOAFUlEt, 0kiUV8RPVOPn9jwcZYiIXq, 1vHE7ZbQJSuq7adH973bFI, 083TwueC0X5jaYvaYVuhHx","Giuseppe Verdi, Guido Loconsolo, Andrea Porta, Anna Caterina Antonacci, Orchestra del Teatro Regio di Parma, Ricardo Mirabelli, Donato Renzetti",6cZSiWNQoki3Gc30TmfcDN,Verdi: Un giorno di regno,83458,spotify:track:42Iy1TR4IHRYs5k3X7u5Gc
2019-02-01T07:43:13Z,05GRAjmey8IofagBQYpmPZ,"Un giorno di regno, Act II: A tal colpo preparata","1JOQXgYdQV2yfrhewqx96o, 1vs8aSOtqSqq5alpPrFpGP, 06KZsIYsH1YMcMSB0ejyi7, 0SkumaAJaEXnKpKOAFUlEt, 1Jq6BKhFcLivYsGmhnKQVt, 0kiUV8RPVOPn9jwcZYiIXq, 1tLKpSwhS6CdoN5Ycuwq71, 1vHE7ZbQJSuq7adH973bFI, 083TwueC0X5jaYvaYVuhHx, 2oB5oZtLhQDb7ceI8zMESb","Giuseppe Verdi, Guido Loconsolo, Andrea Porta, Anna Caterina Antonacci, Alessandra Marianelli, Orchestra del Teatro Regio di Parma, Paolo Bordogna, Ricardo Mirabelli, Donato Renzetti, Ivan Magri",6cZSiWNQoki3Gc30TmfcDN,Verdi: Un giorno di regno,212802,spotify:track:05GRAjmey8IofagBQYpmPZ
2019-02-01T07:43:13Z,1Lhi8CHr1bwxAxDq2dWke1,"Un giorno di regno, Act II: Sire, venne in quest'istante","1JOQXgYdQV2yfrhewqx96o, 1vs8aSOtqSqq5alpPrFpGP, 06KZsIYsH1YMcMSB0ejyi7, 0SkumaAJaEXnKpKOAFUlEt, 1Jq6BKhFcLivYsGmhnKQVt, 0kiUV8RPVOPn9jwcZYiIXq, 1tLKpSwhS6CdoN5Ycuwq71, 1vHE7ZbQJSuq7adH973bFI, 2XjaHS7rw10Wnh0BmKtRsW, 083TwueC0X5jaYvaYVuhHx","Giuseppe Verdi, Guido Loconsolo, Andrea Porta, Anna Caterina Antonacci, Alessandra Marianelli, Orchestra del Teatro Regio di Parma, Paolo Bordogna, Ricardo Mirabelli, Seung-Hwa Paek, Donato Renzetti",6cZSiWNQoki3Gc30TmfcDN,Verdi: Un giorno di regno,123289,spotify:track:1Lhi8CHr1bwxAxDq2dWke1
2019-02-01T07:43:13Z,6KDQGm2mjFWH4gbzKlMmdc,"Un giorno di regno, Act II: Eh! Facciamo da buoni amici","1JOQXgYdQV2yfrhewqx96o, 1vs8aSOtqSqq5alpPrFpGP, 06KZsIYsH1YMcMSB0ejyi7, 0SkumaAJaEXnKpKOAFUlEt, 1Jq6BKhFcLivYsGmhnKQVt, 0kiUV8RPVOPn9jwcZYiIXq, 1tLKpSwhS6CdoN5Ycuwq71, 1vHE7ZbQJSuq7adH973bFI, 2XjaHS7rw10Wnh0BmKtRsW, 083TwueC0X5jaYvaYVuhHx","Giuseppe Verdi, Guido Loconsolo, Andrea Porta, Anna Caterina Antonacci, Alessandra Marianelli, Orchestra del Teatro Regio di Parma, Paolo Bordogna, Ricardo Mirabelli, Seung-Hwa Paek, Donato Renzetti",6cZSiWNQoki3Gc30TmfcDN,Verdi: Un giorno di regno,123115,spotify:track:6KDQGm2mjFWH4gbzKlMmdc
2019-02-01T07:41:34Z,31TADh49q4s4jm6lGDeIrd,In My Secret Life,5l8VQNuIg0turYE1VtM9zV,Leonard Cohen,0AMbk6F6ZJ57OqlpB214gV,Ten New Songs,295171,spotify:track:31TADh49q4s4jm6lGDeIrd
2019-02-01T07:41:08Z,6CfNvqvFcGkToJAnHENZdO,Drove Through Ghosts to Get Here,6DVVsQAnpHdJjb1nYuOQ6g,65daysofstatic,0sMhDEURXDVVqiqh45DeAi,One Time for All Time,258933,spotify:track:6CfNvqvFcGkToJAnHENZdO
2019-02-01T07:41:08Z,7MBaulxZmEkfldqTxi6I70,Await Rescue,6DVVsQAnpHdJjb1nYuOQ6g,65daysofstatic,0sMhDEURXDVVqiqh45DeAi,One Time for All Time,284693,spotify:track:7MBaulxZmEkfldqTxi6I70
2019-02-01T07:41:08Z,0NAzhLKtcBjXai2sb5jwtc,23kid,6DVVsQAnpHdJjb1nYuOQ6g,65daysofstatic,0sMhDEURXDVVqiqh45DeAi,One Time for All Time,272160,spotify:track:0NAzhLKtcBjXai2sb5jwtc
2019-02-01T07:41:08Z,0AIKlb7lhg5xufNmwkMRiU,Welcome to the Times,6DVVsQAnpHdJjb1nYuOQ6g,65daysofstatic,0sMhDEURXDVVqiqh45DeAi,One Time for All Time,233946,spotify:track:0AIKlb7lhg5xufNmwkMRiU
2019-02-01T07:41:08Z,3LG1frVANXt66cX8XGOy6l,Mean Low Water,6DVVsQAnpHdJjb1nYuOQ6g,65daysofstatic,0sMhDEURXDVVqiqh45DeAi,One Time for All Time,240960,spotify:track:3LG1frVANXt66cX8XGOy6l
2019-02-01T07:41:08Z,6PPcjl7kbvnvJj3OlJE4eB,Climbing on Roofs (desperate edit),6DVVsQAnpHdJjb1nYuOQ6g,65daysofstatic,0sMhDEURXDVVqiqh45DeAi,One Time for All Time,147066,spotify:track:6PPcjl7kbvnvJj3OlJE4eB
2019-02-01T07:41:08Z,4XBWvFZ22nO6cqndQ5hPBT,The Big Afraid,6DVVsQAnpHdJjb1nYuOQ6g,65daysofstatic,0sMhDEURXDVVqiqh45DeAi,One Time for All Time,128066,spotify:track:4XBWvFZ22nO6cqndQ5hPBT
2019-02-01T07:41:08Z,0OaYwuVY6GyOZM3ApW2Tb8,65 Doesn't Understand You,6DVVsQAnpHdJjb1nYuOQ6g,65daysofstatic,0sMhDEURXDVVqiqh45DeAi,One Time for All Time,336946,spotify:track:0OaYwuVY6GyOZM3ApW2Tb8
2019-02-01T07:41:08Z,2bVqNoVb1iMTI5ealMmU0G,Radio Protector,6DVVsQAnpHdJjb1nYuOQ6g,65daysofstatic,0sMhDEURXDVVqiqh45DeAi,One Time for All Time,326186,spotify:track:2bVqNoVb1iMTI5ealMmU0G
2019-02-01T07:37:14Z,6xE6ZWzK1YDDSYzqOCoQlz,Last Train to London,7jefIIksOi1EazgRTfW2Pk,Electric Light Orchestra,1CvVSn2MtKDBR6aWMkNkem,Discovery,272649,spotify:track:6xE6ZWzK1YDDSYzqOCoQlz
2019-02-01T07:37:00Z,2IKd8ozOHYuVqrYJ0tqghP,Tightrope,7jefIIksOi1EazgRTfW2Pk,Electric Light Orchestra,7a35UzxXYuKQGMGImyB0Un,A New World Record,305122,spotify:track:2IKd8ozOHYuVqrYJ0tqghP
2019-02-01T07:37:00Z,3SPcBPzvbmWLl8NU5efx4W,Telephone Line,7jefIIksOi1EazgRTfW2Pk,Electric Light Orchestra,7a35UzxXYuKQGMGImyB0Un,A New World Record,279237,spotify:track:3SPcBPzvbmWLl8NU5efx4W
2019-02-01T07:22:39Z,2rKAB5mLJwFvfBWI4nZ7E4,Tanja,"5ENS85nZShljwNgg4wFD7D, 6QQHmZOu8WfOhroMAKxE3W","Gabry Ponte, Pop X",0881r3CC1TeXqcArpWLp6L,Tanja,168510,spotify:track:2rKAB5mLJwFvfBWI4nZ7E4
2019-02-01T07:22:23Z,5LxvwujISqiB8vpRYv887S,I Want You Back,2iE18Oxc8YSumAU232n4rW,The Jackson 5,51uoKRa8vT5SULrlF8s2t1,Diana Ross Presents The Jackson 5,176333,spotify:track:5LxvwujISqiB8vpRYv887S
2019-02-01T07:21:17Z,1iW2ktyrQHNKZwFTvgP0Ta,Burn - Remastered 2004,568ZhdwyaiCyOGJRtNYhWf,Deep Purple,3wR7UC2ij2dx0TbtiMP4J9,Burn (30th Anniversary Edition),364933,spotify:track:1iW2ktyrQHNKZwFTvgP0Ta
2019-02-01T07:21:17Z,2Muk1caw6072GsrRQ1FP0Y,Burn - 2004 Remix,568ZhdwyaiCyOGJRtNYhWf,Deep Purple,3wR7UC2ij2dx0TbtiMP4J9,Burn (30th Anniversary Edition),363906,spotify:track:2Muk1caw6072GsrRQ1FP0Y
2019-02-01T07:21:03Z,7D1wLtyGaUppoqMleM6VqT,Acid Rain,"0r1s1XoxdoXECGfyChzb2v, 4zvIE8a1h7L0IED4r4qKk1, 0tXHekFgHjeLensP3Uf2b9, 4UjlFZPd9pYcyGhwdcrXvH, 1eAj0NmIiXgqpy5aN4GlsS","Liquid Tension Experiment, John Petrucci, Mike Portnoy, Tony Levin, Jordan Rudess",25JdFEbKXocMQyJdlBzD5d,Liquid Tension Experiment 2,396066,spotify:track:7D1wLtyGaUppoqMleM6VqT
2019-02-01T07:21:03Z,0ndWYf8VfreYNXskvF9Jvu,When the Water Breaks,"0r1s1XoxdoXECGfyChzb2v, 4zvIE8a1h7L0IED4r4qKk1, 0tXHekFgHjeLensP3Uf2b9, 4UjlFZPd9pYcyGhwdcrXvH, 1eAj0NmIiXgqpy5aN4GlsS","Liquid Tension Experiment, John Petrucci, Mike Portnoy, Tony Levin, Jordan Rudess",25JdFEbKXocMQyJdlBzD5d,Liquid Tension Experiment 2,1017733,spotify:track:0ndWYf8VfreYNXskvF9Jvu
2019-02-01T07:20:52Z,0RsMTlG08zUhYSz1nWi1wp,Vedi Cara - Remaster 1996,5Pa0BjjSDSiWuak0O1PbHL,Francesco Guccini,4aBu7DxjmUl4mHh6pbrYJV,The Platinum Collection,290825,spotify:track:0RsMTlG08zUhYSz1nWi1wp
2019-02-01T07:20:52Z,4hzAaM8cGuZXyIi0TwwWc5,Un Altro Giorno È Andato - Remaster 1996,5Pa0BjjSDSiWuak0O1PbHL,Francesco Guccini,4aBu7DxjmUl4mHh6pbrYJV,The Platinum Collection,253015,spotify:track:4hzAaM8cGuZXyIi0TwwWc5
2019-02-01T07:20:52Z,0ty25HNYvYV8KbJxaq1ttS,L'Avvelenata - Remaster 1996,5Pa0BjjSDSiWuak0O1PbHL,Francesco Guccini,4aBu7DxjmUl4mHh6pbrYJV,The Platinum Collection,278962,spotify:track:0ty25HNYvYV8KbJxaq1ttS
2019-02-01T07:20:26Z,1rLWmOgHSRS6HwJt8SFT3L,Tico Tico No Fubá,6LO13YjxG7x8waq1RGOYI7,Stefano Bollani,53M84lIankojTLTb4X9Zhd,Carioca,200440,spotify:track:1rLWmOgHSRS6HwJt8SFT3L
2019-02-01T07:20:26Z,5IcDbxNWa7qzSdXLNjdf9s,Apanhei Te Cavaquinho,6LO13YjxG7x8waq1RGOYI7,Stefano Bollani,53M84lIankojTLTb4X9Zhd,Carioca,354253,spotify:track:5IcDbxNWa7qzSdXLNjdf9s
2019-02-01T07:09:55Z,2YplrdHMBoRdnHgMeHEwHm,The Sound of Silence - Electric Version,70cRZdQywnSFp9pnc2WTCE,Simon & Garfunkel,07RAGILF28QweYQSZasr5k,Sounds Of Silence,190102,spotify:track:2YplrdHMBoRdnHgMeHEwHm
2019-02-01T07:09:23Z,4cLoL5KPfE1hAwfsO84FX7,Because - Remastered,3WrFJ7ztbogyGnTHbHJFl2,The Beatles,2Pqkn9Dq2DFtdfkKAeqgMd,Abbey Road (Remastered),165666,spotify:track:4cLoL5KPfE1hAwfsO84FX7
2019-02-01T07:08:18Z,6dfhF1BDGmhM69fnCb6wSC,America,70cRZdQywnSFp9pnc2WTCE,Simon & Garfunkel,3bzgbgiytguTDnwzflAZr2,Bookends,215285,spotify:track:6dfhF1BDGmhM69fnCb6wSC
2019-02-01T07:08:18Z,0iOZM63lendWRTTeKhZBSC,"Mrs. Robinson - From ""The Graduate"" Soundtrack",70cRZdQywnSFp9pnc2WTCE,Simon & Garfunkel,3bzgbgiytguTDnwzflAZr2,Bookends,247420,spotify:track:0iOZM63lendWRTTeKhZBSC
2019-02-01T07:08:13Z,6l8EbYRtQMgKOyc1gcDHF9,Bridge Over Troubled Water,70cRZdQywnSFp9pnc2WTCE,Simon & Garfunkel,0JwHz5SSvpYWuuCNbtYZoV,Bridge Over Troubled Water,296462,spotify:track:6l8EbYRtQMgKOyc1gcDHF9
2019-02-01T06:58:23Z,7lAIEf1y4e7CCrqhjoFNhK,"Ravel: Boléro, M. 81","17hR0sYHpx7VYTMRfFUOmY, 6tdexW8bZTG8NgOFUCYQn1, 7silW8RiEOoLBgAg5JBCL1","Maurice Ravel, Philadelphia Orchestra, Riccardo Muti",28IhvhAzgW8RATGCSIeSAb,Ravel: Rapsodie Espagnole; Une barque sur l'ocean,1032466,spotify:track:7lAIEf1y4e7CCrqhjoFNhK
2019-02-01T06:58:23Z,4ZDi3J1pcva18mM3Q9dRHb,"Ravel: Suite No. 2 from Daphnis et Chloé, M. 57: I. Lever du jour","17hR0sYHpx7VYTMRfFUOmY, 7silW8RiEOoLBgAg5JBCL1, 7oB61QZJ5lFD8Iq2QZzldY, 6tdexW8bZTG8NgOFUCYQn1","Maurice Ravel, Riccardo Muti, Murray Panitz, Philadelphia Orchestra",28IhvhAzgW8RATGCSIeSAb,Ravel: Rapsodie Espagnole; Une barque sur l'ocean,393746,spotify:track:4ZDi3J1pcva18mM3Q9dRHb
2019-02-01T06:58:23Z,5GgeUpaLgc1P0Zjzq8jE7o,"Ravel: Suite No. 2 from Daphnis et Chloé, M. 57: II. Pantomime","17hR0sYHpx7VYTMRfFUOmY, 7silW8RiEOoLBgAg5JBCL1, 7oB61QZJ5lFD8Iq2QZzldY, 6tdexW8bZTG8NgOFUCYQn1","Maurice Ravel, Riccardo Muti, Murray Panitz, Philadelphia Orchestra",28IhvhAzgW8RATGCSIeSAb,Ravel: Rapsodie Espagnole; Une barque sur l'ocean,432320,spotify:track:5GgeUpaLgc1P0Zjzq8jE7o
2019-02-01T06:58:23Z,6j86CTo5N1Tyt7sJ7CBGvo,"Ravel: Suite No. 2 from Daphnis et Chloé, M. 57: III. Danse générale","17hR0sYHpx7VYTMRfFUOmY, 7silW8RiEOoLBgAg5JBCL1, 6cMvE63vvsuqaxdcNI2Sqk, 6tdexW8bZTG8NgOFUCYQn1","Maurice Ravel, Riccardo Muti, Singing City Choir of Philadelphia, Philadelphia Orchestra",28IhvhAzgW8RATGCSIeSAb,Ravel: Rapsodie Espagnole; Une barque sur l'ocean,280026,spotify:track:6j86CTo5N1Tyt7sJ7CBGvo
2019-02-01T06:58:23Z,6HDm0DWIn5iLELB985Csup,"Ravel: Miroirs, M. 43: IV. Alborada del gracioso","17hR0sYHpx7VYTMRfFUOmY, 7silW8RiEOoLBgAg5JBCL1, 6tdexW8bZTG8NgOFUCYQn1","Maurice Ravel, Riccardo Muti, Philadelphia Orchestra",28IhvhAzgW8RATGCSIeSAb,Ravel: Rapsodie Espagnole; Une barque sur l'ocean,492506,spotify:track:6HDm0DWIn5iLELB985Csup
2019-02-01T06:58:23Z,0VKwXjb6N88GKA7olELjpw,"Ravel: Rapsodie espagnole, M. 54: I. Prélude à la nuit","17hR0sYHpx7VYTMRfFUOmY, 6tdexW8bZTG8NgOFUCYQn1, 7silW8RiEOoLBgAg5JBCL1","Maurice Ravel, Philadelphia Orchestra, Riccardo Muti",28IhvhAzgW8RATGCSIeSAb,Ravel: Rapsodie Espagnole; Une barque sur l'ocean,292493,spotify:track:0VKwXjb6N88GKA7olELjpw
2019-02-01T06:58:23Z,2SBcMqsAJaWtcnFBempF6d,"Ravel: Rapsodie espagnole, M. 54: II. Malagueña","17hR0sYHpx7VYTMRfFUOmY, 6tdexW8bZTG8NgOFUCYQn1, 7silW8RiEOoLBgAg5JBCL1","Maurice Ravel, Philadelphia Orchestra, Riccardo Muti",28IhvhAzgW8RATGCSIeSAb,Ravel: Rapsodie Espagnole; Une barque sur l'ocean,115160,spotify:track:2SBcMqsAJaWtcnFBempF6d
2019-02-01T06:58:23Z,6DEmBQRC1NdwjGLHduOR5d,"Ravel: Rapsodie espagnole, M. 54: III. Habanera","17hR0sYHpx7VYTMRfFUOmY, 6tdexW8bZTG8NgOFUCYQn1, 7silW8RiEOoLBgAg5JBCL1","Maurice Ravel, Philadelphia Orchestra, Riccardo Muti",28IhvhAzgW8RATGCSIeSAb,Ravel: Rapsodie Espagnole; Une barque sur l'ocean,162293,spotify:track:6DEmBQRC1NdwjGLHduOR5d
2019-02-01T06:58:23Z,395vhwAnt8kVF6jdbuXJGH,"Ravel: Rapsodie espagnole, M. 54: IV. Feria","17hR0sYHpx7VYTMRfFUOmY, 6tdexW8bZTG8NgOFUCYQn1, 7silW8RiEOoLBgAg5JBCL1","Maurice Ravel, Philadelphia Orchestra, Riccardo Muti",28IhvhAzgW8RATGCSIeSAb,Ravel: Rapsodie Espagnole; Une barque sur l'ocean,370333,spotify:track:395vhwAnt8kVF6jdbuXJGH
2019-02-01T06:58:23Z,1DfNazrC5BbVuPFWHL1TkY,"Ravel: Miroirs, M. 43: III. Une barque sur l'océan","17hR0sYHpx7VYTMRfFUOmY, 6tdexW8bZTG8NgOFUCYQn1, 7silW8RiEOoLBgAg5JBCL1","Maurice Ravel, Philadelphia Orchestra, Riccardo Muti",28IhvhAzgW8RATGCSIeSAb,Ravel: Rapsodie Espagnole; Une barque sur l'ocean,511826,spotify:track:1DfNazrC5BbVuPFWHL1TkY
2019-02-01T06:57:40Z,7wvFkSqcYH2c7NNYooQHqf,"Symphonie fantastique, Op. 14, H. 48: I. Rêveries - Passions (Live),","11T8SOX82xraocZzUXzkvM, 7silW8RiEOoLBgAg5JBCL1, 6TD08jYeuN128P2MZTbc8E","Hector Berlioz, Riccardo Muti, Chicago Symphony Orchestra",5bSbPlGjqSUGk8t25MPRxO,"Berlioz: Symphonie fantastique & Lélio, ou Le retour à la vie (Live)",919306,spotify:track:7wvFkSqcYH2c7NNYooQHqf
2019-02-01T06:57:40Z,5wrHccFhMhU4uWVSS6M7ji,"Symphonie fantastique, Op. 14, H. 48: II. Un bal (Live)","11T8SOX82xraocZzUXzkvM, 7silW8RiEOoLBgAg5JBCL1, 6TD08jYeuN128P2MZTbc8E","Hector Berlioz, Riccardo Muti, Chicago Symphony Orchestra",5bSbPlGjqSUGk8t25MPRxO,"Berlioz: Symphonie fantastique & Lélio, ou Le retour à la vie (Live)",405533,spotify:track:5wrHccFhMhU4uWVSS6M7ji
2019-02-01T06:57:40Z,6lfitJZ05vZQkH9xD4ZcEd,"Symphonie fantastique, Op. 14, H. 48: III. Scène aux champs (Live)","11T8SOX82xraocZzUXzkvM, 7silW8RiEOoLBgAg5JBCL1, 6TD08jYeuN128P2MZTbc8E","Hector Berlioz, Riccardo Muti, Chicago Symphony Orchestra",5bSbPlGjqSUGk8t25MPRxO,"Berlioz: Symphonie fantastique & Lélio, ou Le retour à la vie (Live)",967266,spotify:track:6lfitJZ05vZQkH9xD4ZcEd
2019-02-01T06:57:40Z,2PSIppSTuOSHofKOdbHMeA,"Symphonie fantastique, Op. 14, H. 48: IV. Marche au supplice (Live)","11T8SOX82xraocZzUXzkvM, 7silW8RiEOoLBgAg5JBCL1, 6TD08jYeuN128P2MZTbc8E","Hector Berlioz, Riccardo Muti, Chicago Symphony Orchestra",5bSbPlGjqSUGk8t25MPRxO,"Berlioz: Symphonie fantastique & Lélio, ou Le retour à la vie (Live)",400493,spotify:track:2PSIppSTuOSHofKOdbHMeA
2019-02-01T06:57:40Z,3eN4mjWkBxvrLwTQfECOg5,"Symphonie fantastique, Op. 14, H. 48: V. Songe d’une nuit de sabbat (Live)","11T8SOX82xraocZzUXzkvM, 7silW8RiEOoLBgAg5JBCL1, 6TD08jYeuN128P2MZTbc8E","Hector Berlioz, Riccardo Muti, Chicago Symphony Orchestra",5bSbPlGjqSUGk8t25MPRxO,"Berlioz: Symphonie fantastique & Lélio, ou Le retour à la vie (Live)",596400,spotify:track:3eN4mjWkBxvrLwTQfECOg5
2019-02-01T06:57:34Z,3UYMZva4dIH8kF7s2YcmMZ,"Symphony No. 2 in C Minor, WAB 102 (1872/77 Versions, Ed. Nowak): I. Moderato - Live","2bM3j1JQWBkmzuoZKu4zj2, 003f4bk13c6Q3gAUXv7dGJ, 7silW8RiEOoLBgAg5JBCL1","Anton Bruckner, Wiener Philharmoniker, Riccardo Muti",0h03l6ZT6qNoejJsOxjjWm,"Bruckner: Symphony No.2 In C Minor, WAB 102 / R. Strauss: Der Bürger als Edelmann, Orchestral Suite, Op.60b-IIIa, TrV 228c (Live)",1178640,spotify:track:3UYMZva4dIH8kF7s2YcmMZ
2019-02-01T06:57:34Z,3qlJ0CdxODZGRB7tAKLQE8,"Symphony No. 2 in C Minor, WAB 102 (1872/77 Versions, Ed. Nowak): II. Andante. Feierlich, etwas bewegt - Live","2bM3j1JQWBkmzuoZKu4zj2, 003f4bk13c6Q3gAUXv7dGJ, 7silW8RiEOoLBgAg5JBCL1","Anton Bruckner, Wiener Philharmoniker, Riccardo Muti",0h03l6ZT6qNoejJsOxjjWm,"Bruckner: Symphony No.2 In C Minor, WAB 102 / R. Strauss: Der Bürger als Edelmann, Orchestral Suite, Op.60b-IIIa, TrV 228c (Live)",909160,spotify:track:3qlJ0CdxODZGRB7tAKLQE8
2019-02-01T06:57:34Z,7rFFWQVwoRu1LqUA1ll17D,"Symphony No. 2 in C Minor, WAB 102 (1872/77 Versions, Ed. Nowak): III. Scherzo. Mässig schnell - Live","2bM3j1JQWBkmzuoZKu4zj2, 003f4bk13c6Q3gAUXv7dGJ, 7silW8RiEOoLBgAg5JBCL1","Anton Bruckner, Wiener Philharmoniker, Riccardo Muti",0h03l6ZT6qNoejJsOxjjWm,"Bruckner: Symphony No.2 In C Minor, WAB 102 / R. Strauss: Der Bürger als Edelmann, Orchestral Suite, Op.60b-IIIa, TrV 228c (Live)",417280,spotify:track:7rFFWQVwoRu1LqUA1ll17D
2019-02-01T06:57:34Z,14COIzjYKjdnpMpbf9aVia,"Symphony No. 2 in C Minor, WAB 102 (1872/77 Versions, Ed. Nowak): IV. Finale. Mehr schnell - Live","2bM3j1JQWBkmzuoZKu4zj2, 003f4bk13c6Q3gAUXv7dGJ, 7silW8RiEOoLBgAg5JBCL1","Anton Bruckner, Wiener Philharmoniker, Riccardo Muti",0h03l6ZT6qNoejJsOxjjWm,"Bruckner: Symphony No.2 In C Minor, WAB 102 / R. Strauss: Der Bürger als Edelmann, Orchestral Suite, Op.60b-IIIa, TrV 228c (Live)",1256440,spotify:track:14COIzjYKjdnpMpbf9aVia
2019-02-01T06:53:53Z,7o4QDgTxIq7Tq5jjEjzvE4,Child's Anthem,0PFtn5NtBbbUNbU9EAmIWF,TOTO,1mnu4hYvdwQgZXcNvtJ3D3,Toto,165233,spotify:track:7o4QDgTxIq7Tq5jjEjzvE4
2019-02-01T06:53:53Z,4aVuWgvD0X63hcOCnZtNFA,Hold the Line,0PFtn5NtBbbUNbU9EAmIWF,TOTO,1mnu4hYvdwQgZXcNvtJ3D3,Toto,235552,spotify:track:4aVuWgvD0X63hcOCnZtNFA
2019-02-01T06:52:24Z,4p0Yp2fnqydGVEgIE2p60X,Fanshawe,0d1j4VJ7gzAJaDslzmjTF0,El Ten Eleven,6bv070I2PgzwGLgYGBxaJW,El Ten Eleven,312000,spotify:track:4p0Yp2fnqydGVEgIE2p60X
2019-02-01T06:49:39Z,7munymFHdfpg7OLWMiXpvg,ここには何もかもがあるし、何もかもがない,0rpKM0MniNkXM1SLSglYUZ,toe,6I6y9F6LgWdE1RRJ4wrhz5,For Long Tomorrow,39373,spotify:track:7munymFHdfpg7OLWMiXpvg
2019-02-01T06:49:39Z,6oizQF5e0LspKp3I8AM3Ny,ショウシツ点よ笛,0rpKM0MniNkXM1SLSglYUZ,toe,6I6y9F6LgWdE1RRJ4wrhz5,For Long Tomorrow,159800,spotify:track:6oizQF5e0LspKp3I8AM3Ny
2019-02-01T06:49:39Z,1jQOuNwdefZ5Cx67jqwUyO,after image,0rpKM0MniNkXM1SLSglYUZ,toe,6I6y9F6LgWdE1RRJ4wrhz5,For Long Tomorrow,239240,spotify:track:1jQOuNwdefZ5Cx67jqwUyO
2019-02-01T06:49:39Z,2B0gAdzeFVDLpgmwQjgazu,エソテリック,0rpKM0MniNkXM1SLSglYUZ,toe,6I6y9F6LgWdE1RRJ4wrhz5,For Long Tomorrow,254933,spotify:track:2B0gAdzeFVDLpgmwQjgazu
2019-02-01T06:49:39Z,1NvmuqC1xyx5T8xJJRs8rD,say it ain't so,0rpKM0MniNkXM1SLSglYUZ,toe,6I6y9F6LgWdE1RRJ4wrhz5,For Long Tomorrow,222320,spotify:track:1NvmuqC1xyx5T8xJJRs8rD
2019-02-01T06:49:39Z,7MVKHRP4zBEHpYI2ce81Gj,モスキートンはもう聞こえない#1,0rpKM0MniNkXM1SLSglYUZ,toe,6I6y9F6LgWdE1RRJ4wrhz5,For Long Tomorrow,151520,spotify:track:7MVKHRP4zBEHpYI2ce81Gj
2019-02-01T06:49:39Z,7wY4Q5xH36mFdN4xAQ5Vyd,モスキートンはもう聞こえない#2,0rpKM0MniNkXM1SLSglYUZ,toe,6I6y9F6LgWdE1RRJ4wrhz5,For Long Tomorrow,139560,spotify:track:7wY4Q5xH36mFdN4xAQ5Vyd
2019-02-01T06:49:39Z,2NVqQ8UEme16wqjieSf5AC,ラストナイト -album version-,0rpKM0MniNkXM1SLSglYUZ,toe,6I6y9F6LgWdE1RRJ4wrhz5,For Long Tomorrow,296413,spotify:track:2NVqQ8UEme16wqjieSf5AC
2019-02-01T06:49:39Z,1qb5VMA5dMZKJQYRHRPKo4,グッドバイ -album version-,0rpKM0MniNkXM1SLSglYUZ,toe,6I6y9F6LgWdE1RRJ4wrhz5,For Long Tomorrow,425533,spotify:track:1qb5VMA5dMZKJQYRHRPKo4
2019-02-01T06:49:39Z,6dIajY2Paav0CYC2r9mJPG,you go,0rpKM0MniNkXM1SLSglYUZ,toe,6I6y9F6LgWdE1RRJ4wrhz5,For Long Tomorrow,215053,spotify:track:6dIajY2Paav0CYC2r9mJPG
2019-02-01T06:49:39Z,7stlZCrdXAtduXhfO5Knm4,our next movement,0rpKM0MniNkXM1SLSglYUZ,toe,6I6y9F6LgWdE1RRJ4wrhz5,For Long Tomorrow,287626,spotify:track:7stlZCrdXAtduXhfO5Knm4
2019-02-01T06:49:39Z,5zYwcPb7VnNeHh3rQIGqXu,long tomorrow,0rpKM0MniNkXM1SLSglYUZ,toe,6I6y9F6LgWdE1RRJ4wrhz5,For Long Tomorrow,318373,spotify:track:5zYwcPb7VnNeHh3rQIGqXu
2019-02-01T06:45:10Z,31FW5GrZ0vHUE0zk9eTwFV,La valse d'Amélie - Version orchestre [Live],00sazWvoTLOqg5MFwC68Um,Yann Tiersen,1wJ0B0p7rZPjsDSH8giQBC,C'était ici,125133,spotify:track:31FW5GrZ0vHUE0zk9eTwFV
2019-02-01T06:45:10Z,0ifFwGXkfRdsjvpPfFVI7y,C'était ici - Live,00sazWvoTLOqg5MFwC68Um,Yann Tiersen,1wJ0B0p7rZPjsDSH8giQBC,C'était ici,113000,spotify:track:0ifFwGXkfRdsjvpPfFVI7y
2019-02-01T06:45:10Z,1yxLYB9AcnfK97iXc1IbVa,Rue des cascades - Live,2zh5hJiZRYyANZL2gwhY9i,Claire Pichet,1wJ0B0p7rZPjsDSH8giQBC,C'était ici,341466,spotify:track:1yxLYB9AcnfK97iXc1IbVa
2019-02-01T06:45:10Z,4Gy8ZVNcjz1zb68TfkHdDM,Comptine d'un autre été l'après midi - Live,00sazWvoTLOqg5MFwC68Um,Yann Tiersen,1wJ0B0p7rZPjsDSH8giQBC,C'était ici,144373,spotify:track:4Gy8ZVNcjz1zb68TfkHdDM
2019-02-01T06:45:01Z,5MmJeN3kbqLsj6NAaHlzST,The Neighbourhood,00sazWvoTLOqg5MFwC68Um,Yann Tiersen,1OsUYNboiLzp9tPvUEtUMQ,The Lighthouse / Everything's Calm,120986,spotify:track:5MmJeN3kbqLsj6NAaHlzST
2019-02-01T06:45:01Z,53ce9JjEthqjHb9fPtfDPx,Break Up,"00sazWvoTLOqg5MFwC68Um, 2zh5hJiZRYyANZL2gwhY9i","Yann Tiersen, Claire Pichet",1OsUYNboiLzp9tPvUEtUMQ,The Lighthouse / Everything's Calm,169413,spotify:track:53ce9JjEthqjHb9fPtfDPx
2019-02-01T06:45:01Z,0Hc9xuuW9kKeumXr4BqZCx,Monochrome,"00sazWvoTLOqg5MFwC68Um, 6IoS9ojtxKCL1tW5VL1buI","Yann Tiersen, Dominique A",1OsUYNboiLzp9tPvUEtUMQ,The Lighthouse / Everything's Calm,196266,spotify:track:0Hc9xuuW9kKeumXr4BqZCx
2019-02-01T06:45:01Z,1VKCftVoIrdhTstEs1eL7X,Dispute,00sazWvoTLOqg5MFwC68Um,Yann Tiersen,1OsUYNboiLzp9tPvUEtUMQ,The Lighthouse / Everything's Calm,254813,spotify:track:1VKCftVoIrdhTstEs1eL7X
2019-02-01T06:45:01Z,7D1K2dbK4Z1d9c2Ad02mQo,Arrival On the Island,00sazWvoTLOqg5MFwC68Um,Yann Tiersen,1OsUYNboiLzp9tPvUEtUMQ,The Lighthouse / Everything's Calm,63746,spotify:track:7D1K2dbK4Z1d9c2Ad02mQo
2019-02-01T06:45:01Z,58UM90aExtqudDyX5kPyBZ,The Drowned Girl,00sazWvoTLOqg5MFwC68Um,Yann Tiersen,1OsUYNboiLzp9tPvUEtUMQ,The Lighthouse / Everything's Calm,143533,spotify:track:58UM90aExtqudDyX5kPyBZ
2019-02-01T06:45:01Z,2mzSJcbuOrGcvKtOtPNmmk,The Fromveur,00sazWvoTLOqg5MFwC68Um,Yann Tiersen,1OsUYNboiLzp9tPvUEtUMQ,The Lighthouse / Everything's Calm,80573,spotify:track:2mzSJcbuOrGcvKtOtPNmmk
2019-02-01T06:45:01Z,0ymgcxEBvbYH4Gdxp1AxYb,The Man With Hanging Arms,00sazWvoTLOqg5MFwC68Um,Yann Tiersen,1OsUYNboiLzp9tPvUEtUMQ,The Lighthouse / Everything's Calm,306520,spotify:track:0ymgcxEBvbYH4Gdxp1AxYb
2019-02-01T06:45:01Z,4iBqyTpsAyH2Lp1d8cH7zM,On the Wire,00sazWvoTLOqg5MFwC68Um,Yann Tiersen,1OsUYNboiLzp9tPvUEtUMQ,The Lighthouse / Everything's Calm,448493,spotify:track:4iBqyTpsAyH2Lp1d8cH7zM
2019-02-01T06:45:01Z,3hx0YmqGm0mPhNNJdKa8wW,Happy Days,00sazWvoTLOqg5MFwC68Um,Yann Tiersen,1OsUYNboiLzp9tPvUEtUMQ,The Lighthouse / Everything's Calm,130160,spotify:track:3hx0YmqGm0mPhNNJdKa8wW
2019-02-01T06:45:01Z,7Fjupeljlq4DawDW0Y6B2g,The Crisis,00sazWvoTLOqg5MFwC68Um,Yann Tiersen,1OsUYNboiLzp9tPvUEtUMQ,The Lighthouse / Everything's Calm,97666,spotify:track:7Fjupeljlq4DawDW0Y6B2g
2019-02-01T06:45:01Z,5avwF1gTlJyhg02hiAGF1r,Les Bras de Mer,"00sazWvoTLOqg5MFwC68Um, 6IoS9ojtxKCL1tW5VL1buI","Yann Tiersen, Dominique A",1OsUYNboiLzp9tPvUEtUMQ,The Lighthouse / Everything's Calm,188626,spotify:track:5avwF1gTlJyhg02hiAGF1r
2019-02-01T06:45:01Z,6M6AyLEjzVGHoOwkjntAMI,The Fall,00sazWvoTLOqg5MFwC68Um,Yann Tiersen,1OsUYNboiLzp9tPvUEtUMQ,The Lighthouse / Everything's Calm,348813,spotify:track:6M6AyLEjzVGHoOwkjntAMI
2019-02-01T06:45:01Z,0Oy4pZHTn9ZRUWuY7HDwMC,Collapsing,00sazWvoTLOqg5MFwC68Um,Yann Tiersen,1OsUYNboiLzp9tPvUEtUMQ,The Lighthouse / Everything's Calm,93213,spotify:track:0Oy4pZHTn9ZRUWuY7HDwMC
2019-02-01T06:45:01Z,60sIsdakqVkJtoUbtJeHhs,Further South,00sazWvoTLOqg5MFwC68Um,Yann Tiersen,1OsUYNboiLzp9tPvUEtUMQ,The Lighthouse / Everything's Calm,182400,spotify:track:60sIsdakqVkJtoUbtJeHhs
2019-02-01T06:45:01Z,5qIM3xq45qrBR1fWuyHaN6,Les grandes marées,00sazWvoTLOqg5MFwC68Um,Yann Tiersen,1OsUYNboiLzp9tPvUEtUMQ,The Lighthouse / Everything's Calm,218573,spotify:track:5qIM3xq45qrBR1fWuyHaN6
2019-02-01T06:45:01Z,5jUpq3zbJcS5bGzqCNBYtr,The Seizure,00sazWvoTLOqg5MFwC68Um,Yann Tiersen,1OsUYNboiLzp9tPvUEtUMQ,The Lighthouse / Everything's Calm,145493,spotify:track:5jUpq3zbJcS5bGzqCNBYtr
2019-02-01T06:45:01Z,1qxIhkUwG2IkO04ScMgu5d,Everything's Calm,00sazWvoTLOqg5MFwC68Um,Yann Tiersen,1OsUYNboiLzp9tPvUEtUMQ,The Lighthouse / Everything's Calm,196840,spotify:track:1qxIhkUwG2IkO04ScMgu5d
2019-02-01T06:45:01Z,6efBsqCABXp8NVg69D8EDO,"Break Up - Vocals, Piano, Leslie Melodica, Guitar","00sazWvoTLOqg5MFwC68Um, 2zh5hJiZRYyANZL2gwhY9i","Yann Tiersen, Claire Pichet",1OsUYNboiLzp9tPvUEtUMQ,The Lighthouse / Everything's Calm,153533,spotify:track:6efBsqCABXp8NVg69D8EDO
2019-02-01T06:45:01Z,7a2xfGMoPhuptEbDvX2yr4,La relève,00sazWvoTLOqg5MFwC68Um,Yann Tiersen,1OsUYNboiLzp9tPvUEtUMQ,The Lighthouse / Everything's Calm,86626,spotify:track:7a2xfGMoPhuptEbDvX2yr4
2019-02-01T06:45:01Z,2QFnsg233fteo3BP2R5fvX,The Pharmacy,00sazWvoTLOqg5MFwC68Um,Yann Tiersen,1OsUYNboiLzp9tPvUEtUMQ,The Lighthouse / Everything's Calm,168106,spotify:track:2QFnsg233fteo3BP2R5fvX
2019-02-01T06:45:01Z,2ZKggGKuhq7YeOaYrdQWzx,The Terrace,00sazWvoTLOqg5MFwC68Um,Yann Tiersen,1OsUYNboiLzp9tPvUEtUMQ,The Lighthouse / Everything's Calm,175360,spotify:track:2ZKggGKuhq7YeOaYrdQWzx
2019-02-01T06:45:01Z,49UleILiR7ti4n8TVM48dz,The Stand of the Tide,00sazWvoTLOqg5MFwC68Um,Yann Tiersen,1OsUYNboiLzp9tPvUEtUMQ,The Lighthouse / Everything's Calm,114266,spotify:track:49UleILiR7ti4n8TVM48dz
2019-02-01T06:45:01Z,7EMBeaMJhzShKhlL0SCQMx,The Discovery,00sazWvoTLOqg5MFwC68Um,Yann Tiersen,1OsUYNboiLzp9tPvUEtUMQ,The Lighthouse / Everything's Calm,133466,spotify:track:7EMBeaMJhzShKhlL0SCQMx
2019-02-01T06:43:27Z,3MxUDEw31beZO6uol0Hca4,Music For A Found Harmonium,6rAZ6OYwAXqykSlPxqGy8E,Penguin Cafe Orchestra,3X09Qtfb6CNTLhV0JUrDWc,"Preludes, Airs And Yodels (A Penguin Cafe Primer)",219693,spotify:track:3MxUDEw31beZO6uol0Hca4
2019-02-01T06:43:27Z,1MIwRUsj23h7cYn6mNiqHw,Perpetuum Mobile,6rAZ6OYwAXqykSlPxqGy8E,Penguin Cafe Orchestra,3X09Qtfb6CNTLhV0JUrDWc,"Preludes, Airs And Yodels (A Penguin Cafe Primer)",269800,spotify:track:1MIwRUsj23h7cYn6mNiqHw
2019-02-01T06:43:27Z,5AyhkdOi76LEH0iW0cPp6J,Penguin Cafe Single,6rAZ6OYwAXqykSlPxqGy8E,Penguin Cafe Orchestra,3X09Qtfb6CNTLhV0JUrDWc,"Preludes, Airs And Yodels (A Penguin Cafe Primer)",375466,spotify:track:5AyhkdOi76LEH0iW0cPp6J
2019-02-01T06:43:27Z,6ruEAU8zYcDoFQaGYUKfPH,Air,6rAZ6OYwAXqykSlPxqGy8E,Penguin Cafe Orchestra,3X09Qtfb6CNTLhV0JUrDWc,"Preludes, Airs And Yodels (A Penguin Cafe Primer)",260506,spotify:track:6ruEAU8zYcDoFQaGYUKfPH
2019-02-01T06:43:27Z,5hZEcoqQBmDoOJIObPYnk0,Telephone & Rubber Band,6rAZ6OYwAXqykSlPxqGy8E,Penguin Cafe Orchestra,3X09Qtfb6CNTLhV0JUrDWc,"Preludes, Airs And Yodels (A Penguin Cafe Primer)",152493,spotify:track:5hZEcoqQBmDoOJIObPYnk0
2019-02-01T06:43:27Z,3xOIq1yBsOQ1QWDITkCxsg,Dirt,6rAZ6OYwAXqykSlPxqGy8E,Penguin Cafe Orchestra,3X09Qtfb6CNTLhV0JUrDWc,"Preludes, Airs And Yodels (A Penguin Cafe Primer)",289733,spotify:track:3xOIq1yBsOQ1QWDITkCxsg
2019-02-01T06:43:27Z,6GkqL73WazQQgZJiN6vadF,Zopf: Giles Farnaby's Dream,6rAZ6OYwAXqykSlPxqGy8E,Penguin Cafe Orchestra,3X09Qtfb6CNTLhV0JUrDWc,"Preludes, Airs And Yodels (A Penguin Cafe Primer)",138373,spotify:track:6GkqL73WazQQgZJiN6vadF
2019-02-01T06:43:27Z,3y2Hurk0o8XwPQHd1PVhbD,Oscar Tango,6rAZ6OYwAXqykSlPxqGy8E,Penguin Cafe Orchestra,3X09Qtfb6CNTLhV0JUrDWc,"Preludes, Airs And Yodels (A Penguin Cafe Primer)",190493,spotify:track:3y2Hurk0o8XwPQHd1PVhbD
2019-02-01T06:43:27Z,0IUzIl53w5sYSy8OMK2MXu,Rosasolis,6rAZ6OYwAXqykSlPxqGy8E,Penguin Cafe Orchestra,3X09Qtfb6CNTLhV0JUrDWc,"Preludes, Airs And Yodels (A Penguin Cafe Primer)",254600,spotify:track:0IUzIl53w5sYSy8OMK2MXu
2019-02-01T06:43:27Z,5a3YQVyIr8UUxe9vLTtADh,Air A Danser,6rAZ6OYwAXqykSlPxqGy8E,Penguin Cafe Orchestra,3X09Qtfb6CNTLhV0JUrDWc,"Preludes, Airs And Yodels (A Penguin Cafe Primer)",270233,spotify:track:5a3YQVyIr8UUxe9vLTtADh
2019-02-01T06:43:27Z,5vKaYFrSdHcFYsSz9gaDQg,Music For A Found Harmonium,6dEsbh3jq2v9kjY7X1pbWp,Patrick Street,3X09Qtfb6CNTLhV0JUrDWc,"Preludes, Airs And Yodels (A Penguin Cafe Primer)",163573,spotify:track:5vKaYFrSdHcFYsSz9gaDQg
2019-02-01T06:43:27Z,54lEtoJF7cOkJb5Nunpv83,Yodel 3,6rAZ6OYwAXqykSlPxqGy8E,Penguin Cafe Orchestra,3X09Qtfb6CNTLhV0JUrDWc,"Preludes, Airs And Yodels (A Penguin Cafe Primer)",204826,spotify:track:54lEtoJF7cOkJb5Nunpv83
2019-02-01T06:43:27Z,5yi7wYCXSltNUPQEKlERti,White Mischief,6rAZ6OYwAXqykSlPxqGy8E,Penguin Cafe Orchestra,3X09Qtfb6CNTLhV0JUrDWc,"Preludes, Airs And Yodels (A Penguin Cafe Primer)",349533,spotify:track:5yi7wYCXSltNUPQEKlERti
2019-02-01T06:43:27Z,5lYkEZAhUXC4Y6ssjVshhD,Prelude And Yodel,6rAZ6OYwAXqykSlPxqGy8E,Penguin Cafe Orchestra,3X09Qtfb6CNTLhV0JUrDWc,"Preludes, Airs And Yodels (A Penguin Cafe Primer)",230400,spotify:track:5lYkEZAhUXC4Y6ssjVshhD
2019-02-01T06:43:27Z,4eEsvIkbqf57V03jen1xOC,Harmonic Necklace,6rAZ6OYwAXqykSlPxqGy8E,Penguin Cafe Orchestra,3X09Qtfb6CNTLhV0JUrDWc,"Preludes, Airs And Yodels (A Penguin Cafe Primer)",72733,spotify:track:4eEsvIkbqf57V03jen1xOC
2019-02-01T06:43:27Z,2Jnm9k3OLj1D315tLY0lWh,Steady State,6rAZ6OYwAXqykSlPxqGy8E,Penguin Cafe Orchestra,3X09Qtfb6CNTLhV0JUrDWc,"Preludes, Airs And Yodels (A Penguin Cafe Primer)",219800,spotify:track:2Jnm9k3OLj1D315tLY0lWh
2019-02-01T06:43:27Z,5EBrCJnNPoJxdFDCkesd9E,Nothing Really Blue,6rAZ6OYwAXqykSlPxqGy8E,Penguin Cafe Orchestra,3X09Qtfb6CNTLhV0JUrDWc,"Preludes, Airs And Yodels (A Penguin Cafe Primer)",305640,spotify:track:5EBrCJnNPoJxdFDCkesd9E
2019-02-01T06:43:27Z,13f4Hxbkwg6ZupCE46u76J,Pandaharmonium,5HAtRoEPUvGSA7ziTGB1cF,The Orb,3X09Qtfb6CNTLhV0JUrDWc,"Preludes, Airs And Yodels (A Penguin Cafe Primer)",329066,spotify:track:13f4Hxbkwg6ZupCE46u76J
2019-02-01T06:43:27Z,2qVYWCDu8vkhP2R5ofMHAG,Piano Music,6rAZ6OYwAXqykSlPxqGy8E,Penguin Cafe Orchestra,3X09Qtfb6CNTLhV0JUrDWc,"Preludes, Airs And Yodels (A Penguin Cafe Primer)",114266,spotify:track:2qVYWCDu8vkhP2R5ofMHAG
2019-02-01T06:42:38Z,4XKUhcxRM6Qnos3HgtkOBo,Nasty,"4vGrte8FDu062Ntj0RsPiZ, 4fsZkYcSEUEvZK2tEjzrVY","Polyphia, Jason Richardson",1JYk1k73qSbXCCCciopZH7,New Levels New Devils,280314,spotify:track:4XKUhcxRM6Qnos3HgtkOBo
2019-02-01T06:42:38Z,0cOK5HQ7XegQnGfy16ujrU,O.D.,4vGrte8FDu062Ntj0RsPiZ,Polyphia,1JYk1k73qSbXCCCciopZH7,New Levels New Devils,202163,spotify:track:0cOK5HQ7XegQnGfy16ujrU
2019-02-01T06:42:38Z,6VcimclPSNITdEnc6gZGNQ,Saucy,4vGrte8FDu062Ntj0RsPiZ,Polyphia,1JYk1k73qSbXCCCciopZH7,New Levels New Devils,184659,spotify:track:6VcimclPSNITdEnc6gZGNQ
2019-02-01T06:42:38Z,0maCwhZTO3PybhSiQcsjAf,G.O.A.T.,4vGrte8FDu062Ntj0RsPiZ,Polyphia,1JYk1k73qSbXCCCciopZH7,New Levels New Devils,215998,spotify:track:0maCwhZTO3PybhSiQcsjAf
2019-02-01T06:40:01Z,7w9XJJe0Ul4dUB8iG90qO9,Kagerou Railway,3psbiQHjdvu2Fs87tKCjkt,Hyakkei,3zzsGgwoe2glAcV39brDBG,Toku Wo Tsunagu Mono,340253,spotify:track:7w9XJJe0Ul4dUB8iG90qO9
2019-02-01T06:40:01Z,6enbeRAVqRcUNIpjZCy5g1,Memories Of The Sky,3psbiQHjdvu2Fs87tKCjkt,Hyakkei,3zzsGgwoe2glAcV39brDBG,Toku Wo Tsunagu Mono,350986,spotify:track:6enbeRAVqRcUNIpjZCy5g1
2019-02-01T06:40:01Z,1reRoNNMWSbGAgoNqCdGbt,Feedback In The Remotelight,3psbiQHjdvu2Fs87tKCjkt,Hyakkei,3zzsGgwoe2glAcV39brDBG,Toku Wo Tsunagu Mono,385213,spotify:track:1reRoNNMWSbGAgoNqCdGbt
2019-02-01T06:40:01Z,5N3MO4bdzIls2DFM9G3BJf,Pavement Along The Ginkgo Trees,3psbiQHjdvu2Fs87tKCjkt,Hyakkei,3zzsGgwoe2glAcV39brDBG,Toku Wo Tsunagu Mono,429106,spotify:track:5N3MO4bdzIls2DFM9G3BJf
2019-02-01T06:40:01Z,09WuhyEV5IY8enHSFJHhp2,Seven-Color Song,3psbiQHjdvu2Fs87tKCjkt,Hyakkei,3zzsGgwoe2glAcV39brDBG,Toku Wo Tsunagu Mono,371853,spotify:track:09WuhyEV5IY8enHSFJHhp2
2019-02-01T06:39:07Z,3bHhUEOTIbezeZ856R0BX5,Society,0mXTJETA4XUa12MmmXxZJh,Eddie Vedder,13xlpKbai3GGoMSr75lOeX,Into The Wild (Music For The Motion Picture),236306,spotify:track:3bHhUEOTIbezeZ856R0BX5
2019-02-01T06:38:51Z,3QHThjKGMW7y89xIEvB0J4,So Far Away - Full Version,0WwSkZ7LtFUFjGjMZBMt6T,Dire Straits,15J400U0rEpgE64UQgtvLs,Brothers In Arms,308800,spotify:track:3QHThjKGMW7y89xIEvB0J4
2019-02-01T06:38:51Z,0CzeAbfKFnxnWjwo5iYiCG,Brothers In Arms,0WwSkZ7LtFUFjGjMZBMt6T,Dire Straits,15J400U0rEpgE64UQgtvLs,Brothers In Arms,424000,spotify:track:0CzeAbfKFnxnWjwo5iYiCG
2019-02-01T06:38:46Z,4ZSDreApKOo6eQYFx9qXfD,Tunnel Of Love,0WwSkZ7LtFUFjGjMZBMt6T,Dire Straits,3wvclpO3LJmpSQGQ9gBa2a,Making Movies,489506,spotify:track:4ZSDreApKOo6eQYFx9qXfD
2019-02-01T06:38:46Z,0PNt5WTw092eED0ru9SuIp,Romeo And Juliet,0WwSkZ7LtFUFjGjMZBMt6T,Dire Straits,3wvclpO3LJmpSQGQ9gBa2a,Making Movies,360666,spotify:track:0PNt5WTw092eED0ru9SuIp
2019-02-01T06:37:18Z,4RaxnzmTN4bojbbEYtvXjk,The Ghost of Tom Joad,3eqjTLE0HfPfh78zjh6TqT,Bruce Springsteen,5TmwoxCapHJLw5cdnQupAl,The Ghost Of Tom Joad,266705,spotify:track:4RaxnzmTN4bojbbEYtvXjk
2019-02-01T06:36:35Z,3nn3es1MQh4KclhTpTTtwm,A Call to Arms,6pmxr66tMAePxzOLfjGNcX,Beirut,0MhyPFZNeRRP0ian13SOTp,The Flying Club Cup,18493,spotify:track:3nn3es1MQh4KclhTpTTtwm
2019-02-01T06:36:35Z,4JvclO8lNugobD1afavcYS,Nantes,6pmxr66tMAePxzOLfjGNcX,Beirut,0MhyPFZNeRRP0ian13SOTp,The Flying Club Cup,230200,spotify:track:4JvclO8lNugobD1afavcYS
2019-02-01T06:36:35Z,6P0ll8fF56bDSnrQ4XS86p,A Sunday Smile,6pmxr66tMAePxzOLfjGNcX,Beirut,0MhyPFZNeRRP0ian13SOTp,The Flying Club Cup,215573,spotify:track:6P0ll8fF56bDSnrQ4XS86p
2019-02-01T06:36:35Z,40B1lBYCPGFmVXlrfmRKKh,The Flying Club Cup,6pmxr66tMAePxzOLfjGNcX,Beirut,0MhyPFZNeRRP0ian13SOTp,The Flying Club Cup,185280,spotify:track:40B1lBYCPGFmVXlrfmRKKh
2019-01-29T21:29:03Z,5eReKc1D8ZQAg9kzQeHRdH,One,6kACVPfCOnqzgfEF5ryl0x,Johnny Cash,2zCyI9fuV5JrQzrO3kMwbw,American III: Solitary Man,231866,spotify:track:5eReKc1D8ZQAg9kzQeHRdH
2019-01-29T10:57:13Z,1ZvrVaRpI1XYCmj8mPEA2R,New Leaf,4B24vIGjSTlPd5bzWnwKJV,Desert Vows,4JEFCg0w03Hwzpn1zszkbe,"Long Time, No See",205333,spotify:track:1ZvrVaRpI1XYCmj8mPEA2R
2019-01-29T10:57:13Z,1ARMOUgdJYlXabIHhH67Aq,Lagoon,4B24vIGjSTlPd5bzWnwKJV,Desert Vows,4JEFCg0w03Hwzpn1zszkbe,"Long Time, No See",300800,spotify:track:1ARMOUgdJYlXabIHhH67Aq
2019-01-29T10:57:13Z,1UEs3yDOr9ACUV8XGAW49H,Miyazaki Frontier,4B24vIGjSTlPd5bzWnwKJV,Desert Vows,4JEFCg0w03Hwzpn1zszkbe,"Long Time, No See",292222,spotify:track:1UEs3yDOr9ACUV8XGAW49H
2019-01-29T10:57:13Z,5cKGc6q5pmXU0DU9ktppA5,Midnight Floater,4B24vIGjSTlPd5bzWnwKJV,Desert Vows,4JEFCg0w03Hwzpn1zszkbe,"Long Time, No See",270000,spotify:track:5cKGc6q5pmXU0DU9ktppA5
2019-01-29T10:57:13Z,6VWAamgyceKcQBPHNoi4GN,4:47am,4B24vIGjSTlPd5bzWnwKJV,Desert Vows,4JEFCg0w03Hwzpn1zszkbe,"Long Time, No See",96000,spotify:track:6VWAamgyceKcQBPHNoi4GN
2019-01-29T10:57:13Z,2HlnHNjlYWP5HLgp69T3tw,Koriko,4B24vIGjSTlPd5bzWnwKJV,Desert Vows,4JEFCg0w03Hwzpn1zszkbe,"Long Time, No See",265846,spotify:track:2HlnHNjlYWP5HLgp69T3tw
2019-01-29T10:57:13Z,2rayNu15ck238i0lOr8eUS,Standing Under Broken Falls,4B24vIGjSTlPd5bzWnwKJV,Desert Vows,4JEFCg0w03Hwzpn1zszkbe,"Long Time, No See",236400,spotify:track:2rayNu15ck238i0lOr8eUS
2019-01-29T10:57:13Z,1HuVeSqFT7hJW6KlhhDNnq,Templeinthedistance,4B24vIGjSTlPd5bzWnwKJV,Desert Vows,4JEFCg0w03Hwzpn1zszkbe,"Long Time, No See",74890,spotify:track:1HuVeSqFT7hJW6KlhhDNnq
2019-01-29T10:57:13Z,68IKZ91YNiZSsFUIulDdx3,Long Time / No See,4B24vIGjSTlPd5bzWnwKJV,Desert Vows,4JEFCg0w03Hwzpn1zszkbe,"Long Time, No See",509357,spotify:track:68IKZ91YNiZSsFUIulDdx3
2019-01-27T00:58:50Z,5G7A8a2e8qA0NPhuk8JNrU,Ordinary Man - Album Edit,0jRqFvRKCDryHOgrgFqsKG,Fools Garden,1l2SxZKUm1UH45qUqpLfYH,Dish Of The Day,210160,spotify:track:5G7A8a2e8qA0NPhuk8JNrU
2019-01-27T00:58:50Z,6joFnTgRYWdKRugNjbVS2d,Meanwhile - Album Edit,0jRqFvRKCDryHOgrgFqsKG,Fools Garden,1l2SxZKUm1UH45qUqpLfYH,Dish Of The Day,281373,spotify:track:6joFnTgRYWdKRugNjbVS2d
2019-01-27T00:58:50Z,4fXGWiVhlOLdhwRDP6pIFG,Lemon Tree,0jRqFvRKCDryHOgrgFqsKG,Fools Garden,1l2SxZKUm1UH45qUqpLfYH,Dish Of The Day,191026,spotify:track:4fXGWiVhlOLdhwRDP6pIFG
2019-01-27T00:58:50Z,5XoxICiBCApiyLXznfJcD9,Pieces - Album Edit,0jRqFvRKCDryHOgrgFqsKG,Fools Garden,1l2SxZKUm1UH45qUqpLfYH,Dish Of The Day,235200,spotify:track:5XoxICiBCApiyLXznfJcD9
2019-01-27T00:58:50Z,6BJa9oAnGKzeX7J4JaGrnD,Take Me - Album Edit,0jRqFvRKCDryHOgrgFqsKG,Fools Garden,1l2SxZKUm1UH45qUqpLfYH,Dish Of The Day,257573,spotify:track:6BJa9oAnGKzeX7J4JaGrnD
2019-01-27T00:58:50Z,7FiDTo5CImomp5Vhjx720o,Wild Days - Album Edit,0jRqFvRKCDryHOgrgFqsKG,Fools Garden,1l2SxZKUm1UH45qUqpLfYH,Dish Of The Day,226066,spotify:track:7FiDTo5CImomp5Vhjx720o
2019-01-27T00:58:50Z,08Ev2Nzko1JmO2GD4LRfXp,The Seal - Album Edit,0jRqFvRKCDryHOgrgFqsKG,Fools Garden,1l2SxZKUm1UH45qUqpLfYH,Dish Of The Day,262933,spotify:track:08Ev2Nzko1JmO2GD4LRfXp
2019-01-27T00:58:50Z,6gyo9yqVPpvRT8QORCIP9c,Autumn - Album Edit,0jRqFvRKCDryHOgrgFqsKG,Fools Garden,1l2SxZKUm1UH45qUqpLfYH,Dish Of The Day,223866,spotify:track:6gyo9yqVPpvRT8QORCIP9c
2019-01-27T00:58:50Z,3mX0lFNH6e3BdireGn1eGz,The Tocsin - Album Edit,0jRqFvRKCDryHOgrgFqsKG,Fools Garden,1l2SxZKUm1UH45qUqpLfYH,Dish Of The Day,170666,spotify:track:3mX0lFNH6e3BdireGn1eGz
2019-01-27T00:58:50Z,1xm7BNf4LXkVbJiEFSU2GN,One Fine Day - Album Edit,0jRqFvRKCDryHOgrgFqsKG,Fools Garden,1l2SxZKUm1UH45qUqpLfYH,Dish Of The Day,282055,spotify:track:1xm7BNf4LXkVbJiEFSU2GN
2019-01-26T18:16:14Z,3wcnWZU7iLFh3H2XD3voPU,Ten Thousand Feet,3iCJOi5YKh247eutgCyLFe,I See Stars,0ofEcqNFO5GCb9mYwGbOXL,New Demons,344186,spotify:track:3wcnWZU7iLFh3H2XD3voPU
2019-01-23T08:56:06Z,4dnC4CojiXNTipgNzrxmbw,Melody Noir,7bPs6jf983f0bjRAt1yxDM,Patrick Watson,4sr42YNi8QM5Ff3fE7wgfb,Melody Noir,194000,spotify:track:4dnC4CojiXNTipgNzrxmbw
2019-01-22T00:54:23Z,0SOhJRNmG9KObwMjkYNZQw,Le Jour d'avant - Live,00sazWvoTLOqg5MFwC68Um,Yann Tiersen,1wJ0B0p7rZPjsDSH8giQBC,C'était ici,259760,spotify:track:0SOhJRNmG9KObwMjkYNZQw
2019-01-18T01:23:26Z,5kl4Y5XymsUCl98GM7dgab,Albinoni: Adagio in G Minor,"17OArJzEhRR3OmhtGcnfBq, 6NUhQz7eAEsZvjEHTKHux9, 77CaCn32H4mOMQA7UElzfF","Tomaso Albinoni, Sir Neville Marriner, Academy of St. Martin in the Fields",2entznF0FUMgl5m5Q813BW,Baroque Masterpieces,353360,spotify:track:5kl4Y5XymsUCl98GM7dgab
2019-01-17T17:02:10Z,19HjHUjCfDrEYhVSIKG6nK,I'd Love to Change the World - 2004 Remaster,7nkLRaWHImCvWGHdNGnhVE,Ten Years After,6C2AlxVFIfvLsuWOJB1UKo,A Space in Time (Deluxe Version),224133,spotify:track:19HjHUjCfDrEYhVSIKG6nK
2019-01-13T00:25:39Z,06TOkR7dO7PLwhToEMB48x,Drunk,1uvnDqn7UvVy6orSq1E2YF,Sungazer,7t3tjDBKgP7xLYfYeXpZ9X,"Sungazer, Vol. 2",206828,spotify:track:06TOkR7dO7PLwhToEMB48x
2019-01-13T00:25:39Z,1tL7zZZ7rtFRxqL7dcCZ6B,Bird on the Wing,1uvnDqn7UvVy6orSq1E2YF,Sungazer,7t3tjDBKgP7xLYfYeXpZ9X,"Sungazer, Vol. 2",236914,spotify:track:1tL7zZZ7rtFRxqL7dcCZ6B
2019-01-13T00:25:39Z,7Fo9xWWgosKG0YJ12PD4nO,Ostinato,1uvnDqn7UvVy6orSq1E2YF,Sungazer,7t3tjDBKgP7xLYfYeXpZ9X,"Sungazer, Vol. 2",158750,spotify:track:7Fo9xWWgosKG0YJ12PD4nO
2019-01-13T00:25:39Z,0Zc8pIqm3hFdKYo1K37k0r,Why We Fight,1uvnDqn7UvVy6orSq1E2YF,Sungazer,7t3tjDBKgP7xLYfYeXpZ9X,"Sungazer, Vol. 2",174504,spotify:track:0Zc8pIqm3hFdKYo1K37k0r
2019-01-13T00:25:39Z,64w8C7YhhnBzapPtnpiMhV,Electro,1uvnDqn7UvVy6orSq1E2YF,Sungazer,7t3tjDBKgP7xLYfYeXpZ9X,"Sungazer, Vol. 2",256750,spotify:track:64w8C7YhhnBzapPtnpiMhV
2019-01-11T15:56:08Z,7aYVwElIVmopGPdFOAMwQ0,Landslide,6pmxr66tMAePxzOLfjGNcX,Beirut,2ou1QhLCEOvK86XpOgnLnS,Landslide,210646,spotify:track:7aYVwElIVmopGPdFOAMwQ0
2019-01-08T15:35:31Z,6ipO2COc25UhJu9tKCkNsd,Red Baron,0IwfuIL3gUJxjzUqY3wJ3j,Billy Cobham,5JmNk3ayVaujKO5hFvU5YA,Spectrum,396666,spotify:track:6ipO2COc25UhJu9tKCkNsd
2019-01-08T15:28:54Z,1RW9rSF4Zd2DLiBFBZrcDl,Can You Understand,4MERAVAHX04B50JOnasmWf,Renaissance,1C2fgiQmiTF9Dr8NdbPSou,Ashes Are Burning,592600,spotify:track:1RW9rSF4Zd2DLiBFBZrcDl
2019-01-05T21:01:04Z,0RymZK3n4wILiqOfQzzMsS,Impressioni di Settembre,1MD5pgVzlusqGyuSTcTxvu,Premiata Forneria Marconi,2fwr3utdlIdPX9cMjZ1QYW,Celebration 1972-2012,344400,spotify:track:0RymZK3n4wILiqOfQzzMsS
2019-01-04T23:22:40Z,072TpuTCtkmjAaxY7egG1f,Kyrie,5zeiqAaIiDrjiDch33A2lT,Popol Vuh,0bniAqzf6QOrfVoLlxjzpV,Hosianna Mantra,323360,spotify:track:072TpuTCtkmjAaxY7egG1f
2019-01-04T23:22:40Z,2QJHhVo4ETLw7TjYi4wFHY,Hosianna-Mantra,5zeiqAaIiDrjiDch33A2lT,Popol Vuh,0bniAqzf6QOrfVoLlxjzpV,Hosianna Mantra,611886,spotify:track:2QJHhVo4ETLw7TjYi4wFHY
2019-01-04T22:57:28Z,3v2oAQomhOcYCPPHafS3KV,Opus,5sm0jQ1mq0dusiLtDJ2b4R,Eric Prydz,2Kwbn1H4KMGZAe4MS6uDzU,Opus,543453,spotify:track:3v2oAQomhOcYCPPHafS3KV
2019-01-02T18:29:16Z,2pE8VGfmXTAdJNPTBcYL3U,Ice Cream,"375zxMmh2cSgUzFFnva0O7, 6PAt558ZEZl0DmdXlnjMgD","Wynton Marsalis, Eric Clapton",5Esx8hdfVmi1xDkdBmBHD6,Wynton Marsalis And Eric Clapton Play The Blues Live From Jazz At Lincoln Center,458453,spotify:track:2pE8VGfmXTAdJNPTBcYL3U
2019-01-02T18:06:36Z,2ohoyVIphbg16YHqRUOvrM,Escorregando - Live,"5Bn4jYRlfMfbxVwfPDGeL8, 3xnqS3i4fWn0P30qIlnWYV","Hamilton De Holanda, Yamandu Costa",3Rgcwj6oBs9Mwa0PDtPaR7,Hamilton De Holanda & Yamandu Costa - Live,188000,spotify:track:2ohoyVIphbg16YHqRUOvrM
2019-01-02T17:31:56Z,5z6iKYv8uzFgK5NGAPPo6k,Bola,2Vr1fub6eNIztdUNeFPvJj,Strunz & Farah,4vPtICfyKU7bOaSlQLRtub,The Best Of Strunz & Farah,310626,spotify:track:5z6iKYv8uzFgK5NGAPPo6k
2018-12-19T17:39:06Z,3lkQ3VopiHm3WCXpkPuUQW,Holy Man - Taylor Hawkins Version,"5gl6pfPwJ1coivVUMZPiS9, 6bI8H2TnlKYGJSo52wcTP4","Dennis Wilson, Taylor Hawkins",08CyNpU6VJMtGmR7DYjNmQ,Pacific Ocean Blue & Bambu - 2 CD Deluxe Legacy Edition,265506,spotify:track:3lkQ3VopiHm3WCXpkPuUQW
2018-12-14T22:54:07Z,3HfLtH8wgH7jtl5nEmqaZf,Sultans Of Swing,0WwSkZ7LtFUFjGjMZBMt6T,Dire Straits,5RUE91DSu0BdsiEn4vOrNY,The Best Of Dire Straits & Mark Knopfler - Private Investigations,348520,spotify:track:3HfLtH8wgH7jtl5nEmqaZf
2018-12-14T22:54:07Z,3crlldfiUarifFlx1jHQgO,Romeo And Juliet,0WwSkZ7LtFUFjGjMZBMt6T,Dire Straits,5RUE91DSu0BdsiEn4vOrNY,The Best Of Dire Straits & Mark Knopfler - Private Investigations,360000,spotify:track:3crlldfiUarifFlx1jHQgO
2018-12-14T22:54:07Z,5bB3Hw5LQxn0NVhVJqXlKt,Tunnel Of Love,0WwSkZ7LtFUFjGjMZBMt6T,Dire Straits,5RUE91DSu0BdsiEn4vOrNY,The Best Of Dire Straits & Mark Knopfler - Private Investigations,489866,spotify:track:5bB3Hw5LQxn0NVhVJqXlKt
2018-12-14T22:54:07Z,5PcKrPaPQw0uR2bU0xPGCh,So Far Away - Full Version,0WwSkZ7LtFUFjGjMZBMt6T,Dire Straits,5RUE91DSu0BdsiEn4vOrNY,The Best Of Dire Straits & Mark Knopfler - Private Investigations,307253,spotify:track:5PcKrPaPQw0uR2bU0xPGCh
2018-12-14T22:54:07Z,01Txvu3dNthhldq8oR0Pae,Money For Nothing,0WwSkZ7LtFUFjGjMZBMt6T,Dire Straits,5RUE91DSu0BdsiEn4vOrNY,The Best Of Dire Straits & Mark Knopfler - Private Investigations,504200,spotify:track:01Txvu3dNthhldq8oR0Pae
2018-12-14T22:54:07Z,5t3ClpjiJUTCHKODTPrW8i,Brothers In Arms,0WwSkZ7LtFUFjGjMZBMt6T,Dire Straits,5RUE91DSu0BdsiEn4vOrNY,The Best Of Dire Straits & Mark Knopfler - Private Investigations,417693,spotify:track:5t3ClpjiJUTCHKODTPrW8i
2018-12-14T12:20:19Z,1ONJfXwpdE7gS6i2SGFnF0,"Dancing In the Dark - Live at the Walter Kerr Theatre, New York, NY - July 2018",3eqjTLE0HfPfh78zjh6TqT,Bruce Springsteen,42eusslaYHJvhxttuMbwj9,Springsteen on Broadway,250000,spotify:track:1ONJfXwpdE7gS6i2SGFnF0
2018-11-09T15:14:07Z,0pxuqnX7GZmLslZEY9oDph,Fire On The Water,2RpHsROrX075xfIwHn6B2U,Chris de Burgh,5Yi08NDFoVAnvHoXqpp9O5,Into The Light,268666,spotify:track:0pxuqnX7GZmLslZEY9oDph
2018-11-09T15:14:07Z,4o40qSUckxhaFtMS7G8RP9,The Ballroom Of Romance,2RpHsROrX075xfIwHn6B2U,Chris de Burgh,5Yi08NDFoVAnvHoXqpp9O5,Into The Light,266266,spotify:track:4o40qSUckxhaFtMS7G8RP9
2018-11-09T15:14:07Z,1GeNWyZtCHbcp3ZWp8GTOO,The Lady In Red,2RpHsROrX075xfIwHn6B2U,Chris de Burgh,5Yi08NDFoVAnvHoXqpp9O5,Into The Light,256173,spotify:track:1GeNWyZtCHbcp3ZWp8GTOO
2018-11-09T15:14:07Z,4aRpHtP3zlAbMhTuqqSwjF,Say Goodbye To It All,2RpHsROrX075xfIwHn6B2U,Chris de Burgh,5Yi08NDFoVAnvHoXqpp9O5,Into The Light,323266,spotify:track:4aRpHtP3zlAbMhTuqqSwjF
2018-11-09T15:14:07Z,2hpblbtrqTiOpdd2fX6aBe,The Spirit Of Man,2RpHsROrX075xfIwHn6B2U,Chris de Burgh,5Yi08NDFoVAnvHoXqpp9O5,Into The Light,280426,spotify:track:2hpblbtrqTiOpdd2fX6aBe
2018-11-09T15:14:07Z,1dbCe5NRaLiCF6BpUI5IyY,Fatal Hesitation,2RpHsROrX075xfIwHn6B2U,Chris de Burgh,5Yi08NDFoVAnvHoXqpp9O5,Into The Light,256973,spotify:track:1dbCe5NRaLiCF6BpUI5IyY
2018-11-09T15:14:07Z,0nqk3sWf2Rs7ngazUanbBT,One Word (Straight To The Heart),2RpHsROrX075xfIwHn6B2U,Chris de Burgh,5Yi08NDFoVAnvHoXqpp9O5,Into The Light,270960,spotify:track:0nqk3sWf2Rs7ngazUanbBT
2018-11-09T15:14:07Z,4BhdRSDmqvhlEn39fyq16X,For Rosanna,2RpHsROrX075xfIwHn6B2U,Chris de Burgh,5Yi08NDFoVAnvHoXqpp9O5,Into The Light,219440,spotify:track:4BhdRSDmqvhlEn39fyq16X
2018-11-09T15:14:07Z,3KXV0ihq6qbqfiDX7fm6Np,The Leader,2RpHsROrX075xfIwHn6B2U,Chris de Burgh,5Yi08NDFoVAnvHoXqpp9O5,Into The Light,136000,spotify:track:3KXV0ihq6qbqfiDX7fm6Np
2018-11-09T15:14:07Z,5c1vFBtxWMhLsm0AVUsj7P,The Vision,2RpHsROrX075xfIwHn6B2U,Chris de Burgh,5Yi08NDFoVAnvHoXqpp9O5,Into The Light,193666,spotify:track:5c1vFBtxWMhLsm0AVUsj7P
2018-11-09T15:14:07Z,7vKjpBRV60LSZotIGeJJ80,What About Me?,2RpHsROrX075xfIwHn6B2U,Chris de Burgh,5Yi08NDFoVAnvHoXqpp9O5,Into The Light,183826,spotify:track:7vKjpBRV60LSZotIGeJJ80
2018-10-31T07:17:40Z,0LtOwyZoSNZKJWHqjzADpW,Feels Like We Only Go Backwards,5INjqkS1o8h1imAzPqGZBb,Tame Impala,3C2MFZ2iHotUQOSBzdSvM7,Lonerism,192960,spotify:track:0LtOwyZoSNZKJWHqjzADpW
2018-10-31T07:16:40Z,7BsPyswBtiM1PbPnUnuNzE,shibuya (feat. San Holo),"46iJ1VD4HKFnqjISGqlZkV, 0jNDKefhfSbLR9sFvcPLHo","Covet, San Holo",1vvBlvKIqeQDPJbDkt0Xny,effloresce,345520,spotify:track:7BsPyswBtiM1PbPnUnuNzE
2018-10-31T07:16:40Z,4kEhypsV7I5JAwHAesTKqR,glimmer,46iJ1VD4HKFnqjISGqlZkV,Covet,1vvBlvKIqeQDPJbDkt0Xny,effloresce,228813,spotify:track:4kEhypsV7I5JAwHAesTKqR
2018-10-31T07:16:40Z,2bAsW3ElSqMVmmilHwSuRy,sea dragon (feat. Mario Camarena),"46iJ1VD4HKFnqjISGqlZkV, 1C5b4zPDtIjrhOVVvBBtCZ","Covet, Mario Camarena",1vvBlvKIqeQDPJbDkt0Xny,effloresce,333666,spotify:track:2bAsW3ElSqMVmmilHwSuRy
2018-10-31T07:16:40Z,2cWweXo6RqRYkecljx9sHk,gleam,46iJ1VD4HKFnqjISGqlZkV,Covet,1vvBlvKIqeQDPJbDkt0Xny,effloresce,177800,spotify:track:2cWweXo6RqRYkecljx9sHk
2018-10-31T07:16:40Z,3nGyTdjyMC0xT2TA7Q4Ru4,falkor,46iJ1VD4HKFnqjISGqlZkV,Covet,1vvBlvKIqeQDPJbDkt0Xny,effloresce,457200,spotify:track:3nGyTdjyMC0xT2TA7Q4Ru4
2018-10-31T07:16:40Z,6vgxWCGdHQ6NfKvyfYUhaI,howl,46iJ1VD4HKFnqjISGqlZkV,Covet,1vvBlvKIqeQDPJbDkt0Xny,effloresce,319933,spotify:track:6vgxWCGdHQ6NfKvyfYUhaI
2018-10-31T07:15:34Z,2kkvB3RNRzwjFdGhaUA0tz,Layla,2rc78XDH9zuJP6bm78lU8Z,Derek & The Dominos,5iIWnMgvSM8uEBwXKsPcXM,Layla And Other Assorted Love Songs (Remastered 2010),423840,spotify:track:2kkvB3RNRzwjFdGhaUA0tz
2018-10-31T07:14:14Z,1Pd1h30mgU05QkWYhgFzwt,Turn to Stone,7jefIIksOi1EazgRTfW2Pk,Electric Light Orchestra,3usnShwygMXVZB4IV5dwnU,Out of the Blue,229304,spotify:track:1Pd1h30mgU05QkWYhgFzwt
2018-10-31T07:14:14Z,2RlgNHKcydI9sayD2Df2xp,Mr. Blue Sky,7jefIIksOi1EazgRTfW2Pk,Electric Light Orchestra,3usnShwygMXVZB4IV5dwnU,Out of the Blue,303820,spotify:track:2RlgNHKcydI9sayD2Df2xp
2018-10-31T07:14:14Z,5kVqD0FKIMuhqoZBop0uIq,Wild West Hero,7jefIIksOi1EazgRTfW2Pk,Electric Light Orchestra,3usnShwygMXVZB4IV5dwnU,Out of the Blue,281151,spotify:track:5kVqD0FKIMuhqoZBop0uIq
2018-10-26T12:17:29Z,5quNNHvkyi0ODAd5frrO4j,"Ricciardo e Zoraide, Act I: Dunque ingrata","0roWUeP7Ac4yK4VN6L2gF4, 7uX5oYOujaYbJQqVRi7hMZ, 1Jq6BKhFcLivYsGmhnKQVt, 6JgsMxK3zDuqEkQM6zbeVf, 2431DzejNRA0GjilEHsz8b, 2EzEvvYaWQKspczju14Y7U","Gioachino Rossini, Randall Bills, Alessandra Marianelli, Silvia Beltrami, Virtuosi Brunensis, José Miguel Pérez-Sierra",30992IkPJO3ApLGtejIKlp,Rossini: Ricciardo e Zoraide,259279,spotify:track:5quNNHvkyi0ODAd5frrO4j
2018-10-24T06:32:30Z,6mSchJTc5WKZsQa1SY29cm,Vedi Cara - Live From Italy / Remastered 2007,5Pa0BjjSDSiWuak0O1PbHL,Francesco Guccini,34ZUN9vJtbstE29rbmfjRG,Fra La Via Emilia E Il West - Live,253880,spotify:track:6mSchJTc5WKZsQa1SY29cm
2018-10-24T06:32:30Z,1F9ZvNWKIroAjvnLYqwVX4,Un Altro Giorno É Andato - Live From Italy / Remastered 2007,5Pa0BjjSDSiWuak0O1PbHL,Francesco Guccini,34ZUN9vJtbstE29rbmfjRG,Fra La Via Emilia E Il West - Live,240233,spotify:track:1F9ZvNWKIroAjvnLYqwVX4
2018-10-22T11:43:05Z,64SIlhd3BaHCCMSfajXG7l,Grace,3nnQpaTvKb5jCQabZefACI,Jeff Buckley,7yQtjAjhtNi76KRu05XWFS,Grace,322053,spotify:track:64SIlhd3BaHCCMSfajXG7l
2018-10-22T11:43:05Z,3pRaLNL3b8x5uBOcsgvdqM,Hallelujah,3nnQpaTvKb5jCQabZefACI,Jeff Buckley,7yQtjAjhtNi76KRu05XWFS,Grace,413813,spotify:track:3pRaLNL3b8x5uBOcsgvdqM
2018-10-15T21:58:10Z,6QwOmMMlQ9dlZlS12yFc2b,Keep On Growing,2rc78XDH9zuJP6bm78lU8Z,Derek & The Dominos,5iIWnMgvSM8uEBwXKsPcXM,Layla And Other Assorted Love Songs (Remastered 2010),380680,spotify:track:6QwOmMMlQ9dlZlS12yFc2b
2018-10-14T17:37:06Z,3uMmllZo1AfoEnVT4ENCD3,Highway Star - Remastered 2012,568ZhdwyaiCyOGJRtNYhWf,Deep Purple,32NQ56VZDTXSH3SMv4XSGN,Machine Head (Remastered),366136,spotify:track:3uMmllZo1AfoEnVT4ENCD3
2018-10-14T11:28:53Z,55hyia8pxvD5H0wOtBXyFt,Yaaaago,470SGea4tIbGLTpKcYJfLx,Totorro,5MH5v8RKUnqsaBwqTEAHLU,Come to Mexico,207413,spotify:track:55hyia8pxvD5H0wOtBXyFt
2018-10-14T11:28:53Z,2XSvwhB0cqPht8y3xdJR2O,Trop fort Jéjé,470SGea4tIbGLTpKcYJfLx,Totorro,5MH5v8RKUnqsaBwqTEAHLU,Come to Mexico,189746,spotify:track:2XSvwhB0cqPht8y3xdJR2O
2018-10-14T11:28:53Z,3a2boqgqaKCzQ3ZsTyOqX2,Saveur cheveux,470SGea4tIbGLTpKcYJfLx,Totorro,5MH5v8RKUnqsaBwqTEAHLU,Come to Mexico,215133,spotify:track:3a2boqgqaKCzQ3ZsTyOqX2
2018-10-14T11:28:53Z,30X64gTEtsLmvFYDbftB6Q,Beverly Pills,470SGea4tIbGLTpKcYJfLx,Totorro,5MH5v8RKUnqsaBwqTEAHLU,Come to Mexico,331106,spotify:track:30X64gTEtsLmvFYDbftB6Q
2018-10-14T11:28:53Z,1HeXeKuvD2BjgIOtWcK2YJ,Ouad & Khaled,470SGea4tIbGLTpKcYJfLx,Totorro,5MH5v8RKUnqsaBwqTEAHLU,Come to Mexico,122520,spotify:track:1HeXeKuvD2BjgIOtWcK2YJ
2018-10-14T11:28:53Z,6tPdje5v5B37qEOyuq8FiO,Tomate polisson,470SGea4tIbGLTpKcYJfLx,Totorro,5MH5v8RKUnqsaBwqTEAHLU,Come to Mexico,232680,spotify:track:6tPdje5v5B37qEOyuq8FiO
2018-10-14T11:28:53Z,2ettxi20p4QfguB5zvdcC1,100% repos,470SGea4tIbGLTpKcYJfLx,Totorro,5MH5v8RKUnqsaBwqTEAHLU,Come to Mexico,489760,spotify:track:2ettxi20p4QfguB5zvdcC1
2018-10-14T11:28:53Z,5jA3IBGsrfdf7fKQmceeRq,Clara mystère,470SGea4tIbGLTpKcYJfLx,Totorro,5MH5v8RKUnqsaBwqTEAHLU,Come to Mexico,329053,spotify:track:5jA3IBGsrfdf7fKQmceeRq
2018-10-14T11:28:53Z,6XOMN0krTuW3zUbkkf5iAz,Gérard Blast,470SGea4tIbGLTpKcYJfLx,Totorro,5MH5v8RKUnqsaBwqTEAHLU,Come to Mexico,285986,spotify:track:6XOMN0krTuW3zUbkkf5iAz
2018-10-14T11:28:53Z,0lqCE4TogWnRN4PiQ1uX2t,Come to Mexico,470SGea4tIbGLTpKcYJfLx,Totorro,5MH5v8RKUnqsaBwqTEAHLU,Come to Mexico,262706,spotify:track:0lqCE4TogWnRN4PiQ1uX2t
2018-10-14T11:26:07Z,3lX49Bqy21Y5HneUJ7p55G,Sunday Morning,"1nJvji2KIlWSseXRSlNYsC, 0IwlY33zbBXN7zlS9DP2Cj","The Velvet Underground, Nico",1gGjSTfser1MPfowGiuy9l,The Velvet Underground & Nico 45th Anniversary (Super Deluxe Edition),175813,spotify:track:3lX49Bqy21Y5HneUJ7p55G
2018-10-14T11:26:07Z,64AH1uL0vz8PitgBCnwyRH,Femme Fatale,"1nJvji2KIlWSseXRSlNYsC, 0IwlY33zbBXN7zlS9DP2Cj","The Velvet Underground, Nico",1gGjSTfser1MPfowGiuy9l,The Velvet Underground & Nico 45th Anniversary (Super Deluxe Edition),159000,spotify:track:64AH1uL0vz8PitgBCnwyRH
2018-10-11T14:37:38Z,6tR8N0wgzIoKaI7fmh0J0O,Pata Pata,18RkLKfeoUgZflWv9os25W,Miriam Makeba,5HPe4HG9qPl6ldZo8eEyoy,Reflections,203866,spotify:track:6tR8N0wgzIoKaI7fmh0J0O
2018-10-09T20:30:26Z,03BmGlrXdQBgcug6iWn79s,Reversion,0LGX3mkYo7ckQz4JyZrifu,Jardín de la Croix,2nz7Q25nCsyeqVKR9EmzkE,Circadia,465987,spotify:track:03BmGlrXdQBgcug6iWn79s
2018-10-07T16:07:36Z,5GPIZR6OF8wUMx2KhKME9d,I Tempo: Allegro,5RN8L3RHQZ87m7gNWUyFmu,New Trolls,0mRb2LNmhOs5IkySl1IYTp,Concerto Grosso per i New Trolls,134906,spotify:track:5GPIZR6OF8wUMx2KhKME9d
2018-10-07T16:07:36Z,40IjrgXpXjbNOot0Fidy74,II Tempo: Adagio (Shadows),5RN8L3RHQZ87m7gNWUyFmu,New Trolls,0mRb2LNmhOs5IkySl1IYTp,Concerto Grosso per i New Trolls,291693,spotify:track:40IjrgXpXjbNOot0Fidy74
2018-10-07T16:07:36Z,3vvgNm0vCkVNsiSf0RuRh2,III Tempo: Cadenza - Andante con moto,5RN8L3RHQZ87m7gNWUyFmu,New Trolls,0mRb2LNmhOs5IkySl1IYTp,Concerto Grosso per i New Trolls,249906,spotify:track:3vvgNm0vCkVNsiSf0RuRh2
2018-10-07T16:07:36Z,1vLIPX36g6md1YM3aFH9hq,IV Tempo: Shadows (Per Jimi Hendrix),5RN8L3RHQZ87m7gNWUyFmu,New Trolls,0mRb2LNmhOs5IkySl1IYTp,Concerto Grosso per i New Trolls,330226,spotify:track:1vLIPX36g6md1YM3aFH9hq
2018-10-07T16:07:36Z,39FnpLXkpDRNPJWSEdYS6c,Nella sala vuota: Improvvisazioni dei New Trolls registrate in diretta,5RN8L3RHQZ87m7gNWUyFmu,New Trolls,0mRb2LNmhOs5IkySl1IYTp,Concerto Grosso per i New Trolls,1227333,spotify:track:39FnpLXkpDRNPJWSEdYS6c
2018-10-04T21:04:57Z,689Sf7qh2aAuVZTgIW4HRv,Unparallel - Original Mix,1P2OjdNxAoTx7vpLI4Urum,Conceptor,6nw9rjr2TBcDViPvQJsNxq,Carried By The Void,184973,spotify:track:689Sf7qh2aAuVZTgIW4HRv
2018-10-04T21:04:57Z,7dmNw4lt3BYQ7Yz2xybCfi,The Fourth Law - Original Mix,1P2OjdNxAoTx7vpLI4Urum,Conceptor,6nw9rjr2TBcDViPvQJsNxq,Carried By The Void,171000,spotify:track:7dmNw4lt3BYQ7Yz2xybCfi
2018-10-04T21:04:57Z,43fPLtEueMU4GpIoeD8jTa,As The Rain Fell - Original Mix,1P2OjdNxAoTx7vpLI4Urum,Conceptor,6nw9rjr2TBcDViPvQJsNxq,Carried By The Void,185037,spotify:track:43fPLtEueMU4GpIoeD8jTa
2018-10-04T21:04:57Z,5WSXe4HyYsY91C5aZsZoMU,Nothingness Entrapment - Original Mix,1P2OjdNxAoTx7vpLI4Urum,Conceptor,6nw9rjr2TBcDViPvQJsNxq,Carried By The Void,138000,spotify:track:5WSXe4HyYsY91C5aZsZoMU
2018-10-04T21:04:57Z,4ZrVvtCGDVC3kX9NKrjjAf,Failed Attempts - Original Mix,1P2OjdNxAoTx7vpLI4Urum,Conceptor,6nw9rjr2TBcDViPvQJsNxq,Carried By The Void,207000,spotify:track:4ZrVvtCGDVC3kX9NKrjjAf
2018-10-04T21:04:57Z,5ppJ3DZiCYM37NbxXiei9e,The Uncertainty Principle. - Original Mix,1P2OjdNxAoTx7vpLI4Urum,Conceptor,6nw9rjr2TBcDViPvQJsNxq,Carried By The Void,69000,spotify:track:5ppJ3DZiCYM37NbxXiei9e
2018-10-04T21:04:57Z,3ek40m354eG35sBA8ee4V7,The Way Ahead - Original Mix,1P2OjdNxAoTx7vpLI4Urum,Conceptor,6nw9rjr2TBcDViPvQJsNxq,Carried By The Void,120000,spotify:track:3ek40m354eG35sBA8ee4V7
2018-10-04T21:04:57Z,6f1X4ZOLFgS90EmOlqhzoc,The Summit Dreaded - Original Mix,1P2OjdNxAoTx7vpLI4Urum,Conceptor,6nw9rjr2TBcDViPvQJsNxq,Carried By The Void,156363,spotify:track:6f1X4ZOLFgS90EmOlqhzoc
2018-10-04T21:04:57Z,68BfONSW7gduuWFXytCKC7,The Continuity Paradox - Original Mix,1P2OjdNxAoTx7vpLI4Urum,Conceptor,6nw9rjr2TBcDViPvQJsNxq,Carried By The Void,232067,spotify:track:68BfONSW7gduuWFXytCKC7
2018-10-04T21:04:57Z,1pE8VGFhXShS8pqP6S1Liz,Carried By The Void - Original Mix,1P2OjdNxAoTx7vpLI4Urum,Conceptor,6nw9rjr2TBcDViPvQJsNxq,Carried By The Void,140000,spotify:track:1pE8VGFhXShS8pqP6S1Liz
2018-10-04T21:04:57Z,5qETEfCiEl8H7RaBHjPGAH,The Quiet Thunderstorm - Original Mix,1P2OjdNxAoTx7vpLI4Urum,Conceptor,6nw9rjr2TBcDViPvQJsNxq,Carried By The Void,143392,spotify:track:5qETEfCiEl8H7RaBHjPGAH
2018-10-04T21:04:57Z,5OBI7CuFSl41DImMDyhZL0,Collapsed - Original Mix,1P2OjdNxAoTx7vpLI4Urum,Conceptor,6nw9rjr2TBcDViPvQJsNxq,Carried By The Void,125059,spotify:track:5OBI7CuFSl41DImMDyhZL0
2018-09-29T17:57:07Z,0ZG7CssB5lM2ILgJhMGNVE,Lone Digger,37J1PlAkhRK7yrZUtqaUpQ,Caravan Palace,3LBVVeFs1R0VJobVUzNSdx,<I°_°I>,229804,spotify:track:0ZG7CssB5lM2ILgJhMGNVE
2018-09-11T02:42:25Z,6zeE5tKyr8Nu882DQhhSQI,Dust in the Wind,2hl0xAkS2AIRAu23TVMBG1,Kansas,6oU298pdPTCQnMx1PYwyUA,Point Of Know Return (Expanded Edition),206266,spotify:track:6zeE5tKyr8Nu882DQhhSQI
2018-09-06T22:10:22Z,5QruhkvTtEi6cR8nSr6LwT,Opening,3Gs10XJ4S4OEFrMRqZJcic,Plini,2FMIJwbrW4HK5MOVManHCY,Sweet Nothings,307727,spotify:track:5QruhkvTtEi6cR8nSr6LwT
2018-09-06T22:10:22Z,4KqQfcx8RM9liPiHEvEJNg,Tarred & Feathered,3Gs10XJ4S4OEFrMRqZJcic,Plini,2FMIJwbrW4HK5MOVManHCY,Sweet Nothings,194954,spotify:track:4KqQfcx8RM9liPiHEvEJNg
2018-09-06T22:10:22Z,3DqhtDaWayCtfV69d2p5vH,Sweet Nothings,3Gs10XJ4S4OEFrMRqZJcic,Plini,2FMIJwbrW4HK5MOVManHCY,Sweet Nothings,302400,spotify:track:3DqhtDaWayCtfV69d2p5vH
2018-09-06T21:29:06Z,5qmeQBbG1zMbNb96KIMsJi,Ara Caeli,3cgIU3hh7Y4pUsPgHB8aYT,Toundra,6Ued283OOMYn1KTaheTflx,(III),477400,spotify:track:5qmeQBbG1zMbNb96KIMsJi
2018-09-06T14:11:28Z,52YXekNG4JiRZqrFOoEOyg,"La Cenerentola / Act 2: ""Non più mesta""","0roWUeP7Ac4yK4VN6L2gF4, 2dWFggqo9Ob31YW0SAIeuO, 3uw6GzeL10NfFrcikMo9Na, 0pGnh4HFJGMRsps26YwFye, 03SZ5zVrrY9ydcNEqpaQrZ, 5rw1xoECGR6GjOanoR5S9G, 711LuGEf0SlBPHH2DSzymC, 6I2wNCFS6kRIteg0mZvj28, 3NBbsGQbuX0Vx15B0gPpj4, 1lSYYojBSSgq0bgJ3vQErg","Gioachino Rossini, William Matteuzzi, Cecilia Bartoli, Alessandro Corbelli, Enzo Dara, Michele Pertusi, Fernanda Costa, Gloria Banditelli, Coro del Teatro Comunale di Bologna, Orchestra del Teatro Comunale di Bologna",7l63teUxbSza8o8gG9SLc4,Rossini: La Cenerentola,189333,spotify:track:52YXekNG4JiRZqrFOoEOyg
2018-09-01T09:33:00Z,07ifhJCpYi1hjZKd1xaXJA,No Meat,1z4MOvDCbCQ0ZFqnSkVSUC,Stephen Lynch,6n7cTYvhdvhWlH2UvZgiSR,Lion (Stephen Lynch),252960,spotify:track:07ifhJCpYi1hjZKd1xaXJA
2018-08-10T06:35:57Z,2uo8RCIshYb1aVSNZlrwZZ,two moons,0rpKM0MniNkXM1SLSglYUZ,toe,6I6y9F6LgWdE1RRJ4wrhz5,For Long Tomorrow,250253,spotify:track:2uo8RCIshYb1aVSNZlrwZZ
2018-08-10T06:30:00Z,768j11Y0ksbgdncnFuAEZ4,Away,3Gs10XJ4S4OEFrMRqZJcic,Plini,2FMIJwbrW4HK5MOVManHCY,Sweet Nothings,223743,spotify:track:768j11Y0ksbgdncnFuAEZ4
2018-08-09T12:00:40Z,3zk93fLTZsjQVzmgMHAKsz,Home Alone,470SGea4tIbGLTpKcYJfLx,Totorro,6zbZhKyXuslncIbqiwwPzo,Home Alone,95144,spotify:track:3zk93fLTZsjQVzmgMHAKsz
2018-08-09T12:00:40Z,1y99NoWcpnnb3f8Dfv8iER,Chevalier Bulltoe,470SGea4tIbGLTpKcYJfLx,Totorro,6zbZhKyXuslncIbqiwwPzo,Home Alone,212016,spotify:track:1y99NoWcpnnb3f8Dfv8iER
2018-08-09T12:00:40Z,3T3EgjSDTkn6foy6K1g7YF,Tonton Alain Michel,470SGea4tIbGLTpKcYJfLx,Totorro,6zbZhKyXuslncIbqiwwPzo,Home Alone,317567,spotify:track:3T3EgjSDTkn6foy6K1g7YF
2018-08-09T12:00:40Z,2akY2foRwHg8vIWbOMxPn8,Festivalbini,470SGea4tIbGLTpKcYJfLx,Totorro,6zbZhKyXuslncIbqiwwPzo,Home Alone,193876,spotify:track:2akY2foRwHg8vIWbOMxPn8
2018-08-09T12:00:40Z,10ypBcdIExiih1kPxKPU0V,Motte-Rock,470SGea4tIbGLTpKcYJfLx,Totorro,6zbZhKyXuslncIbqiwwPzo,Home Alone,240115,spotify:track:10ypBcdIExiih1kPxKPU0V
2018-08-09T12:00:40Z,3M2XkZZIpSDJqCZndLeves,Eric Colson,470SGea4tIbGLTpKcYJfLx,Totorro,6zbZhKyXuslncIbqiwwPzo,Home Alone,378872,spotify:track:3M2XkZZIpSDJqCZndLeves
2018-08-09T12:00:40Z,2qzNAjD9GQDJhH7HAidZnT,Tigers & Gorillas,470SGea4tIbGLTpKcYJfLx,Totorro,6zbZhKyXuslncIbqiwwPzo,Home Alone,268548,spotify:track:2qzNAjD9GQDJhH7HAidZnT
2018-08-06T17:33:32Z,7MF4RpylQmx6pLF27unBU8,Whitewater,4qNZw759AdHSMugyDMrIlF,Let's Eat Grandma,5Bnhkya5cGltQFTrnC0grx,I'm All Ears,115444,spotify:track:7MF4RpylQmx6pLF27unBU8
2018-08-06T17:33:32Z,1MAhhW31aMIknkD19pZmrP,Hot Pink,4qNZw759AdHSMugyDMrIlF,Let's Eat Grandma,5Bnhkya5cGltQFTrnC0grx,I'm All Ears,248976,spotify:track:1MAhhW31aMIknkD19pZmrP
2018-08-06T17:33:32Z,6ZjIi6aXHA5siQkOzuBAxc,It's Not Just Me,4qNZw759AdHSMugyDMrIlF,Let's Eat Grandma,5Bnhkya5cGltQFTrnC0grx,I'm All Ears,235629,spotify:track:6ZjIi6aXHA5siQkOzuBAxc
2018-08-06T17:33:32Z,6tBoGL2cAkf4e7737QQUU9,Falling Into Me,4qNZw759AdHSMugyDMrIlF,Let's Eat Grandma,5Bnhkya5cGltQFTrnC0grx,I'm All Ears,346489,spotify:track:6tBoGL2cAkf4e7737QQUU9
2018-08-06T17:33:32Z,0zPXMjfLTXlBXhWVjOGhvB,Snakes & Ladders,4qNZw759AdHSMugyDMrIlF,Let's Eat Grandma,5Bnhkya5cGltQFTrnC0grx,I'm All Ears,357454,spotify:track:0zPXMjfLTXlBXhWVjOGhvB
2018-08-06T17:33:32Z,3QMNrsaSNP4msHdQNPH6Cd,Missed Call (1),4qNZw759AdHSMugyDMrIlF,Let's Eat Grandma,5Bnhkya5cGltQFTrnC0grx,I'm All Ears,37227,spotify:track:3QMNrsaSNP4msHdQNPH6Cd
2018-08-06T17:33:32Z,0IlQjXypvdv1xhn8Y8EL6w,I Will Be Waiting,4qNZw759AdHSMugyDMrIlF,Let's Eat Grandma,5Bnhkya5cGltQFTrnC0grx,I'm All Ears,263248,spotify:track:0IlQjXypvdv1xhn8Y8EL6w
2018-08-06T17:33:32Z,4x6JDqI9PZjDN4l1y7kWYX,The Cat's Pyjamas,4qNZw759AdHSMugyDMrIlF,Let's Eat Grandma,5Bnhkya5cGltQFTrnC0grx,I'm All Ears,65510,spotify:track:4x6JDqI9PZjDN4l1y7kWYX
2018-08-06T17:33:32Z,5Or4uwDzt3Htj3JNjyJZrQ,Cool & Collected,4qNZw759AdHSMugyDMrIlF,Let's Eat Grandma,5Bnhkya5cGltQFTrnC0grx,I'm All Ears,557847,spotify:track:5Or4uwDzt3Htj3JNjyJZrQ
2018-08-06T17:33:32Z,27CY2Wds2uregQypbxkcWz,Ava,4qNZw759AdHSMugyDMrIlF,Let's Eat Grandma,5Bnhkya5cGltQFTrnC0grx,I'm All Ears,184024,spotify:track:27CY2Wds2uregQypbxkcWz
2018-08-06T17:33:32Z,71aMv7QTiMMSuc18pq5EiO,Donnie Darko,4qNZw759AdHSMugyDMrIlF,Let's Eat Grandma,5Bnhkya5cGltQFTrnC0grx,I'm All Ears,679148,spotify:track:71aMv7QTiMMSuc18pq5EiO
2018-08-02T10:47:18Z,0WensjQDSpBKps8yotIGJL,Handmade Cities,3Gs10XJ4S4OEFrMRqZJcic,Plini,36vGWMFViWBpBB4npwmusv,Handmade Cities,285040,spotify:track:0WensjQDSpBKps8yotIGJL
2018-08-01T00:11:58Z,0xshMBC6bIarjI5mp55Obv,Days,1U0FaHAc4fcwQcYEJFgkm9,Balmorhea,65U1GP7RiO7buabwvXq0Yx,Stranger,526255,spotify:track:0xshMBC6bIarjI5mp55Obv
2018-08-01T00:11:58Z,6rOVbgBB8YTpUrrSflSF2O,Masollan,1U0FaHAc4fcwQcYEJFgkm9,Balmorhea,65U1GP7RiO7buabwvXq0Yx,Stranger,313460,spotify:track:6rOVbgBB8YTpUrrSflSF2O
2018-08-01T00:11:58Z,1Va5eA341IQCKJwbTlIUM5,Fake Fealty,1U0FaHAc4fcwQcYEJFgkm9,Balmorhea,65U1GP7RiO7buabwvXq0Yx,Stranger,269780,spotify:track:1Va5eA341IQCKJwbTlIUM5
2018-08-01T00:11:58Z,5q0ace4NXhmccOYVajiOBr,Dived,1U0FaHAc4fcwQcYEJFgkm9,Balmorhea,65U1GP7RiO7buabwvXq0Yx,Stranger,206712,spotify:track:5q0ace4NXhmccOYVajiOBr
2018-08-01T00:11:58Z,3Ql2DFTCm6ReRnjwVlura3,Jubi,1U0FaHAc4fcwQcYEJFgkm9,Balmorhea,65U1GP7RiO7buabwvXq0Yx,Stranger,292757,spotify:track:3Ql2DFTCm6ReRnjwVlura3
2018-08-01T00:11:58Z,6eaU7Nyeo3KExvgS3Y3Uy9,Artifact,1U0FaHAc4fcwQcYEJFgkm9,Balmorhea,65U1GP7RiO7buabwvXq0Yx,Stranger,421282,spotify:track:6eaU7Nyeo3KExvgS3Y3Uy9
2018-08-01T00:11:58Z,2B8irEFZFrqPyU8gVw7zxF,Shore,1U0FaHAc4fcwQcYEJFgkm9,Balmorhea,65U1GP7RiO7buabwvXq0Yx,Stranger,328060,spotify:track:2B8irEFZFrqPyU8gVw7zxF
2018-08-01T00:11:58Z,4RWzVVzPzRv4zkb4ES5p6N,Pyrakantha,1U0FaHAc4fcwQcYEJFgkm9,Balmorhea,65U1GP7RiO7buabwvXq0Yx,Stranger,378210,spotify:track:4RWzVVzPzRv4zkb4ES5p6N
2018-08-01T00:11:58Z,3exB2GUJA92zp7zu1QZdV5,Islet,1U0FaHAc4fcwQcYEJFgkm9,Balmorhea,65U1GP7RiO7buabwvXq0Yx,Stranger,68070,spotify:track:3exB2GUJA92zp7zu1QZdV5
2018-08-01T00:11:58Z,2VSCDpgiGssqpA96A0WCDn,Pilgrim,1U0FaHAc4fcwQcYEJFgkm9,Balmorhea,65U1GP7RiO7buabwvXq0Yx,Stranger,406167,spotify:track:2VSCDpgiGssqpA96A0WCDn
2018-07-11T16:39:58Z,0fGpSZXgMLw8dEc9bF8qVv,One Way Out - Live At The Fillmore East/1971,4wQ3PyMz3WwJGI5uEqHUVR,Allman Brothers Band,4XF6xf8JKT2i24LJGVqqyj,At Fillmore East (Deluxe Edition),296146,spotify:track:0fGpSZXgMLw8dEc9bF8qVv
2018-07-05T17:42:42Z,2WoficxhhSizEzk03WXTyb,Picture Book - Stereo Mix,1SQRv42e4PjEYfPhS0Tk9E,The Kinks,6pxKSfxMV0naEz8cw1RNqv,The Kinks Are the Village Green Preservation Society (Deluxe Edition),156000,spotify:track:2WoficxhhSizEzk03WXTyb
2018-07-02T09:30:10Z,1wp9SHLdY9bMy7pCa2fd7C,Snow,1GhPHrq36VKCY3ucVaZCfo,The Chemical Brothers,5EOAvD6xmE1g9XV49wFzNG,Further,306828,spotify:track:1wp9SHLdY9bMy7pCa2fd7C
2018-07-02T09:30:10Z,3mWMPUs1phDizmYspQJpVF,Escape Velocity,1GhPHrq36VKCY3ucVaZCfo,The Chemical Brothers,5EOAvD6xmE1g9XV49wFzNG,Further,716985,spotify:track:3mWMPUs1phDizmYspQJpVF
2018-07-02T09:30:10Z,5Te7AHL5oAW2S8GDsdv1vA,Another World,1GhPHrq36VKCY3ucVaZCfo,The Chemical Brothers,5EOAvD6xmE1g9XV49wFzNG,Further,340786,spotify:track:5Te7AHL5oAW2S8GDsdv1vA
2018-07-02T09:30:10Z,1gGxvyzmhxh0LKKTHBB5Ma,Dissolve,1GhPHrq36VKCY3ucVaZCfo,The Chemical Brothers,5EOAvD6xmE1g9XV49wFzNG,Further,381826,spotify:track:1gGxvyzmhxh0LKKTHBB5Ma
2018-07-02T09:30:10Z,1lhZ16dpgTLkM0nWGy9zdw,Horse Power,1GhPHrq36VKCY3ucVaZCfo,The Chemical Brothers,5EOAvD6xmE1g9XV49wFzNG,Further,351093,spotify:track:1lhZ16dpgTLkM0nWGy9zdw
2018-07-02T09:30:10Z,1xrr9bAS0zfjCXdLKpLJnA,Swoon,1GhPHrq36VKCY3ucVaZCfo,The Chemical Brothers,5EOAvD6xmE1g9XV49wFzNG,Further,365080,spotify:track:1xrr9bAS0zfjCXdLKpLJnA
2018-07-02T09:30:10Z,37Y4rQyTV1g2c3ddOHHL8K,K+D+B,1GhPHrq36VKCY3ucVaZCfo,The Chemical Brothers,5EOAvD6xmE1g9XV49wFzNG,Further,339960,spotify:track:37Y4rQyTV1g2c3ddOHHL8K
2018-07-02T09:30:10Z,4Vv8u8Gbey9XAsF8oL84LS,Wonders Of The Deep,1GhPHrq36VKCY3ucVaZCfo,The Chemical Brothers,5EOAvD6xmE1g9XV49wFzNG,Further,312423,spotify:track:4Vv8u8Gbey9XAsF8oL84LS
2018-07-02T08:50:39Z,7w87IxuO7BDcJ3YUqCyMTT,Pumped Up Kicks,7gP3bB2nilZXLfPHJhMdvc,Foster The People,7Kmmw7Z5D2UD5MVwdm10sT,Torches,239600,spotify:track:7w87IxuO7BDcJ3YUqCyMTT
2018-06-22T09:58:21Z,0YveezON7jpiaHA8fnUHxN,Roundabout - 2003 Remaster,7AC976RDJzL2asmZuz7qil,Yes,0dZF93WHyOhTWjz5EWM7yG,Fragile (Deluxe Edition),510573,spotify:track:0YveezON7jpiaHA8fnUHxN
2018-06-22T09:58:21Z,4syPlsQHh78fTKEIEzzSAc,Cans and Brahms - 2003 Remaster,7AC976RDJzL2asmZuz7qil,Yes,0dZF93WHyOhTWjz5EWM7yG,Fragile (Deluxe Edition),98306,spotify:track:4syPlsQHh78fTKEIEzzSAc
2018-06-22T09:58:21Z,6avltRfZeoNa2zWipWNIyp,We Have Heaven - 2003 Remaster,7AC976RDJzL2asmZuz7qil,Yes,0dZF93WHyOhTWjz5EWM7yG,Fragile (Deluxe Edition),99733,spotify:track:6avltRfZeoNa2zWipWNIyp
2018-06-22T09:58:21Z,1Bey85529sRbLZHMLsrhAd,South Side of the Sky - 2003 Remaster,7AC976RDJzL2asmZuz7qil,Yes,0dZF93WHyOhTWjz5EWM7yG,Fragile (Deluxe Edition),478066,spotify:track:1Bey85529sRbLZHMLsrhAd
2018-06-22T09:58:21Z,5geV4ZJrvcQtbKIixrnwB6,Five per Cent for Nothing - 2003 Remaster,7AC976RDJzL2asmZuz7qil,Yes,0dZF93WHyOhTWjz5EWM7yG,Fragile (Deluxe Edition),35533,spotify:track:5geV4ZJrvcQtbKIixrnwB6
2018-06-22T09:58:21Z,5vfoqFiW6wXwhwa7r523Iq,Long Distance Runaround - 2003 Remaster,7AC976RDJzL2asmZuz7qil,Yes,0dZF93WHyOhTWjz5EWM7yG,Fragile (Deluxe Edition),210266,spotify:track:5vfoqFiW6wXwhwa7r523Iq
2018-06-22T09:58:21Z,6VGX9kEqcMZfAzfETmSn9h,The Fish (Schindleria Praemeturus) - 2003 Remaster,7AC976RDJzL2asmZuz7qil,Yes,0dZF93WHyOhTWjz5EWM7yG,Fragile (Deluxe Edition),158933,spotify:track:6VGX9kEqcMZfAzfETmSn9h
2018-06-22T09:58:21Z,7nxmJPzgJZIG2dGBEV0U0G,Mood for a Day - 2003 Remaster,7AC976RDJzL2asmZuz7qil,Yes,0dZF93WHyOhTWjz5EWM7yG,Fragile (Deluxe Edition),180760,spotify:track:7nxmJPzgJZIG2dGBEV0U0G
2018-06-22T09:58:21Z,7gC6Rbllqf1yXNC02e5jz2,Heart of the Sunrise - 2003 Remaster,7AC976RDJzL2asmZuz7qil,Yes,0dZF93WHyOhTWjz5EWM7yG,Fragile (Deluxe Edition),634440,spotify:track:7gC6Rbllqf1yXNC02e5jz2
2018-06-22T09:58:21Z,5jleoXgOf41HdLITE0Omu3,America - 2003 Remaster,7AC976RDJzL2asmZuz7qil,Yes,0dZF93WHyOhTWjz5EWM7yG,Fragile (Deluxe Edition),631573,spotify:track:5jleoXgOf41HdLITE0Omu3
2018-06-22T09:58:21Z,1x1ENkGjxgRG3nmfEnS2XJ,Roundabout - Early Rough Mix,7AC976RDJzL2asmZuz7qil,Yes,0dZF93WHyOhTWjz5EWM7yG,Fragile (Deluxe Edition),515133,spotify:track:1x1ENkGjxgRG3nmfEnS2XJ
2018-06-21T12:50:26Z,3cIG78oBauowzEbkBwWADN,They Move on Tracks of Never-Ending Light,0MG4LXIw7n4x0wjDc6WYXk,This Will Destroy You,72vAmnfrNfzORX6gG7p8Jf,S/T,416333,spotify:track:3cIG78oBauowzEbkBwWADN
2018-06-19T20:42:52Z,0kfjZ0JCXU9sSg99gbQpbJ,Good Times Bad Times - Remaster,36QJpDe2go2KgaRleHCDTp,Led Zeppelin,1J8QW9qsMLx3staWaHpQmU,Led Zeppelin (Remaster),166106,spotify:track:0kfjZ0JCXU9sSg99gbQpbJ
2018-06-18T09:02:37Z,7r9apdVHWqnSK1W6vIDqs7,Install a Beak In the Heart That Clucks Time In Arabic,6DVVsQAnpHdJjb1nYuOQ6g,65daysofstatic,39TrTBzr6CRFRnh8AqxSub,The Fall of Math,295560,spotify:track:7r9apdVHWqnSK1W6vIDqs7
2018-06-18T09:02:37Z,1HGCm2m8Io3QhMywwiAPWP,Retreat! Retreat!,6DVVsQAnpHdJjb1nYuOQ6g,65daysofstatic,39TrTBzr6CRFRnh8AqxSub,The Fall of Math,249960,spotify:track:1HGCm2m8Io3QhMywwiAPWP
2018-06-18T09:02:37Z,3cJnzObLAa5s6nyHqy9TpW,Default This,6DVVsQAnpHdJjb1nYuOQ6g,65daysofstatic,39TrTBzr6CRFRnh8AqxSub,The Fall of Math,103093,spotify:track:3cJnzObLAa5s6nyHqy9TpW
2018-06-18T09:02:37Z,1UJHOmv93BDWbGRAhB4XuB,"I Swallowed Hard, Like I Understood",6DVVsQAnpHdJjb1nYuOQ6g,65daysofstatic,39TrTBzr6CRFRnh8AqxSub,The Fall of Math,327506,spotify:track:1UJHOmv93BDWbGRAhB4XuB
2018-06-18T09:02:37Z,5M2fYNn9SELVdGjEAKD7Q8,The Fall of Math,6DVVsQAnpHdJjb1nYuOQ6g,65daysofstatic,39TrTBzr6CRFRnh8AqxSub,The Fall of Math,239200,spotify:track:5M2fYNn9SELVdGjEAKD7Q8
2018-06-18T09:02:37Z,5ZwEPSgWnTXpaVTrLdaRWg,This Cat Is a Landmine,6DVVsQAnpHdJjb1nYuOQ6g,65daysofstatic,39TrTBzr6CRFRnh8AqxSub,The Fall of Math,285453,spotify:track:5ZwEPSgWnTXpaVTrLdaRWg
2018-06-18T09:02:37Z,1PfVePHHCFjaYsPbrdqYWF,The Last Home Recording,6DVVsQAnpHdJjb1nYuOQ6g,65daysofstatic,39TrTBzr6CRFRnh8AqxSub,The Fall of Math,133066,spotify:track:1PfVePHHCFjaYsPbrdqYWF
2018-06-18T09:02:37Z,0EVYT9YtTcZWRp38ZD6PrJ,Hole,6DVVsQAnpHdJjb1nYuOQ6g,65daysofstatic,39TrTBzr6CRFRnh8AqxSub,The Fall of Math,273773,spotify:track:0EVYT9YtTcZWRp38ZD6PrJ
2018-06-18T09:02:37Z,390eaxiaYbNK5he8coL5YZ,Fix the Sky a Little,6DVVsQAnpHdJjb1nYuOQ6g,65daysofstatic,39TrTBzr6CRFRnh8AqxSub,The Fall of Math,329720,spotify:track:390eaxiaYbNK5he8coL5YZ
2018-06-18T09:02:37Z,7x0Ahg7EdlI7n6NxZLGzLW,Aren't We All Running?,6DVVsQAnpHdJjb1nYuOQ6g,65daysofstatic,39TrTBzr6CRFRnh8AqxSub,The Fall of Math,291573,spotify:track:7x0Ahg7EdlI7n6NxZLGzLW
2018-06-09T20:40:40Z,2O7heTmxheKOe1T0jNBPd1,Last Train Home,4uBSazM6snEc9wCG3jMlYt,Pat Metheny Group,5YnUbwAzrorRuvSJ0sCj7n,Still Life (Talking),338186,spotify:track:2O7heTmxheKOe1T0jNBPd1
2018-06-07T12:24:43Z,2U2jIhfr40UtW9MtZCLVet,Hearing Blue,4wzILxEdnni4pGRUyJIVAp,Little Tybee,0Hz6bcb9ux5qZz4nb3PgRp,For Distant Viewing,337586,spotify:track:2U2jIhfr40UtW9MtZCLVet
2018-06-05T18:14:40Z,6kwAbEjseqBob48jCus7Sz,Elastic Heart,5WUlDfRSoLAfcVSX1WnrxN,Sia,3xFSl9lIRaYXIYkIn3OIl9,1000 Forms Of Fear,257200,spotify:track:6kwAbEjseqBob48jCus7Sz
2018-05-21T12:02:15Z,7tXMYAIKHQ2nQ6hrJ4OnTV,The Watchmaker,4X42BfuhWCAZ2swiVze9O0,Steven Wilson,2xJFvV7JzoYYMere5rqjVf,The Raven That Refused to Sing (and Other Stories),702003,spotify:track:7tXMYAIKHQ2nQ6hrJ4OnTV
2018-05-21T11:58:36Z,6oC8FuowgLT4ZSlXECLCNX,Il ballo di San Vito,6FlxhoUGATC40TALMesaFM,Vinicio Capossela,7dFDRhEgvQZHu77TuvoEri,Il Ballo Di San Vito,203573,spotify:track:6oC8FuowgLT4ZSlXECLCNX
2018-05-21T11:58:32Z,5V3mdRI2yQxbSsJGDPc5lD,Chop Suey!,5eAWCfyUhZtHHtBdNk56l1,System Of A Down,4DR0GWo7w2GJyQnFVa4jAB,Toxicity,210240,spotify:track:5V3mdRI2yQxbSsJGDPc5lD
2018-05-21T11:58:28Z,3PO5bIFmrfdJ96PNXKSfmj,Intermareals,0LGX3mkYo7ckQz4JyZrifu,Jardín de la Croix,2nz7Q25nCsyeqVKR9EmzkE,Circadia,465165,spotify:track:3PO5bIFmrfdJ96PNXKSfmj
2018-05-21T11:58:26Z,2WOjLF83vqjit2Zh4B69V3,"Don't Think Twice, It's All Right",74ASZWbe4lXaubB36ztrGX,Bob Dylan,0o1uFxZ1VTviqvNaYkTJek,The Freewheelin' Bob Dylan,220888,spotify:track:2WOjLF83vqjit2Zh4B69V3
2018-05-21T11:58:22Z,7aE5WXu5sFeNRh3Z05wwu4,Wish You Were Here - 2011 Remaster,0k17h0D3J5VfsdmQ1iZtE9,Pink Floyd,6uvBKDGlJAYLH5Vy6RQVsc,Wish You Were Here (Remastered Version),304200,spotify:track:7aE5WXu5sFeNRh3Z05wwu4
2018-05-21T11:58:20Z,4Z1fbYp0HuxLBje4MOZcSD,Twist And Shout - Remastered,3WrFJ7ztbogyGnTHbHJFl2,The Beatles,7gDXyW16byCQOgK965BRzn,Please Please Me (Remastered),155226,spotify:track:4Z1fbYp0HuxLBje4MOZcSD
2018-05-21T11:58:16Z,2gUjs3Y8RoPpwozKyQDCUa,That's All - Remastered 2007,3CkvROUTQ6nRi9yQOcsB50,Genesis,2u0T1xzCoI7ANxWDEj9yl6,Genesis,266173,spotify:track:2gUjs3Y8RoPpwozKyQDCUa
2018-05-21T11:58:14Z,1qTpA9uY8Eb8FHJ138Gxvy,Flowers and Carrion,0LGX3mkYo7ckQz4JyZrifu,Jardín de la Croix,2nz7Q25nCsyeqVKR9EmzkE,Circadia,377993,spotify:track:1qTpA9uY8Eb8FHJ138Gxvy
2018-05-21T11:58:08Z,2Q6SHhziqbkmG9Ab8QFWrI,Bocca di rosa,19HiWVd2g0XyJstBsbW2Qm,Fabrizio De André,4O3H3CcqEyK7J5T7rhVf72,Fabrizio De André Opere Complete,185386,spotify:track:2Q6SHhziqbkmG9Ab8QFWrI
2018-05-21T11:58:01Z,5Rs7Kqvj5MsneNfqXS819j,Osao San,470SGea4tIbGLTpKcYJfLx,Totorro,6zbZhKyXuslncIbqiwwPzo,Home Alone,271442,spotify:track:5Rs7Kqvj5MsneNfqXS819j
2018-05-21T11:57:43Z,45yEy5WJywhJ3sDI28ajTm,Here Comes The Sun - Remastered,3WrFJ7ztbogyGnTHbHJFl2,The Beatles,2Pqkn9Dq2DFtdfkKAeqgMd,Abbey Road (Remastered),185733,spotify:track:45yEy5WJywhJ3sDI28ajTm
2018-05-21T11:57:41Z,6oO7WMjD6kEvCITLbVj0mu,Hypnotize,5eAWCfyUhZtHHtBdNk56l1,System Of A Down,3QxX3NbWyLlLG6lP1xveL3,Hypnotize,189440,spotify:track:6oO7WMjD6kEvCITLbVj0mu
2018-05-21T11:57:39Z,6Jwfnn5q1p72TnpJRlEfrc,Brocolissimo,470SGea4tIbGLTpKcYJfLx,Totorro,5MH5v8RKUnqsaBwqTEAHLU,Come to Mexico,96320,spotify:track:6Jwfnn5q1p72TnpJRlEfrc
2018-05-21T11:57:33Z,480dDrqG7LO6qDaphHeXlM,Invisible Touch - Remastered 2007,3CkvROUTQ6nRi9yQOcsB50,Genesis,5BDGtXKMQ6k267KX4PoGhP,Invisible Touch,210133,spotify:track:480dDrqG7LO6qDaphHeXlM
2018-05-21T11:57:06Z,7MeXwzhSDGfqNfuFANgzVC,Toxicity,5eAWCfyUhZtHHtBdNk56l1,System Of A Down,4DR0GWo7w2GJyQnFVa4jAB,Toxicity,218933,spotify:track:7MeXwzhSDGfqNfuFANgzVC
2018-05-21T11:56:39Z,01d8KpnlSzIRyHmRrJU6Zs,Blacksnout Seasnail,0LGX3mkYo7ckQz4JyZrifu,Jardín de la Croix,2CWiyYZfozIPH2f1zCyhff,Ocean Cosmonauts,458333,spotify:track:01d8KpnlSzIRyHmRrJU6Zs
2018-05-21T11:56:34Z,3SJlMHzIbW3DzdRwATg4we,Via del campo,19HiWVd2g0XyJstBsbW2Qm,Fabrizio De André,4O3H3CcqEyK7J5T7rhVf72,Fabrizio De André Opere Complete,149613,spotify:track:3SJlMHzIbW3DzdRwATg4we
2018-05-21T11:56:27Z,0HdcunWW5FsRqKr3lwJOIo,Follow You Follow Me - Remastered 2007,3CkvROUTQ6nRi9yQOcsB50,Genesis,0lTuVJuCbD3FHEjIeQqyXg,And Then There Were Three,240991,spotify:track:0HdcunWW5FsRqKr3lwJOIo
2018-05-21T11:56:03Z,1VNWaY3uNfoeWqb5U8x2QX,Lonely Day,5eAWCfyUhZtHHtBdNk56l1,System Of A Down,3QxX3NbWyLlLG6lP1xveL3,Hypnotize,167906,spotify:track:1VNWaY3uNfoeWqb5U8x2QX
2018-05-21T11:55:59Z,1lqMLr9Wj7SM2F9AikGcxN,Hurricane,74ASZWbe4lXaubB36ztrGX,Bob Dylan,1T8usYsiGEMPMQOLFgJEbE,Desire,512609,spotify:track:1lqMLr9Wj7SM2F9AikGcxN
2018-05-21T11:55:54Z,4ZZmvoUDsvZSqTr93KMHmy,Dolcenera,19HiWVd2g0XyJstBsbW2Qm,Fabrizio De André,4O3H3CcqEyK7J5T7rhVf72,Fabrizio De André Opere Complete,299920,spotify:track:4ZZmvoUDsvZSqTr93KMHmy
2018-05-21T11:55:33Z,70gbuMqwNBE2Y5rkQJE9By,Going to California - Remaster,36QJpDe2go2KgaRleHCDTp,Led Zeppelin,44Ig8dzqOkvkGDzaUof9lK,Led Zeppelin IV (Deluxe Edition),212160,spotify:track:70gbuMqwNBE2Y5rkQJE9By
