genere,genere_collegato,relazione
black metal,atmospheric black metal,subgenre
singer-songwriter,avtorskaya pesnya,subgenre
progressive rock,avant-prog,subgenre
pop,avant-garde pop,subgenre
keroncong,langgam jawa,subgenre
langgam jawa,javanese gamelan,influenced by
jazz,avant-garde jazz,subgenre
metal,avant-garde metal,subgenre
sludge metal,atmospheric sludge metal,subgenre
rock,art rock,subgenre
punk,art punk,subgenre
pop,art pop,subgenre
medieval,ars antiqua,subgenre
medieval,ars nova,subgenre
medieval,ars subtilior,subgenre
arrochadeira,arrocha,fusion of
arrochadeira,pagodão,fusion of
arrocha sertanejo,arrocha,fusion of
arrocha sertanejo,sertanejo universitário,fusion of
funk brasileiro,arrocha funk,subgenre
rock,anatolian rock,subgenre
rock,arena rock,subgenre
hip hop,arabesk rap,subgenre
arabesk rap,arabesk,influenced by
folk,appalachian folk,subgenre
rock,aor,subgenre
contemporary folk,anti-folk,subgenre
punk,anarcho-punk,subgenre
americana,blues,influenced by
americana,contemporary folk,influenced by
americana,country,influenced by
contemporary folk,american primitive guitar,subgenre
ambient,ambient americana,subgenre
ambient americana,americana,influenced by
ambient dub,ambient,fusion of
ambient dub,dub,fusion of
house,ambient house,subgenre
ambient house,ambient,influenced by
harsh noise wall,ambient noise wall,subgenre
ambient noise wall,ambient,influenced by
pop,ambient pop,subgenre
ambient pop,ambient,influenced by
ambient pop,dream pop,influenced by
techno,ambient techno,subgenre
ambient techno,ambient,influenced by
trance,ambient trance,subgenre
ambient trance,ambient,influenced by
house,amapiano,subgenre
amapiano,deep house,influenced by
amapiano,gqom,influenced by
amapiano,kwaito,influenced by
country,alternative country,subgenre
alternative dance,alternative rock,fusion of
alternative dance,dance,fusion of
rock,alternative rock,subgenre
punk,alternative punk,subgenre
pop,alternative pop,subgenre
avant-prog,avant-garde,influenced by
avant-garde jazz,avant-garde,influenced by
avant-garde metal,avant-garde,influenced by
avant-garde pop,avant-garde,influenced by
contemporary folk,avant-folk,subgenre
avant-folk,avant-garde,influenced by
axé,calypso,fusion of
axé,forró,fusion of
axé,frevo,fusion of
axé,maracatu,fusion of
axé,reggae,fusion of
avtorskaya pesnya,russian romance,influenced by
hip hop,alternative hip hop,subgenre
contemporary folk,alternative folk,subgenre
metal,alternative metal,subgenre
electronic,algorave,subgenre
j-pop,akishibu-kei,subgenre
akishibu-kei,shibuya-kei,influenced by
dark electro,aggrotech,subgenre
afrobeat,funk,fusion of
afrobeat,highlife,fusion of
afrobeat,jazz,fusion of
hip hop,afroswing,subgenre
afroswing,afrobeats,influenced by
afroswing,contemporary r&b,influenced by
afroswing,dancehall,influenced by
jazz,afro-jazz,subgenre
latin jazz,afro-cuban jazz,subgenre
funk,afro-funk,subgenre
hip hop,afro trap,subgenre
rock,afro rock,subgenre
blues,african blues,subgenre
texas blues,acoustic texas blues,subgenre
texas blues,electric texas blues,subgenre
blues,texas blues,subgenre
chicago blues,acoustic chicago blues,subgenre
blues,chicago blues,subgenre
rock,acoustic rock,subgenre
blues,acoustic blues,subgenre
trance,acid trance,subgenre
acid trance,acid house,influenced by
techno,acid techno,subgenre
acid techno,acid house,influenced by
house,acid house,subgenre
acid jazz,funk,fusion of
acid jazz,hip hop,fusion of
acid jazz,jazz,fusion of
acid jazz,soul,fusion of
psychedelic rock,acid rock,subgenre
acid breaks,acid house,influenced by
hip hop,abstract hip hop,subgenre
uk garage,2-step,subgenre
ska,2 tone,subgenre
hardcore punk,burning spirits,subgenre
burning spirits,heavy metal,influenced by
pop rock,burmese stereo,subgenre
burmese stereo,psychedelic,influenced by
highlife,burger-highlife,subgenre
burger-highlife,disco,influenced by
burger-highlife,funk,influenced by
bubbling house,bubbling,fusion of
bubbling house,house,fusion of
hardcore techno,belgian techno,subgenre
bubbling,dancehall,influenced by
pop,bubblegum pop,subgenre
edm,bubblegum bass,subgenre
bubblegum bass,pop,influenced by
progressive rock,brutal prog,subgenre
brutal prog,punk,influenced by
death metal,brutal death metal,subgenre
dubstep,brostep,subgenre
country pop,bro-country,subgenre
bro-country,hip hop,influenced by
bro-country,r&b,influenced by
alternative rock,britpop,subgenre
r&b,british rhythm & blues,subgenre
british rhythm & blues,rock,influenced by
folk rock,british folk rock,subgenre
blues,british blues,subgenre
british blues,chicago blues,influenced by
british blues,electric blues,influenced by
hardcore hip hop,britcore,subgenre
funk,brit funk,subgenre
pop,brill building,subgenre
brega funk,funk brasileiro,fusion of
brega funk,tecnobrega,fusion of
brega,brega calypso,subgenre
brega calypso,calypso,influenced by
brega calypso,carimbó,influenced by
brega calypso,lambada,influenced by
brega calypso,ska,influenced by
breakbeat,acid breaks,subgenre
breakbeat,big beat,subgenre
breakbeat,breakbeat hardcore,subgenre
breakbeat,nu skool breaks,subgenre
breakbeat,progressive breaks,subgenre
breakcore,drum and bass,influenced by
breakcore,jungle,influenced by
breakcore,lolicore,subgenre
breakcore,mashcore,subgenre
comedy,break-in,subgenre
hip hop,bounce,subgenre
samba,bossa nova,subgenre
bossa nova,jazz,influenced by
hip hop,boom bap,subgenre
blues,boogie-woogie,subgenre
blues rock,boogie rock,subgenre
disco,boogie,subgenre
boogie,funk,influenced by
boogie,r&b,influenced by
latin,boogaloo,subgenre
boogaloo,jazz,fusion of
boogaloo,r&b,fusion of
boogaloo,son cubano,fusion of
hip hop,bongo flava,subgenre
bongo flava,muziki wa dansi,influenced by
bongo flava,taarab,influenced by
canción melódica,bolero-beat,subgenre
bolero-beat,beat music,influenced by
bolero son,bolero,fusion of
bolero son,son cubano,fusion of
blues rock,blues,fusion of
blues rock,rock,fusion of
blues,spirituals,influenced by
bluegrass,bluegrass gospel,subgenre
bluegrass gospel,country gospel,influenced by
bluegrass,progressive bluegrass,subgenre
country,bluegrass,subgenre
r&b,blue-eyed soul,subgenre
blue-eyed soul,pop,influenced by
techno,bleep techno,subgenre
blackgaze,black metal,fusion of
blackgaze,shoegaze,fusion of
death metal,blackened death metal,subgenre
blackened death metal,black metal,influenced by
crust punk,blackened crust,subgenre
blackened crust,black metal,influenced by
noise,black noise,subgenre
black noise,black metal,influenced by
black metal,depressive black metal,subgenre
black metal,melodic black metal,subgenre
black metal,pagan black metal,subgenre
black metal,symphonic black metal,subgenre
black metal,war metal,subgenre
metal,black metal,subgenre
dark ambient,black ambient,subgenre
black ambient,black metal,influenced by
black metal,black 'n' roll,subgenre
black 'n' roll,hard rock,influenced by
black 'n' roll,heavy metal,influenced by
bit music,bytebeat,subgenre
bit music,chiptune,subgenre
electronic,bit music,subgenre
bitpop,bit music,fusion of
bitpop,pop,fusion of
biguine,bélé,fusion of
biguine,polka,fusion of
house,big room house,subgenre
big room house,electro house,fusion of
big room house,progressive house,fusion of
jazz,big band,subgenre
bhangra,folk,fusion of
bhangra,pop,fusion of
progressive electronic,berlin school,subgenre
berlin school,krautrock,influenced by
chinese opera,beijing opera,subgenre
chinese opera,cantonese opera,subgenre
chinese opera,yue opera,subgenre
beijing opera,chinese revolutionary opera,subgenre
korean revolutionary opera,chinese revolutionary opera,influenced by
indie pop,bedroom pop,subgenre
jazz,bebop,subgenre
hardcore punk,beatdown hardcore,subgenre
poetry,beat poetry,subgenre
pop rock,beat music,subgenre
beat music,rock and roll,influenced by
funk mandelão,beat bruxaria,subgenre
hip hop,battle rap,subgenre
brega funk,batidão romântico,subgenre
edm,breakcore,subgenre
edm,bubbling,subgenre
batidão romântico,arrocha,influenced by
batidão romântico,kizomba,influenced by
kuduro,batida,subgenre
uk garage,bassline,subgenre
bassline,house,influenced by
house,bass house,subgenre
pop,baroque pop,subgenre
baroque pop,western classical,influenced by
western classical,baroque,subgenre
pop,bardcore,subgenre
bardcore,medieval,influenced by
bard rock,avtorskaya pesnya,fusion of
bard rock,rock,fusion of
banda sinaloense,technobanda,subgenre
house,balearic beat,subgenre
country,bakersfield sound,subgenre
folk,bagad,subgenre
latin,bachata,subgenre
jazz,cape jazz,subgenre
celtic,cape breton fiddling,subgenre
canzone neomelodica,canzone napoletana,fusion of
canzone neomelodica,pop,fusion of
cantoria,repente,subgenre
c-pop,cantopop,subgenre
c-pop,mandopop,subgenre
c-pop,zhongguo feng,subgenre
psychedelic rock,canterbury scene,subgenre
canterbury scene,jazz fusion,influenced by
canterbury scene,jazz rock,influenced by
candombe beat,beat music,fusion of
candombe beat,candombe,fusion of
pop,canción melódica,subgenre
spouge,calypso,fusion of
spouge,ska,fusion of
cadence lypso,cadence rampa,fusion of
cadence lypso,calypso,fusion of
zouk,cabo zouk,subgenre
musical,cabaret,subgenre
indie pop,c86,subgenre
c86,jangle pop,influenced by
c86,post-punk,influenced by
pop,c-pop,subgenre
grindcore,cybergrind,subgenre
industrial metal,cyber metal,subgenre
cyber metal,aggrotech,influenced by
cyber metal,ebm,influenced by
cumbia,cumbia argentina,subgenre
cumbia argentina,cumbia turra,subgenre
cumbia turra,reggaeton,influenced by
cumbia argentina,cumbia villera,subgenre
cumbia villera,cumbia peruana,influenced by
cumbia mexicana,cumbia sonidera,subgenre
cumbia argentina,cumbia santafesina,subgenre
cumbia argentina,cumbia pop,subgenre
cumbia pop,latin pop,influenced by
cumbia,cumbia peruana,subgenre
cumbia peruana,psychedelic rock,influenced by
norteño,cumbia norteña mexicana,subgenre
cumbia norteña mexicana,cumbia mexicana,influenced by
cumbia,cumbia mexicana,subgenre
cumbia mexicana,rock and roll,influenced by
reggaeton,cubatón,subgenre
crust punk,neocrust,subgenre
crust punk,stenchcore,subgenre
hardcore punk,crust punk,subgenre
crunkcore,crunk,fusion of
crunkcore,edm,fusion of
crunkcore,post-hardcore,fusion of
hip hop,crunk,subgenre
crossover thrash,hardcore punk,fusion of
crossover thrash,thrash metal,fusion of
progressive rock,crossover prog,subgenre
jazz,crossover jazz,subgenre
crossbreed,darkstep,fusion of
crossbreed,hardcore techno,fusion of
jazz,crime jazz,subgenre
punk,cowpunk,subgenre
cowpunk,country,influenced by
cowpunk,rockabilly,influenced by
edm,coupé-décalé,subgenre
coupé-décalé,zouglou,influenced by
country pop,countrypolitan,subgenre
country,country yodeling,subgenre
country yodeling,traditional country,influenced by
country soul,country,fusion of
country soul,soul,fusion of
country rock,country,fusion of
country rock,rock,fusion of
country rap,country,fusion of
country rap,hip hop,fusion of
country pop,country,fusion of
country pop,pop,fusion of
traditional country,country gospel,subgenre
country gospel,gospel,influenced by
country folk,contemporary folk,fusion of
country folk,country,fusion of
blues,country blues,subgenre
traditional country,country boogie,subgenre
country boogie,boogie-woogie,influenced by
country and irish,country,fusion of
country and irish,irish folk,fusion of
sierreño,corrido tumbado,subgenre
copla,cuplé,influenced by
copla,flamenco,influenced by
jazz,cool jazz,subgenre
r&b,contemporary r&b,subgenre
jazz,contemporary jazz,subgenre
folk,contemporary folk,subgenre
gospel,contemporary gospel,subgenre
country,contemporary country,subgenre
western classical,contemporary classical,subgenre
pop,contemporary christian,subgenre
hip hop,conscious hip hop,subgenre
congolese rumba,son cubano,influenced by
electronic rock,electronic,fusion of
electronic rock,rock,fusion of
electronic,experimental electronic,subgenre
electro house,complextro,subgenre
edm,baltimore club,subgenre
compas,jazz,influenced by
compas,mambo,influenced by
compas,méringue,influenced by
rock,comedy rock,subgenre
comedy rock,comedy,influenced by
hip hop,comedy hip hop,subgenre
comedy hip hop,comedy,influenced by
post-punk,coldwave,subgenre
coladeira,morna,influenced by
electronic,club,subgenre
hip hop,cloud rap,subgenre
cloud rap,chillwave,influenced by
cloud rap,southern hip hop,influenced by
cloud rap,witch house,influenced by
traditional country,close harmony,subgenre
pop,classical crossover,subgenre
classical crossover,western classical,influenced by
rock,classic rock,subgenre
jazz,classic jazz,subgenre
country,classic country,subgenre
blues,classic blues,subgenre
pop,city pop,subgenre
chutney soca,chutney,fusion of
chutney soca,soca,fusion of
western classical,ballet,subgenre
drum and bass,dubwise,subgenre
rock,christian rock,subgenre
metal,christian metal,subgenre
hip hop,christian hip hop,subgenre
polka,schottische,subgenre
chotis madrileño,pasodoble,influenced by
chotis madrileño,schottische,influenced by
chamamé,schottische,influenced by
hip hop,chopped and screwed,subgenre
hip hop,chipmunk soul,subgenre
chipmunk soul,soul,influenced by
indietronica,chillwave,subgenre
electronic,chillsynth,subgenre
chillsynth,chillwave,influenced by
chillsynth,synthwave,influenced by
dubstep,chillstep,subgenre
chillstep,downtempo,influenced by
chilena,cueca,influenced by
hip hop,chicano rap,subgenre
soul,chicago soul,subgenre
pop rap,chicago bop,subgenre
chicago bop,drill,influenced by
charanga,son cubano,influenced by
chanson française,chanson réaliste,subgenre
chanson française,chanson à texte,subgenre
indie pop,chamber pop,subgenre
chamber pop,baroque pop,influenced by
contemporary folk,chamber folk,subgenre
chamarrita rioplatense,chamarrita açoriana,influenced by
chalga,dance-pop,fusion of
chalga,folk,fusion of
chachachá,danzón,influenced by
folk rock,celtic rock,subgenre
celtic rock,celtic,influenced by
folk punk,celtic punk,subgenre
celtic punk,celtic,influenced by
new age,celtic new age,subgenre
celtic new age,celtic,influenced by
folk metal,celtic metal,subgenre
celtic metal,celtic,influenced by
celtic,irish folk,subgenre
folk,celtic,subgenre
electronic,horror synth,subgenre
synthwave,darksynth,subgenre
darksynth,electro-industrial,influenced by
darksynth,horror synth,influenced by
darksynth,metal,influenced by
drum and bass,darkstep,subgenre
dark wave,new wave,influenced by
dark wave,synth-pop,influenced by
psytrance,dark psytrance,subgenre
jazz,dark jazz,subgenre
dark jazz,dark ambient,influenced by
neofolk,dark folk,subgenre
dark folk,ambient,influenced by
electro-industrial,dark electro,subgenre
dark electro,ebm,influenced by
dark cabaret,cabaret,influenced by
danzón,habanera,influenced by
mambo,danzón,influenced by
vaporwave,mallsoft,subgenre
vaporwave,broken transmission,subgenre
pop,dansband,subgenre
dansband,schlager,influenced by
dansband,swing,influenced by
sōkyoku,danmono,subgenre
dancehall,ragga,subgenre
dancehall,shatta,subgenre
reggae,dancehall,subgenre
rock,dance-rock,subgenre
dance-rock,boogie,influenced by
dance-rock,post-punk,influenced by
post-punk,dance-punk,subgenre
dance-punk,disco,influenced by
dance-punk,funk,influenced by
pop,dance-pop,subgenre
dance-pop,dance,influenced by
dance-pop,disco,influenced by
hardcore punk,d-beat,subgenre
d-beat,anarcho-punk,influenced by
d-beat,metal,influenced by
norteño,duranguense,subgenre
electronic,dungeon synth,subgenre
dungeon synth,ambient,influenced by
dungeon synth,black metal,influenced by
dubwise,dub,influenced by
dubwise,reggae,influenced by
indie rock,dunedin sound,subgenre
belgian techno,ebm,influenced by
minimal techno,dub techno,subgenre
dub techno,dub,influenced by
poetry,dub poetry,subgenre
dub poetry,dub,influenced by
dub poetry,reggae,influenced by
reggae,dub,subgenre
drum and bass,drumstep,subgenre
drumstep,brostep,influenced by
drumstep,jump up,influenced by
hip hop,drumless hip hop,subgenre
belgian techno,new beat,influenced by
metal,drone metal,subgenre
drone metal,dark ambient,influenced by
drone metal,drone,influenced by
drone metal,noise,influenced by
drum and bass,drill and bass,subgenre
idm,drill and bass,subgenre
trap,drill,subgenre
drill,footwork,influenced by
electronic,drift phonk,subgenre
drift phonk,memphis rap,influenced by
vaporwave,dreampunk,subgenre
dreampunk,ambient,influenced by
dreampunk,progressive electronic,influenced by
trance,dream trance,subgenre
dream trance,eurodance,influenced by
dream trance,progressive house,influenced by
alternative rock,dream pop,subgenre
electronic,downtempo,subgenre
downtempo,ambient,influenced by
hardcore techno,doomcore,subgenre
doom metal,funeral doom metal,subgenre
doom metal,traditional doom metal,subgenre
metal,doom metal,subgenre
r&b,doo-wop,subgenre
indie pop,donosti sound,subgenre
donosti sound,twee pop,influenced by
hard house,hardbass,subgenre
hard house,donk,subgenre
progressive metal,djent,subgenre
jazz,dixieland,subgenre
dixieland,blues,influenced by
dixieland,ragtime,influenced by
diva house,hardbag,subgenre
house,diva house,subgenre
technical death metal,dissonant death metal,subgenre
disco polo,dance-pop,fusion of
disco polo,folk,fusion of
disco,funk,influenced by
disco,philly soul,influenced by
southern hip hop,dirty south,subgenre
digital hardcore,hardcore punk,fusion of
digital hardcore,hardcore techno,fusion of
digital cumbia,cumbia argentina,fusion of
digital cumbia,electronic,fusion of
hip hop,digicore,subgenre
digicore,edm,influenced by
digicore,trap,influenced by
hindustani classical,dhrupad,subgenre
trap,detroit trap,subgenre
techno,detroit techno,subgenre
stoner rock,desert rock,subgenre
desert blues,blues rock,fusion of
desert blues,folk,fusion of
pop,denpa,subgenre
denpa,j-pop,influenced by
denpa,synth-pop,influenced by
soca,dennery segment,subgenre
dennery segment,kuduro,influenced by
dembow,dancehall,influenced by
dembow,hip hop,influenced by
reggaeton,dancehall,influenced by
reggaeton,hip hop,influenced by
blues,delta blues,subgenre
techno,deep techno,subgenre
soul,deep soul,subgenre
deep soul,blues,influenced by
deep soul,gospel,influenced by
house,deep house,subgenre
funk,deep funk,subgenre
edm,deconstructed club,subgenre
deconstructed club,post-industrial,influenced by
brostep,deathstep,subgenre
deathstep,metal,influenced by
punk rock,deathrock,subgenre
deathrock,gothic rock,influenced by
deathgrind,death metal,fusion of
deathgrind,grindcore,fusion of
deathcore,death metal,fusion of
deathcore,metalcore,fusion of
doom metal,death-doom metal,subgenre
death-doom metal,death metal,influenced by
metal,death metal,subgenre
industrial,death industrial,subgenre
death industrial,dark ambient,influenced by
death industrial,noise,influenced by
death industrial,power electronics,influenced by
death metal,death 'n' roll,subgenre
death 'n' roll,hard rock,influenced by
death 'n' roll,heavy metal,influenced by
speedcore,extratone,subgenre
hip hop,experimental hip hop,subgenre
rock,experimental rock,subgenre
big band,experimental big band,subgenre
experimental big band,avant-garde jazz,influenced by
easy listening,exotica,subgenre
singer-songwriter,euskal kantagintza berria,subgenre
pop,europop,subgenre
dance,eurodance,subgenre
dance,eurobeat,subgenre
eurobeat,hi-nrg,influenced by
eurobeat,italo-disco,influenced by
disco,euro-disco,subgenre
house,euro house,subgenre
jazz,ethio-jazz,subgenre
ethio-jazz,folk,influenced by
dark wave,ethereal wave,subgenre
ethereal wave,dream pop,influenced by
ethereal wave,gothic rock,influenced by
traditional doom metal,epic doom metal,subgenre
epic doom metal,heavy metal,influenced by
post-industrial,epic collage,subgenre
epic collage,deconstructed club,influenced by
enka,ryūkōka,influenced by
screamo,emoviolence,subgenre
emoviolence,powerviolence,influenced by
emo,emocore,subgenre
post-hardcore,emocore,subgenre
emo pop,emo,fusion of
emo pop,pop punk,fusion of
emo rap,emo,fusion of
emo rap,hip hop,fusion of
emo,midwest emo,subgenre
alternative rock,emo,subgenre
post-hardcore,emo,subgenre
coco,embolada,subgenre
surf rock,eleki,subgenre
electrotango,electronic,fusion of
electrotango,nuevo tango,fusion of
punk,electropunk,subgenre
electropunk,electronic,influenced by
pop,electropop,subgenre
electropop,edm,influenced by
electropop,synth-pop,influenced by
electronicore,edm,fusion of
electronicore,metalcore,fusion of
electronic,electronica,subgenre
industrial,electro-industrial,subgenre
electro-industrial,ebm,influenced by
funk,electro-funk,subgenre
electro swing,electronic,fusion of
electro swing,swing,fusion of
edm,electro latino,subgenre
electro latino,bachata,influenced by
electro latino,merengue,influenced by
house,electro house,subgenre
dance,electro,subgenre
electric blues,electric texas blues,subgenre
electric texas blues,jazz,influenced by
blues,electric blues,subgenre
electronic,edm,subgenre
post-industrial,ebm,subgenre
ebm,electronic,influenced by
ebm,industrial,influenced by
pop punk,easycore,subgenre
pop,easy listening,subgenre
hip hop,east coast hip hop,subgenre
free improvisation,eai,subgenre
edm,future rave,subgenre
future rave,melodic techno,influenced by
future rave,peak time techno,influenced by
future rave,tech house,influenced by
electronic,futurepop,subgenre
futurepop,ebm,influenced by
futurepop,synth-pop,influenced by
house,future house,subgenre
future house,electro house,influenced by
future house,garage house,influenced by
future house,uk garage,influenced by
uk garage,future garage,subgenre
future garage,2-step,influenced by
house,future funk,subgenre
future funk,vaporwave,influenced by
future core,j-core,influenced by
future core,kawaii future bass,influenced by
future bass,future core,subgenre
future bass,kawaii future bass,subgenre
edm,future bass,subgenre
future bass,trap edm,influenced by
future bass,wonky,influenced by
house,funky house,subgenre
funky house,funk,influenced by
electronic,funktronica,subgenre
funktronica,italo-disco,influenced by
funktronica,synth funk,influenced by
edm,funkot,subgenre
funkot,eurodance,influenced by
funkot,koplo,influenced by
funkot,trance,influenced by
sertanejo universitário,funknejo,subgenre
funknejo,funk brasileiro,influenced by
funk rock,funk,fusion of
funk rock,rock,fusion of
funk brasileiro,funk proibidão,subgenre
funk brasileiro,funk ostentação,subgenre
funk ostentação,pop rap,influenced by
funk metal,funk rock,fusion of
funk metal,metal,fusion of
freestyle,dance-pop,influenced by
freestyle,disco,influenced by
freestyle,electro,influenced by
freestyle,hip hop,influenced by
funk brasileiro,funk melody,subgenre
funk melody,contemporary r&b,influenced by
funk melody,dance-pop,influenced by
funk melody,freestyle,influenced by
funk brasileiro,funk mandelão,subgenre
funk mandelão,edm,influenced by
funk brasileiro,electro,influenced by
funk brasileiro,hip hop,influenced by
funk brasileiro,miami bass,influenced by
funk,jazz,influenced by
funk,r&b,influenced by
funk,soul,influenced by
funeral doom metal,death-doom metal,influenced by
frevo,marchinha,influenced by
frevo,maxixe,influenced by
hardcore techno,frenchcore,subgenre
house,french house,subgenre
french house,disco,influenced by
french house,funk,influenced by
electro house,french electro,subgenre
french electro,electroclash,influenced by
hardcore techno,freeform hardcore,subgenre
freeform hardcore,hard trance,influenced by
techno,free tekno,subgenre
jazz,free jazz,subgenre
free improvisation,free jazz,influenced by
free improvisation,modern classical,influenced by
psychedelic folk,free folk,subgenre
free folk,american primitive guitar,influenced by
free folk,drone,influenced by
free folk,free improvisation,influenced by
rock,freakbeat,subgenre
edm,freestyle,subgenre
freakbeat,beat music,influenced by
freakbeat,british rhythm & blues,influenced by
freakbeat,pop rock,influenced by
freakbeat,psychedelic,influenced by
psychedelic folk,freak folk,subgenre
forró,forró eletrônico,subgenre
forró,forró universitário,subgenre
forró universitário,funk,influenced by
forró universitário,rock,influenced by
forró,baião,influenced by
edm,footwork,subgenre
footwork,ghetto house,influenced by
footwork,hip hop,influenced by
footwork,juke,influenced by
electronic,folktronica,subgenre
folktronica,folk,influenced by
folkhop,bhangra,influenced by
folkhop,hip hop,influenced by
rock,folk rock,subgenre
folk rock,folk,influenced by
punk,folk punk,subgenre
folk punk,folk,influenced by
folk pop,contemporary folk,fusion of
folk pop,pop,fusion of
metal,folk metal,subgenre
folk metal,folk,influenced by
dancehall,flex dance music,subgenre
flex dance music,edm,influenced by
electronic,flashcore,subgenre
flashcore,idm,influenced by
flashcore,speedcore,influenced by
campursari,gamelan,influenced by
dark psytrance,psycore,subgenre
western classical,cantata,subgenre
outsider house,lo-fi house,subgenre
lo-fi house,deep house,influenced by
musical,rock musical,subgenre
rock musical,rock,influenced by
pop,flamenco pop,subgenre
flamenco pop,copla,influenced by
flamenco pop,flamenco,influenced by
flamenco pop,rumba flamenca,influenced by
flamenco jazz,jazz,fusion of
flamenco jazz,nuevo flamenco,fusion of
flamenco,nuevo flamenco,subgenre
tango,finnish tango,subgenre
contemporary folk,filk,subgenre
bolero,filin,subgenre
filin,vocal jazz,influenced by
electro house,fidget house,subgenre
fidget house,breakbeat hardcore,influenced by
fandango,fandango caiçara,subgenre
fado,fado de coimbra,subgenre
punk rock,gypsy punk,subgenre
gypsy punk,folk,influenced by
gypsy punk,klezmer,influenced by
jazz,gypsy jazz,subgenre
gypsy jazz,folk,influenced by
spoken word,guided meditation,subgenre
guaracha,jácara,influenced by
guajira,punto,influenced by
rumba cubana,guaguancó,subgenre
alternative rock,grunge,subgenre
beat music,group sounds,subgenre
group sounds,eleki,influenced by
metal,groove metal,subgenre
groove metal,thrash metal,influenced by
grindcore,hardcore punk,fusion of
grindcore,metal,fusion of
edm,grime,subgenre
grime,2-step,influenced by
grime,drum and bass,influenced by
grime,hip hop,influenced by
grime,jungle,influenced by
plainchant,gregorian chant,subgenre
alternative rock,grebo,subgenre
grebo,alternative dance,influenced by
grebo,hip hop,influenced by
grebo,punk rock,influenced by
house,gqom,subgenre
gqom,kwaito,influenced by
rock,gothic rock,subgenre
gothic rock,post-punk,influenced by
metal,gothic metal,subgenre
gothic metal,gothic rock,influenced by
alternative country,gothic country,subgenre
reggae,gospel reggae,subgenre
goregrind,gorenoise,subgenre
gorenoise,noise,influenced by
grindcore,goregrind,subgenre
goregrind,death metal,influenced by
belgian techno,techno,influenced by
psytrance,goa trance,influenced by
funk,go-go,subgenre
indietronica,glitch pop,subgenre
glitch pop,glitch,influenced by
glitch pop,idm,influenced by
glitch pop,pop,influenced by
glitch hop,hip hop,fusion of
glitch hop,idm,fusion of
electronic,glitch,subgenre
rock,glam rock,subgenre
glam rock,pop rock,influenced by
glam rock,rock and roll,influenced by
glam punk,glam rock,fusion of
glam punk,proto-punk,fusion of
hard rock,glam metal,subgenre
glam metal,glam rock,influenced by
edm,ghettotech,subgenre
ghettotech,detroit techno,influenced by
ghettotech,electro,influenced by
ghettotech,ghetto house,influenced by
ghettotech,miami bass,influenced by
house,ghetto house,subgenre
hip hop,genge,subgenre
genge,dancehall,influenced by
garage rock,garage rock revival,subgenre
garage rock revival,alternative rock,influenced by
garage rock revival,indie rock,influenced by
garage rock revival,post-punk,influenced by
rock,garage rock,subgenre
garage punk,garage rock,fusion of
garage punk,punk rock,fusion of
house,garage house,subgenre
garage house,disco,influenced by
hip hop,gangsta rap,subgenre
gamelan,balinese gamelan,subgenre
gamelan,javanese gamelan,subgenre
balinese gamelan,gamelan semar pegulingan,subgenre
javanese gamelan,gamelan sekaten,subgenre
balinese gamelan,gamelan jegog,subgenre
balinese gamelan,gamelan gong kebyar,subgenre
balinese gamelan,gamelan gong gede,subgenre
balinese gamelan,gamelan gender wayang,subgenre
gamelan,gamelan degung,subgenre
balinese gamelan,gamelan beleganjur,subgenre
balinese gamelan,gamelan angklung,subgenre
gamelan,malay gamelan,subgenre
balinese gamelan,gamelan selunding,subgenre
balinese gamelan,gamelan joged bumbung,subgenre
javanese gamelan,gamelan salendro,subgenre
javanese gamelan,gamelan siteran,subgenre
gambang kromong,gamelan,influenced by
hardcore techno,gabber,subgenre
gabber,acid house,influenced by
gabber,new beat,influenced by
hip hop,g-funk,subgenre
g-funk,p-funk,influenced by
western classical,motet,subgenre
indie rock,hamburger schule,subgenre
hamburger schule,neue deutsche welle,influenced by
hamburger schule,pop,influenced by
hamburger schule,punk rock,influenced by
trance,euro-trance,subgenre
euro-trance,eurodance,influenced by
euro-trance,hard trance,influenced by
edm,hands up,subgenre
hands up,euro-trance,influenced by
hands up,eurodance,influenced by
hardcore techno,happy hardcore,subgenre
jazz,hard bop,subgenre
hard bop,bebop,influenced by
hard bop,gospel,influenced by
hard bop,r&b,influenced by
happy hardcore,bouncy techno,subgenre
bouncy techno,gabber,influenced by
house,hard house,subgenre
hard house,acid house,influenced by
hard house,bouncy techno,influenced by
hard house,breakbeat hardcore,influenced by
hard house,hardbag,influenced by
hard house,hi-nrg,influenced by
rock,hard rock,subgenre
hard rock,acid rock,influenced by
hard rock,blues rock,influenced by
trance,hard trance,subgenre
hard trance,acid trance,influenced by
hardbag,euro house,influenced by
hip hop,hardcore hip hop,subgenre
punk rock,hardcore punk,subgenre
edm,hardcore techno,subgenre
hardcore techno,techno,influenced by
edm,hardstyle,subgenre
hardstyle,gabber,influenced by
hardstyle,hard trance,influenced by
hardstyle,hardcore techno,influenced by
vaporwave,hardvapour,subgenre
hardvapour,hardcore techno,influenced by
hardvapour,idm,influenced by
hardvapour,techno,influenced by
harsh noise,harsh noise wall,subgenre
noise,harsh noise,subgenre
rock,heartland rock,subgenre
heartland rock,contemporary folk,influenced by
heartland rock,country rock,influenced by
heartland rock,pop rock,influenced by
heartland rock,singer-songwriter,influenced by
metal,heavy metal,subgenre
heavy metal,hard rock,influenced by
psychedelic rock,heavy psych,subgenre
heavy psych,blues rock,influenced by
mambo chileno,mambo,influenced by
heavy psych,hard rock,influenced by
electronic,hexd,subgenre
hexd,cloud rap,influenced by
hexd,edm,influenced by
hexd,trap,influenced by
hexd,vaporwave,influenced by
disco,electro-disco,subgenre
electro-disco,electronic,influenced by
electro-disco,hi-nrg,subgenre
blues,hill country blues,subgenre
hip hop,disco,influenced by
hip hop,funk,influenced by
hip hop,reggae,influenced by
contemporary r&b,hip hop soul,subgenre
hip hop soul,hip hop,influenced by
hip hop soul,new jack swing,influenced by
house,hip house,subgenre
hip house,hip hop,influenced by
hip hop,hiplife,subgenre
hiplife,highlife,influenced by
country,honky tonk,subgenre
punk rock,horror punk,subgenre
hip hop,horrorcore,subgenre
house,disco,influenced by
humppa,jazz,influenced by
pop,hyperpop,subgenre
hyperpop,bubblegum bass,influenced by
hyperpop,dance-pop,influenced by
hyperpop,electropop,influenced by
hip hop,hyphy,subgenre
pop,hypnagogic pop,subgenre
hypnagogic pop,neo-psychedelia,influenced by
hypnagogic pop,new age,influenced by
hypnagogic pop,synth-pop,influenced by
sound effects,binaural beats,subgenre
trance,goa trance,subgenre
electronic,idm,subgenre
kayōkyoku,idol kayō,subgenre
idol kayō,pop,influenced by
idol kayō,pop rock,influenced by
idol kayō,vocal jazz,influenced by
electronic,illbient,subgenre
illbient,ambient,influenced by
illbient,dub,influenced by
illbient,hip hop,influenced by
western classical,impressionism,subgenre
pop,indian pop,subgenre
contemporary folk,indie folk,subgenre
indie folk,indie rock,influenced by
pop,indie pop,subgenre
alternative rock,indie rock,subgenre
indie rock,pop,influenced by
indie rock,indie surf,subgenre
indie surf,surf rock,influenced by
electronic,indietronica,subgenre
indietronica,indie pop,influenced by
rock and roll,indorock,subgenre
industrial,krautrock,influenced by
industrial,musique concrète,influenced by
industrial,noise,influenced by
hardcore techno,industrial hardcore,subgenre
industrial hardcore,gabber,influenced by
industrial hardcore,industrial,influenced by
industrial hardcore,power noise,influenced by
experimental hip hop,industrial hip hop,subgenre
industrial hip hop,industrial,influenced by
industrial metal,industrial,fusion of
industrial metal,metal,fusion of
musical,industrial musical,subgenre
industrial rock,industrial,fusion of
industrial rock,rock,fusion of
techno,industrial techno,subgenre
industrial techno,industrial,influenced by
hip hop,instrumental hip hop,subgenre
rock,instrumental rock,subgenre
jazz,instrumental jazz,subgenre
eurodance,italo dance,subgenre
house,italo house,subgenre
italo house,italo-disco,influenced by
electro-disco,italo-disco,subgenre
edm,jungle terror,subgenre
jungle terror,big room house,influenced by
jungle terror,tribal house,influenced by
drum and bass,jungle,subgenre
drum and bass,jump up,subgenre
blues,jump blues,subgenre
ghetto house,juke,subgenre
acoustic blues,jug band,subgenre
beat music,jovem guarda,subgenre
hip hop,jerk rap,subgenre
jerk rap,hyphy,influenced by
jazz,jazz-funk,subgenre
jazz-funk,funk,influenced by
rock,jazz rock,subgenre
jazz rock,jazz,influenced by
hip hop,jazz rap,subgenre
jazz rap,jazz,influenced by
pop,jazz pop,subgenre
jazz pop,jazz,influenced by
poetry,jazz poetry,subgenre
jazz poetry,jazz,influenced by
jazz,jazz fusion,subgenre
jazz blues,blues,fusion of
jazz blues,jazz,fusion of
jazz,blues,influenced by
jazz,ragtime,influenced by
pop rock,jangle pop,subgenre
jangle pop,folk rock,influenced by
jangle pop,power pop,influenced by
progressive bluegrass,jamgrass,subgenre
jamgrass,jam band,influenced by
james bay fiddling,celtic,influenced by
ska,jamaican ska,subgenre
rock,jam band,subgenre
jaipongan,gamelan,influenced by
alternative rock,j-rock,subgenre
hardcore techno,j-core,subgenre
pop,j-pop,subgenre
j-pop,city pop,influenced by
j-pop,idol kayō,influenced by
kwela,jazz,influenced by
kwela,marabi,influenced by
soukous,kwassa kwassa,subgenre
house,kwaito,subgenre
kwaito,disco,influenced by
kwaito,hip hop,influenced by
sōkyoku,kumiuta,subgenre
edm,kuduro,subgenre
kuduro,house,influenced by
kuduro,kilapanga,influenced by
kuduro,semba,influenced by
kuduro,techno,influenced by
kuda lumping,gamelan,influenced by
kuda lumping,jaipongan,influenced by
experimental rock,krautrock,subgenre
krautrock,psychedelic rock,influenced by
chinese opera,korean revolutionary opera,subgenre
korean ballad,oriental ballad,subgenre
pop,korean ballad,subgenre
korean ballad,blues,influenced by
korean ballad,soul,influenced by
korean ballad,trot,influenced by
dangdut,koplo,subgenre
koplo,pop,influenced by
koplo,reggae,influenced by
koplo,rock,influenced by
punk rock,könsrock,subgenre
könsrock,post-punk,influenced by
kliningan,gamelan,influenced by
singer-songwriter,kleinkunst,subgenre
kleinkunst,chanson française,influenced by
kizomba,semba,influenced by
kizomba,zouk,influenced by
kidumbak,taarab,influenced by
taarab,kidumbak,influenced by
hindustani classical,khyal,subgenre
kayōkyoku,mood kayō,subgenre
kayōkyoku,techno kayō,subgenre
pop,kayōkyoku,subgenre
kayōkyoku,ryūkōka,influenced by
metal,kawaii metal,subgenre
kawaii metal,j-pop,influenced by
kawaii future bass,chiptune,influenced by
kapuka,hip hop,influenced by
kapuka,reggae,influenced by
kaneka,reggae,influenced by
kacapi suling,tembang cianjuran,influenced by
pop,k-pop,subgenre
k-pop,contemporary r&b,influenced by
k-pop,dance-pop,influenced by
k-pop,hip hop,influenced by
art song,lute song,subgenre
western classical,art song,subgenre
maxixe,lundu,influenced by
experimental,reductionism,subgenre
reductionism,lowercase,subgenre
reggae,lovers rock,subgenre
easy listening,lounge,subgenre
lounge,jazz,influenced by
blues,louisiana blues,subgenre
instrumental hip hop,lo-fi hip hop,subgenre
lo-fi hip hop,downtempo,influenced by
alternative rock,lo-fi,subgenre
drum and bass,atmospheric drum and bass,subgenre
atmospheric drum and bass,ambient,influenced by
atmospheric drum and bass,ambient house,influenced by
drum and bass,jazzstep,subgenre
jazzstep,jazz,influenced by
drum and bass,liquid funk,subgenre
liquid funk,atmospheric drum and bass,influenced by
liquid funk,jazzstep,influenced by
singer-songwriter,liedermacher,subgenre
pop,levenslied,subgenre
levenslied,schlager,influenced by
edm,lento violento,subgenre
lento violento,euro-trance,influenced by
lento violento,hardcore techno,influenced by
lento violento,hardstyle,influenced by
lento violento,italo dance,influenced by
electronic,leftfield,subgenre
spoken word,lecture,subgenre
soul,latin soul,subgenre
latin soul,latin,influenced by
rock,latin rock,subgenre
latin rock,latin,influenced by
pop,latin pop,subgenre
latin pop,latin,influenced by
jazz,latin jazz,subgenre
latin jazz,latin,influenced by
funk,latin funk,subgenre
latin funk,latin,influenced by
disco,latin disco,subgenre
latin disco,latin,influenced by
ballad,latin ballad,subgenre
latin ballad,bolero,influenced by
lambada,carimbó,influenced by
lambada,cumbia,influenced by
lambada,forró,influenced by
marching band,western classical,influenced by
hardstyle,euphoric hardstyle,subgenre
euphoric hardstyle,euro-trance,influenced by
euphoric hardstyle,hands up,influenced by
euphoric hardstyle,melodic trance,influenced by
hardstyle,rawstyle,subgenre
rawstyle,gabber,influenced by
rawstyle,industrial hardcore,influenced by
rawstyle,rawphoric,subgenre
rawphoric,euphoric hardstyle,influenced by
opera-ballet,ballet,fusion of
opera-ballet,opera,fusion of
western classical,mass,subgenre
hardstyle,psystyle,subgenre
psystyle,psytrance,influenced by
muziki wa dansi,jazz,influenced by
muziki wa dansi,soukous,influenced by
experimental electronic,electroacoustic,subgenre
eai,electroacoustic,influenced by
electroacoustic,musique concrète,subgenre
musique concrète,noise,influenced by
singer-songwriter,música de intervenção,subgenre
música de intervenção,chanson française,influenced by
música de intervenção,fado,influenced by
musical,music hall,subgenre
murga,murga uruguaya,subgenre
musical,murga,subgenre
pop,mulatós,subgenre
mulatós,folk,influenced by
mpb,bossa nova,influenced by
mpb,samba-canção,influenced by
norteño,movimiento alterado,subgenre
movimiento alterado,banda sinaloense,influenced by
pop soul,motown,subgenre
motown,gospel,influenced by
mor lam,mor lam sing,subgenre
mor lam sing,luk thung,influenced by
electro house,dutch house,subgenre
edm,moombahton,subgenre
moombahton,dutch house,influenced by
moombahton,reggaeton,influenced by
edm,moombahcore,subgenre
moombahcore,brostep,influenced by
moombahcore,complextro,influenced by
mood kayō,jazz,influenced by
western classical,modern classical,subgenre
blues,modern blues,subgenre
jazz,modal jazz,subgenre
sertanejo raiz,moda de viola,subgenre
mod,mod revival,subgenre
mod revival,punk rock,influenced by
rock,mod,subgenre
mod,beat music,influenced by
mod,british rhythm & blues,influenced by
mod,jazz,influenced by
mod,r&b,influenced by
hip hop,mobb music,subgenre
mobb music,funk,influenced by
synth funk,minneapolis sound,subgenre
minneapolis sound,contemporary r&b,influenced by
minneapolis sound,disco,influenced by
modern classical,minimalism,subgenre
minimalism,hindustani classical,influenced by
minimal wave,minimal synth,subgenre
minimal synth,synth-pop,influenced by
electronic,minimal wave,subgenre
techno,minimal techno,subgenre
minimal techno,detroit techno,influenced by
drum and bass,minimal drum and bass,subgenre
grindcore,mincecore,subgenre
tango,milonga,influenced by
rock,miejski folk,subgenre
miejski folk,folk,influenced by
miejski folk,punk,influenced by
midwest emo,indie rock,influenced by
midwest emo,post-hardcore,influenced by
edm,midtempo bass,subgenre
midtempo bass,electro house,influenced by
midtempo bass,post-industrial,influenced by
midtempo bass,tech house,influenced by
electronic,microsound,subgenre
house,microhouse,subgenre
microhouse,glitch,influenced by
microhouse,idm,influenced by
microhouse,minimal techno,influenced by
hip hop,miami bass,subgenre
miami bass,electro,influenced by
metalcore,hardcore punk,fusion of
metalcore,metal,fusion of
metal,blues rock,influenced by
merengue,merenhouse,subgenre
merenhouse,dancehall,influenced by
merenhouse,hip hop,influenced by
merenhouse,house,influenced by
merecumbé,cumbia,fusion of
merecumbé,merengue,fusion of
reggae,mento,influenced by
hardcore hip hop,memphis rap,subgenre
memphis rap,electro,influenced by
trance,melodic trance,subgenre
melodic trance,dream trance,influenced by
melodic trance,hard trance,influenced by
melodic trance,progressive trance,influenced by
techno,melodic techno,subgenre
melodic techno,minimal techno,influenced by
melodic techno,trance,influenced by
metalcore,melodic metalcore,subgenre
melodic metalcore,melodic death metal,influenced by
hardcore punk,melodic hardcore,subgenre
dubstep,melodic dubstep,subgenre
death metal,melodic death metal,subgenre
melodic death metal,heavy metal,influenced by
folk rock,medieval rock,subgenre
medieval rock,hard rock,influenced by
medieval rock,neo-medieval folk,influenced by
folk metal,medieval metal,subgenre
medieval metal,neo-medieval folk,influenced by
marabi,mbaqanga,subgenre
mbaqanga,kwela,influenced by
mbaqanga,swing,influenced by
maxixe,tango,influenced by
tango,maxixe,influenced by
metalcore,mathcore,subgenre
mathcore,math rock,influenced by
rock,math rock,subgenre
math rock,noise rock,influenced by
math rock,post-hardcore,influenced by
math rock,math pop,subgenre
math pop,indie pop,influenced by
math pop,indie rock,influenced by
math pop,midwest emo,influenced by
mashcore,hardcore techno,influenced by
post-industrial,martial industrial,subgenre
martial industrial,dark ambient,influenced by
martial industrial,neoclassical dark wave,influenced by
martial industrial,neofolk,influenced by
western classical,march,subgenre
dobrado,march,influenced by
jazz,marabi,subgenre
pop rock,manila sound,subgenre
manila sound,disco,influenced by
manila sound,funk,influenced by
manila sound,kundiman,influenced by
manila sound,soft rock,influenced by
rock,mangue beat,subgenre
mangue beat,alternative rock,influenced by
mangue beat,ciranda,influenced by
mangue beat,coco,influenced by
mangue beat,funk rock,influenced by
mangue beat,hip hop,influenced by
mangue beat,maracatu,influenced by
folk pop,manele,subgenre
manele,dance-pop,influenced by
maloya,séga,influenced by
mallsoft,easy listening,influenced by
mallsoft,smooth jazz,influenced by
makossa,highlife,influenced by
makossa,jazz,influenced by
makossa,rumba cubana,influenced by
makossa,soukous,influenced by
techno,makina,subgenre
makina,ebm,influenced by
makina,new beat,influenced by
rock,mainstream rock,subgenre
shaabi,mahraganat,subgenre
mahraganat,edm,influenced by
mahraganat,hip hop,influenced by
western classical,madrigal,subgenre
alternative dance,madchester,subgenre
madchester,funk,influenced by
madchester,jangle pop,influenced by
pop,nyū myūjikku,subgenre
nyū myūjikku,contemporary folk,influenced by
nyū myūjikku,kayōkyoku,influenced by
tango,nuevo tango,subgenre
nuevo tango,western classical,influenced by
nuevo tango,jazz,influenced by
nuevo flamenco,blues,influenced by
nuevo flamenco,jazz,influenced by
nuevo flamenco,rock,influenced by
nueva canción,nuevo cancionero,subgenre
trova,nueva trova,subgenre
nueva trova,nueva canción,influenced by
singer-songwriter,nueva canción,subgenre
nu skool breaks,drum and bass,influenced by
nu skool breaks,techno,influenced by
nu skool breaks,uk garage,influenced by
alternative metal,nu metal,subgenre
nu metal,funk metal,influenced by
nu metal,hip hop,influenced by
electronic,nu jazz,subgenre
nu jazz,jazz,influenced by
electronic,nu disco,subgenre
nu disco,disco,influenced by
dub,novo dub,subgenre
novo dub,electronic,influenced by
ragtime,novelty piano,subgenre
singer-songwriter,nova cançó,subgenre
mambo chileno,mambo urbano,influenced by
soul,northern soul,subgenre
tejano,norteño,influenced by
nortec,banda sinaloense,influenced by
nortec,house,influenced by
nortec,idm,influenced by
nortec,norteño,influenced by
hardcore punk,noisecore,subgenre
noisecore,noise,influenced by
rock,noise rock,subgenre
indie rock,noise pop,subgenre
experimental,noise,subgenre
experimental rock,no wave,subgenre
no wave,punk rock,influenced by
post-hardcore,nintendocore,subgenre
nintendocore,chiptune,influenced by
electronic,nightcore,subgenre
rock,new wave,subgenre
new wave,electronic,influenced by
new wave,pop rock,influenced by
new wave,punk rock,influenced by
new wave,new romantic,subgenre
new romantic,glam rock,influenced by
new romantic,synth-pop,influenced by
alternative dance,new rave,subgenre
new rave,dance-punk,influenced by
new rave,indie rock,influenced by
r&b,new orleans r&b,subgenre
blues,new orleans blues,subgenre
new orleans blues,jazz,influenced by
contemporary r&b,new jack swing,subgenre
new jack swing,funk,influenced by
new jack swing,hip hop,influenced by
ebm,new beat,subgenre
new beat,dark wave,influenced by
neurohop,neurofunk,influenced by
drum and bass,neurofunk,subgenre
neurofunk,techstep,influenced by
new wave,neue deutsche welle,subgenre
neue deutsche welle,electropunk,influenced by
neue deutsche welle,industrial,influenced by
neue deutsche welle,post-punk,influenced by
neue deutsche welle,punk rock,influenced by
neue deutsche welle,synth-pop,influenced by
alternative metal,neue deutsche härte,subgenre
neue deutsche härte,edm,influenced by
neue deutsche härte,industrial metal,influenced by
hip hop,nerdcore,subgenre
reggaeton,neoperreo,subgenre
contemporary folk,neofolk,subgenre
neofolk,post-industrial,influenced by
neocrust,black metal,influenced by
neocrust,post-metal,influenced by
neocrust,screamo,influenced by
neocrust,sludge metal,influenced by
western classical,neoclassicism,subgenre
new age,neoclassical new age,subgenre
neoclassical new age,baroque,influenced by
neoclassical new age,western classical,influenced by
metal,neoclassical metal,subgenre
neoclassical metal,western classical,influenced by
neoclassical metal,heavy metal,influenced by
dark wave,neoclassical dark wave,subgenre
neoclassical dark wave,western classical,influenced by
contemporary country,neo-traditional country,subgenre
neo-traditional country,honky tonk,influenced by
neo-traditional country,pop rock,influenced by
rock,neo-rockabilly,subgenre
punk,neo-rockabilly,influenced by
rockabilly,neo-rockabilly,influenced by
psychedelic,neo-psychedelia,subgenre
progressive rock,neo-progressive rock,subgenre
neo-progressive rock,symphonic prog,influenced by
folk,neo-medieval folk,subgenre
pop,neo-acoustic,subgenre
neo-acoustic,folk rock,influenced by
neo-acoustic,indie pop,influenced by
neo-acoustic,jangle pop,influenced by
neo-acoustic,new wave,influenced by
neo-acoustic,post-punk,influenced by
soul,neo soul,subgenre
neo soul,contemporary r&b,influenced by
neo soul,hip hop,influenced by
éntekhno,neo kyma,subgenre
neo kyma,chanson française,influenced by
pop,nederpop,subgenre
beat music,nederbeat,subgenre
field recording,nature sounds,subgenre
country,nashville sound,subgenre
nashville sound,pop,influenced by
corrido,narcocorrido,subgenre
özgün müzik,anatolian rock,influenced by
özgün müzik,arabesk,influenced by
house,outsider house,subgenre
outsider house,deep house,influenced by
progressive country,outlaw country,subgenre
outlaw country,rock,influenced by
oriental ballad,gagok,influenced by
jazz,orchestral jazz,subgenre
edm,nortec,subgenre
nueva canción española,nova cançó,influenced by
operatic pop,western classical,influenced by
operatic pop,opera,influenced by
western classical,opera,subgenre
reductionism,onkyo,subgenre
onkyo,free improvisation,influenced by
onda nueva,bossa nova,influenced by
onda nueva,jazz,influenced by
onda nueva,joropo,influenced by
folk,old-time,subgenre
hip hop,old school hip hop,subgenre
old school hip hop,disco,influenced by
death metal,old school death metal,subgenre
punk rock,oi,subgenre
rock,occult rock,subgenre
occult rock,blues,influenced by
occult rock,hard rock,influenced by
occult rock,progressive rock,influenced by
occult rock,psychedelic rock,influenced by
punk,punk rock,subgenre
punk rock,garage rock,influenced by
punk rock,rock and roll,influenced by
punk rock,surf rock,influenced by
hip hop,punk rap,subgenre
punk rap,punk,influenced by
rock,punk blues,subgenre
punk blues,blues rock,influenced by
punk blues,punk rock,influenced by
punk,garage rock,influenced by
punk,proto-punk,influenced by
rock,pub rock,subgenre
trance,psytrance,subgenre
psytrance,acid trance,influenced by
psycore,dark ambient,influenced by
psycore,glitch,influenced by
psychobilly,punk rock,fusion of
psychobilly,rockabilly,fusion of
soul,psychedelic soul,subgenre
psychedelic soul,psychedelic rock,influenced by
rock,psychedelic rock,subgenre
psychedelic rock,psychedelic,influenced by
pop,psychedelic pop,subgenre
psychedelic pop,psychedelic,influenced by
contemporary folk,psychedelic folk,subgenre
psychedelic folk,psychedelic,influenced by
electronic,psybient,subgenre
psybient,ambient,influenced by
psybient,goa trance,influenced by
psybient,psytrance,influenced by
rock,proto-punk,subgenre
trance,progressive trance,subgenre
progressive trance,progressive house,influenced by
rock,progressive rock,subgenre
progressive rock,western classical,influenced by
progressive rock,jazz,influenced by
pop,progressive pop,subgenre
metal,progressive metal,subgenre
progressive metal,progressive rock,influenced by
house,progressive house,subgenre
progressive house,trance,influenced by
contemporary folk,progressive folk,subgenre
electronic,progressive electronic,subgenre
progressive electronic,ambient,influenced by
progressive electronic,western classical,influenced by
progressive electronic,progressive rock,influenced by
country,progressive country,subgenre
progressive country,contemporary folk,influenced by
progressive country,rock,influenced by
progressive breaks,progressive house,influenced by
progressive bluegrass,folk,influenced by
progressive bluegrass,jazz,influenced by
progressive bluegrass,rock,influenced by
comedy,prank calls,subgenre
hardcore punk,powerviolence,subgenre
powerviolence,grindcore,influenced by
soca,power soca,subgenre
pop rock,power pop,subgenre
post-industrial,power noise,subgenre
power noise,electronic,influenced by
power noise,noise,influenced by
metal,power metal,subgenre
power metal,heavy metal,influenced by
power metal,speed metal,influenced by
noise,power electronics,subgenre
power electronics,industrial,influenced by
rock,post-rock,subgenre
post-rock,ambient,influenced by
post-rock,jazz,influenced by
post-rock,slowcore,influenced by
post-punk,post-punk revival,subgenre
post-punk revival,indie rock,influenced by
post-punk revival,new wave,influenced by
rock,post-punk,subgenre
post-punk,punk rock,influenced by
modern classical,post-minimalism,subgenre
post-minimalism,minimalism,influenced by
metal,post-metal,subgenre
post-metal,post-rock,influenced by
industrial,post-industrial,subgenre
punk,post-hardcore,subgenre
post-hardcore,experimental rock,influenced by
post-hardcore,hardcore punk,influenced by
alternative rock,post-grunge,subgenre
post-grunge,grunge,influenced by
contemporary classical,post-classical,subgenre
post-classical,electronic,influenced by
alternative rock,post-britpop,subgenre
post-britpop,britpop,influenced by
post-britpop,indie rock,influenced by
jazz,post-bop,subgenre
post-bop,avant-garde jazz,influenced by
post-bop,hard bop,influenced by
post-bop,modal jazz,influenced by
porro,cumbia,influenced by
goregrind,pornogrind,subgenre
funk,porn groove,subgenre
rock,pop yeh-yeh,subgenre
pop yeh-yeh,beat music,influenced by
pop soul,pop,fusion of
pop soul,soul,fusion of
pop rock,pop,fusion of
pop rock,rock,fusion of
hip hop,pop rap,subgenre
pop rap,pop,influenced by
raï,pop raï,subgenre
pop raï,pop,influenced by
punk rock,pop punk,subgenre
pop punk,pop,influenced by
metal,pop metal,subgenre
pop metal,arena rock,influenced by
pop metal,pop,influenced by
pop,pop ghazal,subgenre
pop ghazal,ghazal,influenced by
dungeon synth,dungeon chip,subgenre
trot,pon-chak disco,subgenre
pon-chak disco,synth-pop,influenced by
hip hop,political hip hop,subgenre
poetry,slam poetry,subgenre
poetry,sound poetry,subgenre
experimental,plunderphonics,subgenre
plugg,pluggnb,subgenre
pluggnb,jazz,influenced by
pluggnb,r&b,influenced by
trap,plugg,subgenre
tarantella,pizzica,subgenre
forró eletrônico,piseiro,subgenre
country blues,piedmont blues,subgenre
shibuya-kei,picopop,subgenre
picopop,electronic,influenced by
rock,piano rock,subgenre
blues,piano blues,subgenre
piano blues,ragtime,influenced by
hip hop,phonk,subgenre
phonk,memphis rap,influenced by
phonk,trap,influenced by
folk rock,phleng phuea chiwit,subgenre
phleng phuea chiwit,luk thung,influenced by
phleng phuea chiwit,mor lam,influenced by
soul,philly soul,subgenre
philly soul,pop soul,influenced by
pop,persian pop,subgenre
techno,peak time techno,subgenre
peak time techno,acid techno,influenced by
peak time techno,trance,influenced by
pasillo,waltz,influenced by
samba,partido alto,subgenre
palm-wine,calypso,influenced by
neo-psychedelia,paisley underground,subgenre
paisley underground,jangle pop,influenced by
paisley underground,new wave,influenced by
paisley underground,power pop,influenced by
paisley underground,psychedelic pop,influenced by
paisley underground,psychedelic rock,influenced by
pagode,pagode romântico,subgenre
pagode romântico,axé,influenced by
pagode romântico,pop,influenced by
pagode romântico,samba-rock,influenced by
pagode romântico,sertanejo,influenced by
samba,pagode,subgenre
samba,pagodão,subgenre
pagodão,pagode,influenced by
pagodão,samba-reggae,influenced by
folk,pagan folk,subgenre
pagan black metal,folk,influenced by
pachanga,conga,influenced by
pachanga,cumbia,influenced by
pachanga,merengue,influenced by
pachanga,rumba cubana,influenced by
funk,p-funk,subgenre
ryūkōka,western classical,influenced by
art song,russian romance,subgenre
pop,russian chanson,subgenre
runo song,seto leelo,subgenre
flamenco,rumba flamenca,subgenre
rumba flamenca,guaguancó,influenced by
rumba flamenca,guaracha,influenced by
rumba flamenca,rumba catalana,influenced by
rumba flamenca,son cubano,influenced by
rumba catalana,rumba flamenca,influenced by
rumba catalana,pop,influenced by
rumba catalana,rumba cubana,influenced by
western classical,romantic classical,subgenre
rock,roots rock,subgenre
roots rock,blues,influenced by
roots rock,country,influenced by
roots rock,r&b,influenced by
reggae,roots reggae,subgenre
pop,rom kbach,subgenre
rocksteady,ska,influenced by
rocksteady,soul,influenced by
reggae,rocksteady,influenced by
rock and roll,rockabilly,subgenre
rock,rock urbano,subgenre
rock urbano,progressive rock,influenced by
rock,rock opera,subgenre
rock opera,musical,influenced by
rock,rock andino,subgenre
rock andino,folk,influenced by
rock andino,progressive rock,influenced by
rock andino,psychedelic rock,influenced by
reggae,pacific reggae,subgenre
pacific reggae,folk,influenced by
mass,requiem,subgenre
rock,rock andaluz,subgenre
rock andaluz,flamenco,influenced by
rock andaluz,symphonic prog,influenced by
rock,rock and roll,subgenre
rock and roll,r&b,influenced by
rock and roll,traditional country,influenced by
rock and roll,blues,influenced by
reggaeton,rkt,subgenre
rkt,cumbia villera,influenced by
dark ambient,ritual ambient,subgenre
punk rock,riot grrrl,subgenre
riot grrrl,grunge,influenced by
riot grrrl,noise rock,influenced by
riot grrrl,post-hardcore,influenced by
latin,rhumba,subgenre
rhumba,bolero,influenced by
rhumba,jazz,influenced by
rhumba,pop,influenced by
rhumba,rumba cubana,influenced by
rhumba,son cubano,influenced by
western classical,renaissance,subgenre
reggae,reggae-pop,subgenre
reggae-pop,contemporary r&b,influenced by
reggae-pop,pop,influenced by
reggae-pop,soul,influenced by
reggae,r&b,influenced by
reggae,ska,influenced by
country,red dirt,subgenre
red dirt,outlaw country,influenced by
red dirt,southern rock,influenced by
mambo chileno,reggaeton,influenced by
rock,rautalanka,subgenre
rautalanka,rock and roll,influenced by
rautalanka,schlager,influenced by
rautalanka,surf rock,influenced by
funk brasileiro,rasteirinha,subgenre
rasteirinha,axé,influenced by
rasteirinha,reggaeton,influenced by
rasteirinha,samba,influenced by
rasin,rock,influenced by
rara,haitian vodou drumming,influenced by
rapso,hip hop,fusion of
rapso,soca,fusion of
rapcore,hardcore punk,fusion of
rapcore,hip hop,fusion of
rap rock,hip hop,fusion of
rap rock,rock,fusion of
alternative metal,rap metal,subgenre
rap metal,funk metal,influenced by
rap metal,hip hop,influenced by
rap metal,rap rock,influenced by
ragtime,march,influenced by
jungle,ragga jungle,subgenre
ragga jungle,dub,influenced by
ragga jungle,ragga,influenced by
ragga hip-hop,hip hop,fusion of
ragga hip-hop,ragga,fusion of
psychedelic rock,raga rock,subgenre
r&b,quiet storm,subgenre
punk rock,queercore,subgenre
qasidah modern,dangdut,influenced by
qasidah modern,pop,influenced by
qaraami,funk,influenced by
qaraami,jazz,influenced by
qaraami,pop,influenced by
qaraami,soul,influenced by
pop,q-pop,subgenre
gospel,sacred steel,subgenre
sacred steel,bebop,influenced by
sacred steel,delta blues,influenced by
sacred steel,electric blues,influenced by
saeta,flamenco,influenced by
salsa,salsa choke,subgenre
salsa choke,hip hop,influenced by
salsa choke,house,influenced by
salsa choke,reggaeton,influenced by
salsa,salsa dura,subgenre
salsa,salsa romántica,subgenre
salsa romántica,pop,influenced by
salsa,mambo,influenced by
salsa,son cubano,influenced by
samba,samba de breque,subgenre
samba de breque,samba-choro,influenced by
samba,samba de gafieira,subgenre
samba de gafieira,big band,influenced by
samba de gafieira,lundu,influenced by
samba de gafieira,maxixe,influenced by
samba,samba de roda,subgenre
samba,samba de terreiro,subgenre
samba-rock,samba soul,subgenre
samba soul,funk,influenced by
samba soul,soul,influenced by
samba,samba-canção,subgenre
samba-choro,choro,fusion of
samba-choro,samba,fusion of
samba,samba-enredo,subgenre
samba,samba-exaltação,subgenre
samba-jazz,jazz,fusion of
samba-jazz,samba,fusion of
samba,samba-joia,subgenre
samba-joia,bolero,influenced by
samba-reggae,partido alto,fusion of
samba-reggae,reggae,fusion of
samba-reggae,merengue,influenced by
samba-reggae,salsa,influenced by
samba,samba-rock,subgenre
samba-rock,rock,influenced by
tropicália,samba-rock,influenced by
samba,sambalanço,subgenre
sambalanço,jazz,influenced by
sambalanço,samba-exaltação,influenced by
santé engagé,séga,influenced by
sarala gee,hindustani classical,influenced by
hardcore punk,sasscore,subgenre
sasscore,dance-punk,influenced by
sasscore,new wave,influenced by
sasscore,post-hardcore,influenced by
pop,schlager,subgenre
techno,schranz,subgenre
post-hardcore,screamo,subgenre
screamo,emo,influenced by
screamo,hardcore punk,influenced by
electronic,synthwave,subgenre
synthwave,electro-disco,influenced by
synthwave,house,influenced by
synthwave,italo-disco,influenced by
synthwave,progressive electronic,influenced by
synthwave,synth-pop,influenced by
pop,synth-pop,subgenre
synth-pop,progressive electronic,influenced by
funk,synth funk,subgenre
western classical,symphony,subgenre
rock,symphonic rock,subgenre
symphonic rock,western classical,influenced by
progressive rock,symphonic prog,subgenre
symphonic prog,western classical,influenced by
metal,symphonic metal,subgenre
symphonic metal,western classical,influenced by
symphonic metal,gothic metal,influenced by
symphonic metal,power metal,influenced by
symphonic black metal,western classical,influenced by
folk,scrumpy and western,subgenre
scrumpy and western,comedy,influenced by
swing,swing revival,subgenre
swing revival,punk rock,influenced by
swing revival,rockabilly,influenced by
swing revival,ska,influenced by
jazz,swing,subgenre
rock,swamp rock,subgenre
swamp rock,cajun,influenced by
swamp rock,new orleans blues,influenced by
swamp rock,pop,influenced by
swamp rock,zydeco,influenced by
r&b,swamp pop,subgenre
swamp pop,blues,influenced by
swamp pop,new orleans r&b,influenced by
swamp pop,rock and roll,influenced by
electric blues,swamp blues,subgenre
swamp blues,cajun,influenced by
swamp blues,zydeco,influenced by
visual kei,loud kei,subgenre
folk,sutartinės,subgenre
irish folk,sean-nós,subgenre
electronic,seapunk,subgenre
surf,surf rock,subgenre
surf rock,rock and roll,influenced by
rock,surf,subgenre
punk rock,surf punk,subgenre
surf punk,surf rock,influenced by
seggae,reggae,fusion of
seggae,séga,fusion of
folk,seguidilla,subgenre
trot,semi-trot,subgenre
semi-trot,dance-pop,influenced by
semi-trot,electropop,influenced by
semi-trot,k-pop,influenced by
semi-trot,pop rock,influenced by
modern classical,serialism,subgenre
sertanejo,sertanejo universitário,subgenre
sertanejo universitário,pop,influenced by
sertanejo,sertanejo romântico,subgenre
sertanejo romântico,pop,influenced by
sertanejo,sertanejo raiz,subgenre
folk,sevdalinka,subgenre
folk,sevillanas,subgenre
edm,shangaan electro,subgenre
pop,shibuya-kei,subgenre
shidaiqu,jazz,influenced by
mandopop,shidaiqu,influenced by
shinkyoku,western classical,influenced by
shinkyoku,meiji shinkyoku,influenced by
alternative rock,shoegaze,subgenre
shoegaze,dream pop,influenced by
shoegaze,indie rock,influenced by
shoegaze,neo-psychedelia,influenced by
shoegaze,noise rock,influenced by
sungura,benga,influenced by
sungura,soukous,influenced by
sungura,township jive,influenced by
pop,sundanese pop,subgenre
norteño,sierreño,subgenre
edm,singeli,subgenre
singeli,bongo flava,influenced by
singeli,taarab,influenced by
rock,sufi rock,subgenre
sufi rock,hindustani classical,influenced by
jazz,stride,subgenre
stride,ragtime,influenced by
hardcore punk,street punk,subgenre
street punk,oi,influenced by
hard rock,stoner rock,subgenre
stoner rock,blues rock,influenced by
stoner rock,doom metal,influenced by
stoner rock,psychedelic rock,influenced by
folk,stornello,subgenre
metal,stoner metal,subgenre
stoner metal,blues rock,influenced by
stoner metal,doom metal,influenced by
stoner metal,psychedelic rock,influenced by
stenchcore,death metal,influenced by
stenchcore,heavy metal,influenced by
stenchcore,thrash metal,influenced by
steampunk,dark wave,influenced by
steampunk,industrial,influenced by
steampunk,new wave,influenced by
steampunk,synth-pop,influenced by
comedy,standup comedy,subgenre
spoken word,fairy tale,subgenre
spoken word,interview,subgenre
spoken word,speech,subgenre
speedcore,splittercore,subgenre
splittercore,noise,influenced by
gospel,spirituals,influenced by
hardcore techno,speedcore,subgenre
heavy metal,nwobhm,subgenre
nwobhm,punk,influenced by
heavy metal,speed metal,subgenre
speed metal,nwobhm,influenced by
uk garage,speed garage,subgenre
speed garage,garage house,influenced by
speed garage,jungle,influenced by
modern classical,spectralism,subgenre
space rock revival,post-punk,influenced by
space rock revival,neo-psychedelia,fusion of
space rock revival,space rock,fusion of
psychedelic rock,space rock,subgenre
electro-disco,space disco,subgenre
space disco,space rock,influenced by
ambient,space ambient,subgenre
space ambient,drone,influenced by
space ambient,progressive electronic,influenced by
synthwave,sovietwave,subgenre
easy listening,space age pop,subgenre
soul,southern soul,subgenre
southern soul,electric blues,influenced by
southern soul,gospel,influenced by
southern soul,r&b,influenced by
rock,southern rock,subgenre
southern rock,blues rock,influenced by
southern rock,country,influenced by
southern rock,folk,influenced by
southern rock,hard rock,influenced by
southern rock,rock and roll,influenced by
metal,southern metal,subgenre
southern metal,blues,influenced by
southern metal,sludge metal,influenced by
southern metal,stoner metal,influenced by
hip hop,southern hip hop,subgenre
gospel,southern gospel,subgenre
experimental,sound collage,subgenre
epic collage,sound collage,influenced by
experimental,sound art,subgenre
jazz,soul jazz,subgenre
soul jazz,gospel,influenced by
soul jazz,r&b,influenced by
soul jazz,soul,influenced by
blues,soul blues,subgenre
soul blues,gospel,influenced by
soul blues,jump blues,influenced by
soul blues,soul,influenced by
soul,big band,influenced by
soul,gospel,influenced by
soul,r&b,influenced by
pop,sophisti-pop,subgenre
sophisti-pop,jazz,influenced by
sophisti-pop,r&b,influenced by
sophisti-pop,soul,influenced by
songo,funk,influenced by
songo,jazz,influenced by
songo,rumba cubana,influenced by
songo,son cubano,influenced by
son cubano,son montuno,subgenre
rock,soft rock,subgenre
soft rock,baroque pop,influenced by
soft rock,country rock,influenced by
soft rock,folk pop,influenced by
soca,calypso,influenced by
ska,calypso,influenced by
ska,jump blues,influenced by
ska,mento,influenced by
ska,new orleans r&b,influenced by
ska punk,punk rock,fusion of
ska punk,ska,fusion of
ska punk,skacore,subgenre
skacore,hardcore punk,influenced by
punk rock,skate punk,subgenre
comedy,sketch comedy,subgenre
folk,skiffle,subgenre
skiffle,country blues,influenced by
skiffle,dixieland,influenced by
skiffle,jazz,influenced by
laiko,skiladiko,subgenre
reggae,skinhead reggae,subgenre
darkstep,skullstep,subgenre
electro,skweee,subgenre
skweee,synth funk,influenced by
skweee,techno,influenced by
indie rock,slacker rock,subgenre
brutal death metal,slam death metal,subgenre
waltz,slow waltz,subgenre
indie rock,slowcore,subgenre
slowcore,contemporary folk,influenced by
slowcore,folk rock,influenced by
slowcore,indie folk,influenced by
metal,sludge metal,subgenre
sludge metal,doom metal,influenced by
sludge metal,hardcore punk,influenced by
jazz,smooth jazz,subgenre
smooth jazz,jazz fusion,influenced by
soul,smooth soul,subgenre
smooth soul,motown,influenced by
hip hop,snap,subgenre
folk,tajaraste,subgenre
folk,talking blues,subgenre
folk pop,tallava,subgenre
tallava,dance-pop,influenced by
tamborera,danzón,influenced by
tamborera,tamborito,influenced by
tarantella,tammurriata,subgenre
folk,tarantella,subgenre
kizomba,tarraxinha,subgenre
house,tech house,subgenre
tech house,techno,influenced by
trance,tech trance,subgenre
tech trance,techno,influenced by
death metal,technical death metal,subgenre
thrash metal,technical thrash metal,subgenre
technical thrash metal,progressive rock,influenced by
miami bass,techno bass,subgenre
techno bass,electro,influenced by
techno kayō,synth-pop,influenced by
drum and bass,hardstep,subgenre
drum and bass,techstep,subgenre
techstep,hardstep,influenced by
brega,tecnobrega,subgenre
tecnobrega,electronic,influenced by
dance-pop,tecnorumba,subgenre
tecnorumba,rumba flamenca,influenced by
pop,teen pop,subgenre
tejano,polka,influenced by
tejano,waltz,influenced by
hardcore techno,terrorcore,subgenre
terrorcore,gabber,influenced by
roots rock,tex-mex,subgenre
tex-mex,tejano,influenced by
texas blues,jazz,influenced by
texas blues,swing,influenced by
country,texas country,subgenre
texas country,neo-traditional country,influenced by
texas country,outlaw country,influenced by
third stream,western classical,fusion of
third stream,jazz,fusion of
ska,third wave ska,subgenre
third wave ska,2 tone,influenced by
third wave ska,punk rock,influenced by
third wave ska,rock,influenced by
metal,thrash metal,subgenre
thrash metal,hardcore punk,influenced by
thrash metal,nwobhm,influenced by
thrash metal,speed metal,influenced by
hardcore punk,thrashcore,subgenre
grindcore,thrashcore,influenced by
hindustani classical,thumri,subgenre
salsa,timba,subgenre
timba,funk,influenced by
timba,r&b,influenced by
timba,son cubano,influenced by
dance-pop,township bubblegum,subgenre
township bubblegum,disco,influenced by
township bubblegum,mbaqanga,influenced by
township bubblegum,synth-pop,influenced by
township bubblegum,township jive,influenced by
township jive,kwaito,influenced by
township jive,mbaqanga,influenced by
gospel,traditional black gospel,subgenre
traditional black gospel,blues,influenced by
traditional black gospel,spirituals,influenced by
country,traditional country,subgenre
traditional country,blues,influenced by
traditional country,folk,influenced by
traditional doom metal,blues rock,influenced by
traditional doom metal,heavy metal,influenced by
traditional doom metal,psychedelic rock,influenced by
metal,trance metal,subgenre
trance metal,trance,influenced by
hip hop,trap,subgenre
edm,trap edm,subgenre
trap edm,dubstep,influenced by
trap edm,grime,influenced by
trap edm,trap,influenced by
trap edm,wonky,influenced by
trap,trap metal,subgenre
trap,tread,subgenre
tread,cloud rap,influenced by
ambient,tribal ambient,subgenre
tribal ambient,folk,influenced by
edm,tribal guarachero,subgenre
tribal guarachero,cumbia mexicana,influenced by
tribal guarachero,electro house,influenced by
tribal guarachero,techno,influenced by
house,tribal house,subgenre
tribal house,folk,influenced by
downtempo,trip hop,subgenre
trip hop,hip hop,influenced by
house,tropical house,subgenre
tropical house,deep house,influenced by
pop rock,tropical rock,subgenre
tropical rock,calypso,influenced by
tropical rock,reggae,influenced by
tropical rock,rock and roll,influenced by
tropicália,mpb,influenced by
tropicália,psychedelic pop,influenced by
tropicália,psychedelic rock,influenced by
latin pop,tropipop,subgenre
tropipop,vallenato,influenced by
trova yucateca,bambuco,influenced by
trova yucateca,bolero,influenced by
country,truck driving country,subgenre
truck driving country,bakersfield sound,influenced by
truck driving country,country rock,influenced by
truck driving country,honky tonk,influenced by
tumbélé,biguine,influenced by
tumbélé,compas,influenced by
tumbélé,guaguancó,influenced by
tumbélé,soukous,influenced by
folk pop,turbo-folk,subgenre
hip hop,turntablism,subgenre
indie pop,twee pop,subgenre
edm,techno,subgenre
edm,balani show,subgenre
baltimore club,breakbeat,influenced by
baltimore club,ghetto house,influenced by
baltimore club,miami bass,influenced by
edm,breakbeat,subgenre
breakcore,hardcore techno,influenced by
edm,broken beat,subgenre
edm,drum and bass,subgenre
edm,dubstep,subgenre
edm,electroclash,subgenre
edm,house,subgenre
edm,rave,subgenre
edm,trance,subgenre
trance,acid house,influenced by
trance,ebm,influenced by
trance,techno,influenced by
shanto,calypso,influenced by
zydeco,nouveau zydeco,subgenre
zydeco,blues,influenced by
zydeco,cajun,influenced by
zydeco,jazz,influenced by
zydeco,r&b,influenced by
zouk,zouk love,subgenre
zouk,bélé,influenced by
zouk,biguine,influenced by
zouk,cadence lypso,influenced by
zouk,compas,influenced by
zouk,gwo ka,influenced by
rock,zolo,subgenre
zolo,new wave,influenced by
zolo,post-punk,influenced by
zolo,progressive rock,influenced by
zohioliin duu,pop,influenced by
ziglibithy,funk,influenced by
ziglibithy,makossa,influenced by
ziglibithy,soukous,influenced by
zhongguo feng,folk,influenced by
avant-prog,zeuhl,subgenre
zeuhl,jazz,influenced by
zeuhl,modern classical,influenced by
zeuhl,progressive rock,influenced by
western classical,zarzuela,subgenre
psychedelic rock,zamrock,subgenre
zamba,zamacueca,influenced by
cueca,zamacueca,influenced by
marinera,zamacueca,influenced by
electronic,digital fusion,subgenre
digital fusion,bit music,influenced by
digital fusion,jazz,influenced by
house,speed house,subgenre
speed house,bass house,influenced by
speed house,hard house,influenced by
regional mexicano,banda sinaloense,subgenre
regional mexicano,canto cardenche,subgenre
regional mexicano,chilena,subgenre
regional mexicano,corrido,subgenre
regional mexicano,mariachi,subgenre
regional mexicano,norteño,subgenre
regional mexicano,ranchera,subgenre
regional mexicano,son calentano,subgenre
regional mexicano,son huasteco,subgenre
regional mexicano,son istmeño,subgenre
regional mexicano,son jarocho,subgenre
regional mexicano,tejano,subgenre
regional mexicano,trova yucateca,subgenre
yu-mex,regional mexicano,influenced by
folk,yodeling,subgenre
pop,yé-yé,subgenre
yé-yé,beat music,influenced by
yé-yé,rock and roll,influenced by
j-rock,yakousei,subgenre
yakousei,alternative dance,influenced by
yakousei,indie pop,influenced by
yakousei,indie rock,influenced by
yakousei,nu disco,influenced by
yakousei,post-punk revival,influenced by
soft rock,yacht rock,subgenre
yacht rock,r&b,influenced by
xote,schottische,influenced by
world fusion,folk,fusion of
world fusion,jazz,fusion of
techno,wonky techno,subgenre
wonky techno,breakbeat,influenced by
wonky techno,electro,influenced by
wonky techno,glitch,influenced by
wonky,dubstep,fusion of
wonky,glitch hop,fusion of
pop,wong shadow,subgenre
wong shadow,surf rock,influenced by
electronic,witch house,subgenre
witch house,chillwave,influenced by
witch house,chopped and screwed,influenced by
witch house,dark wave,influenced by
witch house,dream pop,influenced by
witch house,ethereal wave,influenced by
witch house,shoegaze,influenced by
witch house,southern hip hop,influenced by
country,western swing,subgenre
western swing,dixieland,influenced by
western swing,swing,influenced by
country,western,subgenre
hip hop,west coast hip hop,subgenre
electronic,wave,subgenre
wave,cloud rap,influenced by
wave,trap,influenced by
folk,waulking song,subgenre
war metal,death metal,influenced by
schlager,volkstümliche musik,subgenre
volkstümliche musik,folk,influenced by
trance,vocal trance,subgenre
vocal trance,pop,influenced by
surf,vocal surf,subgenre
vocal surf,pop rock,influenced by
jazz,vocal jazz,subgenre
vocal jazz,blues,influenced by
house,vocal house,subgenre
rock,visual kei,subgenre
visual kei,glam rock,influenced by
visual kei,gothic rock,influenced by
visual kei,heavy metal,influenced by
folk,visa,subgenre
punk rock,viking rock,subgenre
viking rock,folk,influenced by
viking rock,oi,influenced by
metal,viking metal,subgenre
viking metal,black metal,influenced by
viking metal,folk,influenced by
vietnamese bolero,bolero,influenced by
vaudeville blues,blues,fusion of
vaudeville blues,vaudeville,fusion of
musical,vaudeville,subgenre
electronic,vaporwave,subgenre
vaporwave,vaportrap,subgenre
vaportrap,trap,influenced by
vanera,habanera,influenced by
vals criollo,waltz,influenced by
pop,v-pop,subgenre
country,urban cowboy,subgenre
urban cowboy,disco,influenced by
urban cowboy,pop,influenced by
ngoma,unyago,subgenre
hip hop,underground hip hop,subgenre
hardcore punk,uk82,subgenre
uk82,oi,influenced by
uk82,street punk,influenced by
contemporary r&b,uk street soul,subgenre
uk street soul,hip hop,influenced by
uk street soul,reggae,influenced by
uk street soul,soul,influenced by
happy hardcore,uk hardcore,subgenre
uk hardcore,bouncy techno,influenced by
uk hardcore,breakbeat hardcore,influenced by
uk hardcore,trance,influenced by
edm,uk garage,subgenre
uk garage,garage house,influenced by
edm,uk funky,subgenre
uk funky,dancehall,influenced by
uk funky,soca,influenced by
uk funky,tribal house,influenced by
uk funky,uk garage,influenced by
drill,uk drill,subgenre
uk drill,grime,influenced by
marching band,pep band,subgenre
trap,trap shaabi,subgenre
trap shaabi,shaabi,influenced by
nueva canción,nueva canción chilena,subgenre
nueva canción,nueva canción española,subgenre
cumbia,nueva cumbia chilena,subgenre
wave,hardwave,subgenre
hardwave,hardstyle,influenced by
hardwave,trance,influenced by
hardwave,trap edm,influenced by
electronic,moogsploitation,subgenre
electronic,minatory,subgenre
minatory,dark ambient,influenced by
minatory,deathstep,influenced by
electronic,celtic electronica,subgenre
celtic electronica,celtic,influenced by
dungeon synth,comfy synth,subgenre
comfy synth,new age,influenced by
dungeon synth,winter synth,subgenre
winter synth,dark ambient,influenced by
winter synth,drone,influenced by
bit music,fm synthesis,subgenre
edm,spacesynth,subgenre
spacesynth,italo-disco,influenced by
spacesynth,space disco,influenced by
spacesynth,synth-pop,influenced by
bit music,doskpop,subgenre
doskpop,italo-disco,influenced by
doskpop,spacesynth,influenced by
electroacoustic,acousmatic,subgenre
vaporwave,utopian virtual,subgenre
utopian virtual,easy listening,influenced by
utopian virtual,hypnagogic pop,influenced by
utopian virtual,new age,influenced by
utopian virtual,smooth jazz,influenced by
utopian virtual,synth-pop,influenced by
brostep,colour bass,subgenre
colour bass,future bass,influenced by
colour bass,melodic dubstep,influenced by
brostep,riddim dubstep,subgenre
riddim dubstep,dubstep,influenced by
dubstep,dungeon sound,subgenre
dungeon sound,darkstep,influenced by
dubstep,purple sound,subgenre
purple sound,bit music,influenced by
purple sound,g-funk,influenced by
purple sound,grime,influenced by
purple sound,synth funk,influenced by
edm,budots,subgenre
budots,house,influenced by
edm,bérite club,subgenre
bérite club,baltimore club,influenced by
bérite club,gqom,influenced by
bérite club,grime,influenced by
bérite club,kuduro,influenced by
bérite club,trap edm,influenced by
edm,artcore,subgenre
artcore,western classical,influenced by
artcore,drum and bass,influenced by
dance-pop,romanian popcorn,subgenre
edm,nerdcore techno,subgenre
nerdcore techno,breakbeat,influenced by
nerdcore techno,jungle,influenced by
nerdcore techno,techno,influenced by
edm,manyao,subgenre
manyao,eurodance,influenced by
manyao,house,influenced by
manyao,mandopop,influenced by
manyao,trance,influenced by
edm,hard drum,subgenre
hard drum,tribal house,influenced by
hard drum,uk funky,influenced by
grime,weightless,subgenre
weightless,ambient,influenced by
breakbeat,breakbeat kota,subgenre
breakbeat kota,funkot,influenced by
edm,jersey club,subgenre
jersey club,baltimore club,influenced by
jersey club,breakbeat,influenced by
breakbeat kota,jungle dutch,subgenre
jungle dutch,dutch house,influenced by
jungle dutch,jersey club,influenced by
jungle dutch,jungle terror,influenced by
edm,footwork jungle,subgenre
footwork jungle,drum and bass,fusion of
footwork jungle,footwork,fusion of
eurodance,bubblegum dance,subgenre
bubblegum dance,bubblegum pop,influenced by
edm,philly club,subgenre
philly club,baltimore club,influenced by
philly club,hardstyle,influenced by
philly club,trap edm,influenced by
breakbeat,florida breaks,subgenre
florida breaks,breakbeat hardcore,influenced by
florida breaks,electro,influenced by
florida breaks,house,influenced by
florida breaks,miami bass,influenced by
florida breaks,trance,influenced by
breakbeat hardcore,hardcore breaks,subgenre
hardcore breaks,drum and bass,influenced by
hardcore breaks,dubstep,influenced by
hardcore breaks,footwork,influenced by
breakbeat hardcore,darkcore,subgenre
hardcore techno,uptempo hardcore,subgenre
uptempo hardcore,frenchcore,influenced by
uptempo hardcore,gabber,influenced by
uptempo hardcore,industrial hardcore,influenced by
uptempo hardcore,rawstyle,influenced by
gabber,nu style gabber,subgenre
breakcore,raggacore,subgenre
raggacore,dancehall,influenced by
raggacore,ragga,influenced by
raggacore,ragga jungle,influenced by
hardcore techno,acidcore,subgenre
acidcore,acid techno,influenced by
hardcore techno,modern hardtek,subgenre
modern hardtek,free tekno,influenced by
modern hardtek,uk hardcore,influenced by
edm,hard nrg,subgenre
hard nrg,hard house,influenced by
hard nrg,hi-nrg,influenced by
hard nrg,trance,influenced by
edm,jumpstyle,subgenre
hardstyle,dubstyle,subgenre
dubstyle,2-step,influenced by
dubstyle,dubstep,influenced by
trap edm,twerk,subgenre
twerk,bounce,influenced by
twerk,miami bass,influenced by
trap edm,hybrid trap,subgenre
hybrid trap,brostep,influenced by
house,festival progressive house,subgenre
festival progressive house,melodic trance,influenced by
trap edm,heaven trap,subgenre
heaven trap,festival progressive house,influenced by
heaven trap,melodic dubstep,influenced by
trap edm,hard trap,subgenre
hard trap,hardstyle,influenced by
trap edm,festival trap,subgenre
psytrance,suomisaundi,subgenre
psytrance,progressive psytrance,subgenre
progressive psytrance,deep house,influenced by
progressive psytrance,minimal techno,influenced by
progressive psytrance,progressive house,influenced by
progressive psytrance,tech house,influenced by
goa trance,nitzhonot,subgenre
nitzhonot,melodic trance,influenced by
psytrance,full-on,subgenre
dark psytrance,hi-tech,subgenre
hi-tech,full-on,influenced by
trance,balearic trance,subgenre
balearic trance,balearic beat,influenced by
trance,big room trance,subgenre
big room trance,big room house,influenced by
big room trance,electro house,influenced by
big room trance,tech trance,influenced by
techno,hardgroove techno,subgenre
hardgroove techno,tech house,influenced by
uk garage,breakstep,subgenre
breakstep,breakbeat,influenced by
breakstep,nu skool breaks,influenced by
breakstep,techstep,influenced by
house,vinahouse,subgenre
vinahouse,eurodance,influenced by
vinahouse,v-pop,influenced by
tribal house,guaracha edm,subgenre
guaracha edm,cumbia,influenced by
tech house,deep tech,subgenre
deep tech,speed garage,influenced by
deep tech,uk garage,influenced by
house,latin house,subgenre
house,g-house,subgenre
g-house,hip hop,influenced by
house,jersey sound,subgenre
jersey sound,gospel,influenced by
house,brazilian bass,subgenre
brazilian bass,deep house,influenced by
brazilian bass,tech house,influenced by
house,slap house,subgenre
slap house,brazilian bass,influenced by
slap house,future house,influenced by
electro house,melbourne bounce,subgenre
melbourne bounce,dutch house,influenced by
melbourne bounce,minimal techno,influenced by
melbourne bounce,tech house,influenced by
house,future bounce,subgenre
future bounce,future house,fusion of
future bounce,melbourne bounce,fusion of
house,chicago house,subgenre
chicago house,funk,influenced by
chicago house,italo-disco,influenced by
chicago house,synth-pop,influenced by
house,ballroom house,subgenre
house,afro house,subgenre
afro house,deep house,influenced by
afro house,kwaito,influenced by
drum and bass,trancestep,subgenre
trancestep,trance,influenced by
liquid funk,sambass,subgenre
sambass,bossa nova,influenced by
sambass,samba,influenced by
drum and bass,halftime,subgenre
halftime,dubstep,influenced by
halftime,neurofunk,influenced by
halftime,wonky,influenced by
drum and bass,drumfunk,subgenre
drum and bass,dancefloor drum and bass,subgenre
western classical,nocturne,subgenre
marching band,drumline,subgenre
marching band,fife and drum,subgenre
folk,fife and drum blues,subgenre
fife and drum blues,fife and drum,influenced by
symphony,choral symphony,subgenre
experimental,tape music,subgenre
jazz,modern creative,subgenre
modern creative,free improvisation,influenced by
modern creative,free jazz,influenced by
modern creative,modern classical,influenced by
modern classical,indeterminacy,subgenre
modern classical,futurism,subgenre
experimental,data sonification,subgenre
experimental,conducted improvisation,subgenre
conducted improvisation,free improvisation,influenced by
conducted improvisation,free jazz,influenced by
laiko,modern laiko,subgenre
modern laiko,dance-pop,influenced by
modern laiko,pop,influenced by
contemporary christian,praise & worship,subgenre
pop,dansktop,subgenre
dansktop,dansband,influenced by
dansktop,schlager,influenced by
easy listening,cocktail nation,subgenre
cocktail nation,exotica,influenced by
cocktail nation,lounge,influenced by
cocktail nation,swing revival,influenced by
pop,palingsound,subgenre
pop,sunshine pop,subgenre
sunshine pop,easy listening,influenced by
sunshine pop,psychedelic,influenced by
pop,opm,subgenre
modinha,opera,influenced by
tropicanibalismo,champeta,influenced by
tropicanibalismo,cumbia,influenced by
tropicanibalismo,salsa,influenced by
tropicanibalismo,vallenato,influenced by
opera,operetta,subgenre
kalon'ny fahiny,operetta,influenced by
musical,minstrelsy,subgenre
coon song,minstrelsy,influenced by
musical,revue,subgenre
opera,opéra comique,subgenre
opera,ballad opera,subgenre
ballad opera,folk,influenced by
opera,singspiel,subgenre
singspiel,ballad opera,influenced by
singspiel,opéra comique,influenced by
opera,opera buffa,subgenre
opera,opera seria,subgenre
opera,tragédie en musique,subgenre
opera,opera semiseria,subgenre
opera,grand opera,subgenre
opera,zeitoper,subgenre
house,organic house,subgenre
organic house,afro house,influenced by
organic house,deep house,influenced by
organic house,downtempo,influenced by
organic house,progressive house,influenced by
jam band,livetronica,subgenre
livetronica,electronic,influenced by
vaporwave,barber beats,subgenre
barber beats,downtempo,influenced by
barber beats,instrumental hip hop,influenced by
barber beats,trip hop,influenced by
western classical,étude,subgenre
indian classical,carnatic classical,subgenre
indian classical,hindustani classical,subgenre
indian classical,odissi classical,subgenre
classical,andalusian classical,subgenre
classical,indian classical,subgenre
mambo chileno,trap,influenced by
classical,western classical,subgenre
classical,islamic modal music,subgenre
islamic modal music,mugham,subgenre
islamic modal music,sawt,subgenre
islamic modal music,iraqi maqam,subgenre
islamic modal music,turkish classical,subgenre
classical,persian classical,subgenre
persian classical,indian classical,influenced by
persian classical,islamic modal music,influenced by
classical,sufiana kalam,subgenre
sufiana kalam,hindustani classical,influenced by
sufiana kalam,islamic modal music,influenced by
sufiana kalam,persian classical,influenced by
classical,shashmaqam,subgenre
classical,pìobaireachd,subgenre
classical,guoyue,subgenre
classical,southeast asian classical,subgenre
southeast asian classical,talempong,subgenre
southeast asian classical,tembang cianjuran,subgenre
southeast asian classical,saluang klasik,subgenre
southeast asian classical,pinpeat,subgenre
southeast asian classical,mahori,subgenre
southeast asian classical,kulintang,subgenre
southeast asian classical,kacapi suling,subgenre
southeast asian classical,gamelan,subgenre
southeast asian classical,burmese classical,subgenre
classical,chinese classical,subgenre
burmese classical,chinese classical,influenced by
burmese classical,indian classical,influenced by
chinese classical,baisha xiyue,subgenre
chinese classical,chinese opera,subgenre
chinese classical,yayue,subgenre
chinese classical,dongjing,subgenre
thai classical,fon leb,subgenre
thai classical,khrueang sai,subgenre
thai classical,piphat,subgenre
southeast asian classical,thai classical,subgenre
hát tuồng,chinese opera,influenced by
vietnamese classical,ca trù,subgenre
vietnamese classical,hát tuồng,subgenre
classical,vietnamese classical,subgenre
korean classical,aak,subgenre
korean classical,dangak,subgenre
korean classical,gagok,subgenre
korean classical,hyangak,subgenre
korean classical,jeongak,subgenre
classical,korean classical,subgenre
japanese classical,gagaku,subgenre
japanese classical,heikyoku,subgenre
japanese classical,honkyoku,subgenre
japanese classical,jiuta,subgenre
japanese classical,jōruri,subgenre
japanese classical,meiji shinkyoku,subgenre
japanese classical,nagauta,subgenre
japanese classical,noh,subgenre
japanese classical,shōmyō,subgenre
japanese classical,sōkyoku,subgenre
classical,japanese classical,subgenre
western classical,concerto,subgenre
western classical,symphonic poem,subgenre
art song,orchestral song,subgenre
western classical,oratorio,subgenre
modern classical,stochastic music,subgenre
modern classical,sonorism,subgenre
sonorism,serialism,influenced by
sonorism,stochastic music,influenced by
serialism,integral serialism,subgenre
modern classical,totalism,subgenre
totalism,minimalism,influenced by
post-minimalism,folk,influenced by
post-minimalism,jazz,influenced by
modern classical,new complexity,subgenre
modern classical,musique concrète instrumentale,subgenre
modern classical,microtonal classical,subgenre
modern classical,expressionism,subgenre
western classical,medieval,subgenre
medieval,plainchant,subgenre
plainchant,ambrosian chant,subgenre
medieval,medieval lyric poetry,subgenre
waltz,valsa brasileira,subgenre
valsa brasileira,choro,influenced by
western classical,classical period,subgenre
march,circus march,subgenre
art song,mélodie,subgenre
art song,lied,subgenre
lied,romantic classical,influenced by
pop,traditional pop,subgenre
traditional pop,vocal jazz,influenced by
pop,orthodox pop,subgenre
western classical,brass band,subgenre
brass band,british brass band,subgenre
hindustani classical,natya sangeet,subgenre
hindustani classical,abhang,subgenre
folk,falak,subgenre
trap,sigilkore,subgenre
drill,jersey drill,subgenre
jersey drill,jersey club,influenced by
western classical,overture,subgenre
musical,chèo,subgenre
cumbia,cumbia colombiana,subgenre
jazz,indo jazz,subgenre
indo jazz,indian classical,influenced by
plunderphonics,ytpmv,subgenre
plunderphonics,mad,subgenre
pop,jesus music,subgenre
jesus music,contemporary folk,influenced by
jesus music,folk rock,influenced by
jesus music,psychedelic,influenced by
contemporary christian,jesus music,influenced by
folk,white voice,subgenre
zouk,afro-zouk,subgenre
afro-zouk,soukous,influenced by
house,changa tuki,subgenre
changa tuki,techno,influenced by
changa tuki,tribal house,influenced by
vude,country,influenced by
vude,disco,influenced by
vude,rock,influenced by
vude,sigidrigi,influenced by
beatboxing,hip hop,influenced by
riddim dubstep,future riddim,subgenre
future riddim,future bass,influenced by
future riddim,melodic dubstep,influenced by
western classical,prelude,subgenre
edm,glitch hop edm,subgenre
glitch hop edm,brostep,influenced by
glitch hop edm,electro house,influenced by
glitch hop edm,glitch hop,influenced by
glitch hop edm,neurohop,subgenre
folk,néo-trad,subgenre
psytrance,forest psytrance,subgenre
forest psytrance,dark psytrance,influenced by
nature sounds,animal sounds,subgenre
opera,romantische oper,subgenre
romantische oper,folk,influenced by
romantische oper,opéra comique,influenced by
ska punk,crack rock steady,subgenre
crack rock steady,crust punk,influenced by
crack rock steady,hardcore punk,influenced by
opera,verismo,subgenre
western classical,toccata,subgenre
drill,chicago drill,subgenre
industrial techno,birmingham sound,subgenre
birmingham sound,acid techno,influenced by
animal sounds,whale song,subgenre
kidandali,kadongo kamu,influenced by
kidandali,ragga,influenced by
folk,música criolla,subgenre
música criolla,festejo,subgenre
música criolla,landó,subgenre
música criolla,marinera,subgenre
música criolla,polca criolla,subgenre
polca criolla,polka,influenced by
música criolla,vals criollo,subgenre
isicathamiya,mbube,influenced by
alternative rock,geek rock,subgenre
geek rock,new wave,influenced by
geek rock,pop rock,influenced by
geek rock,power pop,influenced by
western classical,sonata,subgenre
folk,trampská hudba,subgenre
trampská hudba,bluegrass,influenced by
trampská hudba,country,influenced by
merengue,mambo urbano,subgenre
mambo urbano,hip hop,influenced by
mambo urbano,reggaeton,influenced by
animal sounds,birdsong,subgenre
full-on,night full-on,subgenre
orthodox pop,klezmer,influenced by
orthodox pop,nigun,influenced by
plugg,dark plugg,subgenre
opera,monodrama,subgenre
adhunik geet,ghazal,influenced by
adhunik geet,hindustani classical,influenced by
afrobeats,afropiano,subgenre
afropiano,amapiano,influenced by
western classical,fantasia,subgenre
merengue,merengue típico,subgenre
electronic,black midi,subgenre
folk,xuc,subgenre
tanjidor,marching band,influenced by
garage house,gospel house,subgenre
gospel house,gospel,influenced by
gospel house,spirituals,influenced by
church music,anglican chant,subgenre
church music,plainchant,subgenre
funk mandelão,funk automotivo,subgenre
church music,byzantine chant,subgenre
minimalism,holy minimalism,subgenre
holy minimalism,church music,influenced by
traditional pop,tin pan alley,subgenre
tin pan alley,ragtime,influenced by
tin pan alley,vaudeville,influenced by
nhạc đỏ,western classical,influenced by
western classical,baroque suite,subgenre
trap,no melody trap,subgenre
techno,hard techno,subgenre
hard techno,acid techno,influenced by
concerto,concerto grosso,subgenre
western classical,serenade,subgenre
canción melódica,música cebolla,subgenre
kidandali,soukous,influenced by
tecnofunk,funk brasileiro,fusion of
tecnofunk,tecnobrega,fusion of
vaporwave,slushwave,subgenre
slushwave,ambient,influenced by
edm,cruise,subgenre
cruise,amapiano,influenced by
cruise,gqom,influenced by
western classical,divertissement,subgenre
plainchant,mozarabic chant,subgenre
calypso,calipso venezolano,subgenre
hardcore techno,powerstomp,subgenre
powerstomp,hardstyle,influenced by
powerstomp,uk hardcore,influenced by
canzone d'autore,chanson française,influenced by
canzone d'autore,folk,influenced by
plainchant,beneventan chant,subgenre
modern hardtek,raggatek,subgenre
raggatek,dancehall,influenced by
raggatek,ragga,influenced by
raggatek,reggae,influenced by
folk,biraha,subgenre
progressive psytrance,zenonesque,subgenre
plainchant,old roman chant,subgenre
pop,pop minang,subgenre
march,funeral march,subgenre
flamenco,bulería,subgenre
funk automotivo,house,influenced by
kyivan chant,znamenny chant,influenced by
reggaeton,bachatón,subgenre
bachatón,bachata,influenced by
lambada,guitarrada,subgenre
kirtan,shabad kirtan,subgenre
western classical,sinfonia concertante,subgenre
sinfonia concertante,concerto,fusion of
sinfonia concertante,symphony,fusion of
concerto,concerto for orchestra,subgenre
contemporary folk,neofolklore,subgenre
nueva canción chilena,neofolklore,influenced by
mchiriku,ngoma,influenced by
singeli,mchiriku,influenced by
beat music,merseybeat,subgenre
ambient,kankyō ongaku,subgenre
electronic,sampledelia,subgenre
sampledelia,psychedelic,influenced by
d-beat,raw punk,subgenre
breakbeat,west coast breaks,subgenre
west coast breaks,breakbeat hardcore,influenced by
west coast breaks,progressive house,influenced by
west coast breaks,techno,influenced by
west coast breaks,trance,influenced by
edm,dark disco,subgenre
dark disco,disco,influenced by
dark disco,ebm,influenced by
dark disco,new beat,influenced by
western classical,cinematic classical,subgenre
cinematic classical,modern classical,influenced by
cinematic classical,romantic classical,influenced by
pop,pop kreatif,subgenre
pop kreatif,city pop,influenced by
orkes gambus,nasheed,influenced by
new age,native american new age,subgenre
new age,andean new age,subgenre
reggaeton,cumbiatón,subgenre
loud kei,deathcore,influenced by
house,melodic house,subgenre
melodic house,deep house,influenced by
melodic house,melodic techno,influenced by
melodic house,progressive house,influenced by
contemporary r&b,alternative r&b,subgenre
pop punk,neon pop punk,subgenre
hardcore techno,hyper techno,subgenre
hyper techno,belgian techno,influenced by
maloya,maloya élektrik,subgenre
maloya élektrik,afrobeat,influenced by
maloya élektrik,funk,influenced by
maloya élektrik,psychedelic,influenced by
hindustani classical,tappa,subgenre
trap,trap latino,subgenre
trap latino,alternative r&b,influenced by
trap latino,contemporary r&b,influenced by
trap latino,reggaeton,influenced by
house,uk jackin,subgenre
uk jackin,bassline,influenced by
zarzuela,género chico,subgenre
funk brasileiro,tamborzão,subgenre
tamborzão,miami bass,influenced by
funk brasileiro,funk de bh,subgenre
church music,zema,subgenre
denpa,moe song,subgenre
memphis rap,dungeon rap,subgenre
dungeon rap,dungeon synth,influenced by
trap soul,contemporary r&b,fusion of
trap soul,trap,fusion of
western classical,ricercar,subgenre
zarzuela,género grande,subgenre
merengue,tecnomerengue,subgenre
tecnomerengue,cumbia,influenced by
tecnomerengue,lambada,influenced by
house,jackin house,subgenre
jackin house,edm,influenced by
jackin house,funky house,influenced by
jazz guachaca,bolero,influenced by
jazz guachaca,corrido,influenced by
jazz guachaca,cueca,influenced by
jazz guachaca,jazz,influenced by
jazz guachaca,tango,influenced by
cumbia,cumbia chilena,subgenre
glitch hop edm,ghetto funk,subgenre
ghetto funk,funk,influenced by
ghetto funk,hip hop,influenced by
ghetto funk,soul,influenced by
pluggnb,asian rock,subgenre
slacker rock,shitgaze,subgenre
shitgaze,garage rock,influenced by
shitgaze,noise rock,influenced by
shitgaze,shoegaze,influenced by
zarzuela,zarzuela barroca,subgenre
western classical,concert band,subgenre
spirituals,ring shout,influenced by
dancehall,zess,subgenre
zess,soca,influenced by
poetry,cowboy poetry,subgenre
brostep,tearout brostep,subgenre
tearout brostep,deathstep,influenced by
soca,bashment soca,subgenre
bashment soca,dancehall,influenced by
neo-psychedelia,psichedelia occulta italiana,subgenre
turntablism,battle record,subgenre
afrobeats,alté,subgenre
hip hop,hipco,subgenre
genge,gengetone,subgenre
gengetone,reggaeton,influenced by
ballet,ballet de cour,subgenre
dubstep,tearout,subgenre
brostep,tearout,influenced by
plainchant,celtic chant,subgenre
breakbeat,psybreaks,subgenre
psybreaks,goa trance,influenced by
psybreaks,psytrance,influenced by
trap,regalia,subgenre
regalia,cloud rap,influenced by
regalia,plugg,influenced by
tech house,rominimal,subgenre
rominimal,microhouse,influenced by
rominimal,minimal techno,influenced by
hip hop,lowend,subgenre
lowend,bounce,influenced by
funk brasileiro,mega funk,subgenre
mega funk,brazilian bass,influenced by
mega funk,slap house,influenced by
hip hop,ratchet music,subgenre
ratchet music,crunk,influenced by
ratchet music,hyphy,influenced by
ratchet music,jerk rap,influenced by
ratchet music,snap,influenced by
hardcore techno,deathchant hardcore,subgenre
deathchant hardcore,breakbeat hardcore,influenced by
deathchant hardcore,gabber,influenced by
comedy hip hop,chap hop,subgenre
chap hop,music hall,influenced by
chap hop,nerdcore,influenced by
pop punk,seishun punk,subgenre
edm,ori deck,subgenre
ori deck,dubstep,influenced by
ori deck,moombahton,influenced by
modal jazz,jazz mugham,subgenre
jazz mugham,mugham,influenced by
wave,neo-grime,subgenre
neo-grime,grime,influenced by
hapa haole,jazz,influenced by
hapa haole,traditional pop,influenced by
andalusian classical,malouf,subgenre
staïfi,malouf,influenced by
rock,reggae rock,subgenre
reggae rock,reggae-pop,influenced by
reggae rock,roots reggae,influenced by
pop minang,talempong goyang,subgenre
talempong goyang,talempong,influenced by
folk,work song,subgenre
work song,aboio,subgenre
work song,sea shanty,subgenre
work song,shan'ge,subgenre
chinese opera,henan opera,subgenre
dancehall,gommance,subgenre
gommance,afro trap,influenced by
gommance,reggaeton,influenced by
vocal jazz,vocalese,subgenre
folk,fijiri,subgenre
folk rock,rock rural,subgenre
rock rural,country rock,influenced by
rock rural,mpb,influenced by
rock rural,sertanejo,influenced by
edm,dariacore,subgenre
dariacore,future bass,influenced by
dariacore,jersey club,influenced by
dariacore,nightcore,influenced by
brostep,briddim,subgenre
briddim,riddim dubstep,influenced by
contemporary folk,stomp and holler,subgenre
stomp and holler,folk pop,influenced by
stomp and holler,indie folk,influenced by
tân cổ giao duyên,cải lương,influenced by
tân cổ giao duyên,nhạc vàng,influenced by
tân cổ giao duyên,vietnamese bolero,influenced by
sound effects,broadband noise,subgenre
house,phonk house,subgenre
phonk house,drift phonk,influenced by
vaigat,country,influenced by
vaigat,swing,influenced by
vaigat,western,influenced by
chinese opera,yangzhou opera,subgenre
indie pop,tontipop,subgenre
tontipop,bubblegum pop,influenced by
tontipop,synth-pop,influenced by
tontipop,twee pop,influenced by
tontipop,yé-yé,influenced by
avanzada,guarania,fusion of
avanzada,polka paraguaya,fusion of
avanzada,bossa nova,influenced by
avanzada,mpb,influenced by
barbershop,jubilee,subgenre
jubilee,spirituals,influenced by
folk,isa,subgenre
folk,tonada asturiana,subgenre
tonada asturiana,lied,influenced by
jazz,spiritual jazz,subgenre
spiritual jazz,free jazz,influenced by
edm,aquacrunk,subgenre
aquacrunk,dubstep,influenced by
aquacrunk,grime,influenced by
post-metal,doomgaze,subgenre
doomgaze,doom metal,influenced by
doomgaze,drone metal,influenced by
doomgaze,shoegaze,influenced by
pop,t-pop,subgenre
funk brasileiro,funk carioca,subgenre
funk melody,funk carioca,influenced by
funk proibidão,funk carioca,influenced by
funk carioca,miami bass,influenced by
vaporwave,eccojams,subgenre
folk,new mexico music,subgenre
new mexico music,country,influenced by
loud kei,metalcore,influenced by
loud kei,nu metal,influenced by
islamic modal music,uyghur muqam,subgenre
hardcore techno,darkcore edm,subgenre
darkcore edm,gabber,influenced by
ballet,comédie-ballet,subgenre
comédie-ballet,ballet de cour,influenced by
hip hop,jersey club rap,subgenre
jersey club rap,jersey club,influenced by
grindcore,noisegrind,subgenre
noisegrind,noise,influenced by
jazz,kréyol djaz,subgenre
kréyol djaz,bélé,influenced by
kréyol djaz,biguine,influenced by
kréyol djaz,gwo ka,influenced by
metalcore,downtempo deathcore,subgenre
downtempo deathcore,deathcore,influenced by
funk brasileiro,eletrofunk,subgenre
eletrofunk,electro house,influenced by
plainchant,gallican chant,subgenre
forró eletrônico,forró de favela,subgenre
funk brasileiro,beat bolha,subgenre
beat bolha,funk carioca,influenced by
psychedelic folk,udigrudi,subgenre
children's music,lullaby,subgenre
funk brasileiro,beat fino,subgenre
hip hop,jerk,subgenre
jerk,jerk rap,influenced by
jerk,lowend,influenced by
jerk,plugg,influenced by
mantra,tibetan buddhist chant,subgenre
cubatón,reparto,subgenre
anglican chant,sarum chant,influenced by
gregorian chant,sarum chant,subgenre
folk,baguala,subgenre
guaracha santiagueña,chacarera,fusion of
guaracha santiagueña,chamamé,fusion of
guaracha santiagueña,cuarteto,influenced by
guaracha santiagueña,cumbia,influenced by
vaporwave,vapornoise,subgenre
vapornoise,drone,influenced by
vapornoise,glitch,influenced by
vapornoise,noise,influenced by
acholitronix,edm,influenced by
changjak gugak,western classical,influenced by
tin pan alley,parlour music,influenced by
trap,new jazz,subgenre
chazzanut,ashkenazi cantorial music,subgenre
ashkenazi cantorial music,western classical,influenced by
western classical,fugue,subgenre
heavy metal,us power metal,subgenre
funk mandelão,brazilian phonk,subgenre
brazilian phonk,beat bruxaria,influenced by
brazilian phonk,phonk house,influenced by
carnatic classical,konnakol,subgenre
poetry,ngâm thơ,subgenre
hindustani classical,tarana,subgenre
mbolé,bend-skin,influenced by
mbolé,bikutsi,influenced by
mbolé,makossa,influenced by
nhạc tiền chiến,tango,influenced by
nhạc tiền chiến,waltz,influenced by
nhạc vàng,nhạc tiền chiến,influenced by
hip hop,philly club rap,subgenre
philly club rap,philly club,influenced by
electronic,graphical sound,subgenre
trap,rage,subgenre
rage,cloud rap,influenced by
rage,digicore,influenced by
rage,future bass,influenced by
rage,plugg,influenced by
tradi-moderne ivoirien,congolese rumba,influenced by
tradi-moderne ivoirien,funk,influenced by
tradi-moderne ivoirien,highlife,influenced by
tradi-moderne ivoirien,jazz,influenced by
tradi-moderne ivoirien,soul,influenced by
hardcore techno,amigacore,subgenre
amigacore,gabber,influenced by
reparto,salsa,influenced by
garage rock,frat rock,subgenre
frat rock,r&b,influenced by
frat rock,rock and roll,influenced by
folk,ländlermusik,subgenre
javanese gamelan,gamelan surakarta,subgenre
edm,hypertechno,subgenre
house,stutter house,subgenre
stutter house,future garage,influenced by
stutter house,melodic house,influenced by
stutter house,progressive house,influenced by
harana,habanera,influenced by
harana,mariachi,influenced by
r&b,beach music,subgenre
beach music,pop,influenced by
beach music,soul,influenced by
bluegrass,traditional bluegrass,subgenre
black metal,dissonant black metal,subgenre
drill,new york drill,subgenre
new york drill,uk drill,influenced by
new york drill,sexy drill,subgenre
sexy drill,contemporary r&b,influenced by
new york drill,sample drill,subgenre
shaabi,raqs baladi,influenced by
gospel,urban contemporary gospel,subgenre
urban contemporary gospel,contemporary christian,influenced by
urban contemporary gospel,contemporary r&b,influenced by
urban contemporary gospel,hip hop,influenced by
brass band,dechovka,subgenre
funk brasileiro,trapfunk,subgenre
trapfunk,trap,influenced by
chanson française,chanson québécoise,subgenre
chanson québécoise,folk,influenced by
waltz,vals venezolano,subgenre
vals venezolano,joropo,influenced by
church music,russian orthodox liturgical music,subgenre
russian orthodox liturgical music,byzantine chant,influenced by
russian orthodox liturgical music,kyivan chant,subgenre
russian orthodox liturgical music,znamenny chant,subgenre
byzantine chant,sticheron,subgenre
byzantine chant,troparion,subgenre
byzantine chant,kontakion,subgenre
marching band,drum and bugle corps,subgenre
funk mandelão,ritmada,subgenre
go-go,bounce beat,subgenre
nóta,art song,influenced by
hindustani classical,klasik,subgenre
maloya,maloya électronique,subgenre
maloya électronique,edm,influenced by
house,jazz house,subgenre
jazz house,jazz,influenced by
western classical,capriccio,subgenre
noiadance,dutch house,fusion of
noiadance,funk brasileiro,fusion of
noiadance,latin house,influenced by
noiadance,moombahton,influenced by
muzika mizrahit,muzikat dika'on,subgenre
marching band,guggenmusik,subgenre
western classical,canzona,subgenre
soul,progressive soul,subgenre
brazilian phonk,funk automotivo,influenced by
breakbeat,funky breaks,subgenre
funky breaks,big beat,influenced by
funky breaks,funk,influenced by
funky breaks,soul,influenced by
c-pop,gufeng,subgenre
gufeng,zhongguo feng,influenced by
western classical,impromptu,subgenre
frevo,frevo de rua,subgenre
frevo,frevo de bloco,subgenre
frevo de bloco,marchinha,influenced by
cumbia peruana,cumbia amazónica,subgenre
cumbia amazónica,psychedelic rock,influenced by
cumbia amazónica,surf rock,influenced by
western classical,bagatelle,subgenre
marching band,beni,subgenre
frevo,frevo-canção,subgenre
western classical,character piece,subgenre
edm,post-dubstep,subgenre
post-dubstep,ambient,influenced by
post-dubstep,contemporary r&b,influenced by
post-dubstep,dubstep,influenced by
western classical,theme and variations,subgenre
chinese classical,nanguan,subgenre
cumbia sonidera,cumbia rebajada,subgenre
glam metal,sleaze rock,subgenre
sleaze rock,blues rock,influenced by
sleaze rock,glam punk,influenced by
poetry,punk poetry,subgenre
electro hop,house,influenced by
electro hop,southern hip hop,influenced by
speech,sermon,subgenre
noise rock,pigfuck,subgenre
pigfuck,no wave,influenced by
pigfuck,post-hardcore,influenced by
pigfuck,post-punk,influenced by
electronic,krushclub,subgenre
krushclub,edm,influenced by
krushclub,hexd,influenced by
guangdong yinyue,cantonese opera,influenced by
guangdong yinyue,quyi,influenced by
poetry,kakawin,subgenre
gangsta rap,scam rap,subgenre
scam rap,detroit trap,influenced by
regional mexicano,grupera,subgenre
modern hardtek,pumpcore,subgenre
lullaby,batonebi songs,subgenre
batonebi songs,iavnana,subgenre
sound collage,spamwave,subgenre
spamwave,noise,influenced by
spamwave,vaporwave,influenced by
q-pop,k-pop,influenced by
hauntology,ambient,influenced by
hands up,buchiage trance,subgenre
buchiage trance,eurobeat,influenced by
folk,scottish country dance music,subgenre
sovietwave,ambient,influenced by
sovietwave,progressive electronic,influenced by
rock,rock urbano mexicano,subgenre
rock urbano mexicano,blues rock,influenced by
rock urbano mexicano,folk rock,influenced by
rock urbano mexicano,hard rock,influenced by
gospel,praise break,subgenre
praise break,ring shout,influenced by
drill,free car music,subgenre
chinese opera,kunqu,subgenre
electro-disco,red disco,subgenre
twoubadou,guajira,influenced by
twoubadou,méringue,influenced by
dance-punk,dance-punk revival,subgenre
dance-punk revival,alternative dance,influenced by
dance-punk revival,edm,influenced by
dance-punk revival,hip hop,influenced by
dance-punk revival,post-punk revival,influenced by
metalcore,thall,subgenre
thall,djent,influenced by
thall,post-metal,influenced by
toypop,folk,influenced by
toypop,western classical,influenced by
pop,toytown pop,subgenre
toytown pop,psychedelic pop,influenced by
folk,trikitixa,subgenre
modern classical,process music,subgenre
sizhu music,jiangnan sizhu,subgenre
exotica,sitarsploitation,subgenre
edm,slimepunk,subgenre
slimepunk,brostep,influenced by
slimepunk,halftime,influenced by
slimepunk,trap edm,influenced by
indian pop,bhojpuri pop,subgenre
cumbia peruana,chicha,subgenre
chicha,guaracha,influenced by
chicha,huayno,influenced by
chicha,psychedelic rock,influenced by
chicha,salsa,influenced by
frevo,frevo elétrico,subgenre
twee pop,cuddlecore,subgenre
cuddlecore,garage rock,influenced by
cuddlecore,power pop,influenced by
plugg,ambient plugg,subgenre
ambient plugg,ambient,influenced by
psychedelic folk,wyrd folk,subgenre
reggaeton,romantic flow,subgenre
romantic flow,contemporary r&b,influenced by
romantic flow,latin pop,influenced by
drill,philly drill,subgenre
trance,hi-tech full-on,subgenre
hi-tech full-on,complextro,influenced by
hi-tech full-on,full-on,influenced by
afro house,3-step,subgenre
3-step,amapiano,influenced by
3-step,broken beat,influenced by
3-step,deep house,influenced by
western classical,passion setting,subgenre
garage rock,garage psych,subgenre
garage psych,psychedelic rock,influenced by
christian rock,xian psych,subgenre
xian psych,psychedelic pop,influenced by
xian psych,psychedelic rock,influenced by
nature sounds,rain sounds,subgenre
kwaito,bacardi,subgenre
bacardi,shangaan electro,influenced by
minimal drum and bass,microfunk,subgenre
microfunk,idm,influenced by
j-pop,wa euro,subgenre
wa euro,eurobeat,influenced by
wa euro,hi-nrg,influenced by
psychedelic,psychploitation,subgenre
edm,melodic bass,subgenre
melodic bass,future bass,influenced by
melodic bass,melodic dubstep,influenced by
pop rap,frat rap,subgenre
tassa,dhol tasha,influenced by
american gamelan,gamelan,fusion of
american gamelan,modern classical,fusion of
gangsta rap,mafioso rap,subgenre
minimal drum and bass,autonomic,subgenre
autonomic,dubstep,influenced by
autonomic,future garage,influenced by
maddahi,shoor,subgenre
new beat,hard beat,subgenre
hard beat,ebm,influenced by
hard beat,industrial,influenced by
hardcore techno,hard beat,influenced by
western classical,english pastoral school,subgenre
english pastoral school,folk,influenced by
western classical,concertina band,subgenre
concertina band,british brass band,influenced by
western classical,string quartet,subgenre
western classical,symphonic mugham,subgenre
symphonic mugham,mugham,influenced by
work song,haozi,subgenre
reggae,deejay,subgenre
dancehall,deejay,influenced by
hardstyle,nustyle,subgenre
nustyle,jumpstyle,influenced by
nustyle,nu style gabber,influenced by
country rock,cosmic country,subgenre
cosmic country,psychedelic rock,influenced by
worldbeat,folk,influenced by
hardstyle,early hardstyle,subgenre
early hardstyle,hard trance,influenced by
contemporary folk,loner folk,subgenre
huayno,chimayche,subgenre
plugg,terror plugg,subgenre
terror plugg,dark plugg,influenced by
pop,electro hop,subgenre
punk poetry,beat poetry,influenced by
punk poetry,dub poetry,influenced by
punk poetry,punk,influenced by
cumbia,cumbia salvadoreña,subgenre
cumbia salvadoreña,xuc,influenced by
drum and bass,deep drum and bass,subgenre
rock,beat rock,subgenre
beat rock,new wave,influenced by
beat rock,pop rock,influenced by
beat rock,punk rock,influenced by
visual kei,beat rock,influenced by
riddim dubstep,liquid riddim,subgenre
liquid riddim,downtempo,influenced by
liquid riddim,lo-fi hip hop,influenced by
pacific reggae,jawaiian,subgenre
chamamé,chamamé tropical,subgenre
chamamé tropical,cumbia,influenced by
bounce,sissy bounce,subgenre
hardcore techno,frapcore,subgenre
frapcore,gabber,influenced by
frapcore,hip hop,influenced by
chinese opera,sichuan opera,subgenre
hardcore punk,christian hardcore,subgenre
metalcore,progressive metalcore,subgenre
progressive metalcore,progressive metal,influenced by
son nica,ranchera,influenced by
son de pascua,villancico,influenced by
central asian throat singing,kai,subgenre
reggaeton,doble paso,subgenre
houston sound,chopped and screwed,influenced by
hardcore hip hop,chopper,subgenre
eurobeat,j-euro,subgenre
hip hop,stoner rap,subgenre
polka,chicago polka,subgenre
dancehall,trap dancehall,subgenre
trap dancehall,trap,influenced by
ragtime,ragtime song,subgenre
gangsta rap,coke rap,subgenre
drum and bass,technoid,subgenre
technoid,darkstep,influenced by
technoid,neurofunk,influenced by
technoid,techno,influenced by
city pop,neo-city pop,subgenre
work song,industrial folk song,subgenre
polka,eastern-style polka,subgenre
eastern-style polka,big band,influenced by
eastern-style polka,jazz,influenced by
eastern-style polka,swing,influenced by
jazz,sweet jazz,subgenre
sweet jazz,western classical,influenced by
surf,hot rod music,subgenre
hip hop,houston sound,subgenre
folk,turkish folk,subgenre
turkish folk,zeybek,subgenre
pop,turkish pop,subgenre
turkish pop,arabesk,influenced by
turkish pop,turkish folk,influenced by
ragtime,classic ragtime,subgenre
classic ragtime,western classical,influenced by
hungarian folk,csárdás,subgenre
hungarian folk,nóta,subgenre
folk,hungarian folk,subgenre
hungarian folk,pásztordal,subgenre
dark wave,neue deutsche todeskunst,subgenre
neue deutsche todeskunst,dark ambient,influenced by
neue deutsche todeskunst,gothic rock,influenced by
neue deutsche todeskunst,industrial,influenced by
modern classical,neoromanticism,subgenre
neoromanticism,expressionism,influenced by
neoromanticism,impressionism,influenced by
neoromanticism,romantic classical,influenced by
slowed & reverb,chopped and screwed,influenced by
slowed & reverb,vaporwave,influenced by
country pop,boyfriend country,subgenre
boyfriend country,contemporary r&b,influenced by
boyfriend country,soft rock,influenced by
funk brasileiro,funk consciente,subgenre
visual kei,soft visual,subgenre
sertanejo universitário,agronejo,subgenre
folk,drinking song,subgenre
folk,rabbit song,subgenre
work song,military cadence,subgenre
neon pop punk,electronic,influenced by
industrial rock,machine rock,subgenre
piyyut,zemirot,subgenre
uk garage,dark garage,subgenre
dark garage,drum and bass,influenced by
dark garage,dub,influenced by
dubstep,dark garage,influenced by
rawstyle,xtra raw,subgenre
xtra raw,uptempo hardcore,influenced by
hard rock,rock kapak,subgenre
rock kapak,glam metal,influenced by
rock kapak,heavy metal,influenced by
séga,traditional séga,subgenre
traditional séga,séga tambour,subgenre
spirituals,concert spiritual,subgenre
concert spiritual,western classical,influenced by
jazz,neo-bop,subgenre
neo-bop,modal jazz,influenced by
edm,neo rave,subgenre
neo rave,hard techno,influenced by
neo rave,hardstyle,influenced by
hip hop,samba rap,subgenre
samba rap,samba,influenced by
trance,trance 2.0,subgenre
trance 2.0,festival progressive house,influenced by
trance 2.0,melodic trance,influenced by
trance 2.0,progressive trance,influenced by
piosenka aktorska,cabaret,influenced by
piosenka aktorska,musical,influenced by
cueca,cueca brava,subgenre
tbm,ebm,fusion of
tbm,techno,fusion of
mugithi,benga,influenced by
mugithi,country,influenced by
avant-garde jazz,free funk,subgenre
jazz-funk,free funk,subgenre
free funk,free jazz,influenced by
free funk,funk,influenced by
synthwave,dreamwave,subgenre
dreamwave,ambient,influenced by
dreamwave,dream pop,influenced by
trance,electro trance,subgenre
electro trance,electro house,influenced by
electro trance,tech trance,influenced by
march,música festera,subgenre
waila,cumbia,influenced by
waila,norteño,influenced by
waila,polka,influenced by
art song,spiritual art song,subgenre
concert spiritual,spiritual art song,subgenre
post-hardcore,pop screamo,subgenre
pop screamo,alternative rock,influenced by
pop screamo,emo,influenced by
pop screamo,metalcore,influenced by
pop screamo,screamo,influenced by
edm,hardtekk,subgenre
hardtekk,hard techno,influenced by
hardtekk,hardstyle,influenced by
jazz,paramaribop,subgenre
paramaribop,bebop,influenced by
paramaribop,kaseko,influenced by
chinese classical,yanyue,subgenre
folk,nepali lok geet,subgenre
dungeon synth,keller synth,subgenre
keller synth,black metal,influenced by
synthwave,outrun,subgenre
outrun,electro house,influenced by
seresta,modinha,influenced by
seresta,serenade,influenced by
seresta,valsa brasileira,influenced by
huayno,chuscada,subgenre
russian orthodox liturgical music,valaam chant,subgenre
breakbeat hardcore,jungle techno,subgenre
jungle techno,techno,influenced by
jungle,jungle techno,influenced by
cumbia peruana,cumbia sureña peruana,subgenre
cumbia peruana,cumbia norteña peruana,subgenre
schlager,partyschlager,subgenre
partyschlager,edm,influenced by
traditional black gospel,gospel hymn,influenced by
garage punk,budget rock,subgenre
budget rock,rock and roll,influenced by
budget rock,surf rock,influenced by
mgodro,salegy,influenced by
progressive house,epic house,subgenre
epic house,progressive trance,influenced by
dungeon chip,bit music,influenced by
edm,toytown techno,subgenre
toytown techno,breakbeat,influenced by
toytown techno,jungle,influenced by
toytown techno,techno,influenced by
hardcore punk,tough guy hardcore,subgenre
tough guy hardcore,hip hop,influenced by
tough guy hardcore,metal,influenced by
tough guy hardcore,oi,influenced by
beatdown hardcore,tough guy hardcore,influenced by
j-core,hard renaissance,subgenre
hard renaissance,artcore,influenced by
hard renaissance,western classical,influenced by
bedoui wahrani,malhun,influenced by
ngoma,chakacha,subgenre
folk punk,rustic stomp,subgenre
rustic stomp,celtic punk,influenced by
rustic stomp,psychobilly,influenced by
huayno,huayno con arpa,subgenre
huayno con arpa,chicha,influenced by
classical crossover,operatic pop,subgenre
rock kapak,rock jiwang,subgenre
rock jiwang,pop rock,influenced by
new beat,skizzo,subgenre
skizzo,techno,influenced by
harsh noise,cut-up noise,subgenre
medieval lyric poetry,minnesang,subgenre
jibonmukhi gaan,contemporary folk,influenced by
jibonmukhi gaan,singer-songwriter,influenced by
cumbia,tecnocumbia,subgenre
gabber,dutch trancecore,subgenre
dutch trancecore,hard trance,influenced by
dutch trancecore,psytrance,influenced by
freeform hardcore,dutch trancecore,influenced by
folk,fahrtenlied,subgenre
reggae,reggae panameño,subgenre
reggae panameño,dancehall,influenced by
reggaeton,reggae panameño,influenced by
cumbia,cachaca,subgenre
cachaca,cumbia colombiana,influenced by
cachaca,cumbia mexicana,influenced by
cachaca,grupera,influenced by
cumbia peruana,cumbia sanjuanera,subgenre
cumbia sanjuanera,sanjuanito,influenced by
medieval lyric poetry,troubadour song,subgenre
minnesang,troubadour song,influenced by
post-hardcore,progressive post-hardcore,subgenre
progressive post-hardcore,swancore,subgenre
